v -23.618706 37.797527 16.957193
v -23.618690 55.094208 0.046104
v -23.618706 24.445940 16.957193
v -24.239044 23.186304 17.577534
v -24.239044 24.445940 17.577534
v -21.898670 23.186304 15.234315
v -23.618706 24.445940 16.957193
v 23.474739 37.797527 16.957235
v 23.474739 24.445940 16.957235
v 24.095078 24.445940 17.577576
v 24.095078 23.186304 17.577576
v 23.474739 24.445940 16.957235
v 21.754707 23.186304 15.234353
v -21.898670 5.821929 15.234314
v 21.754707 5.821929 15.234352
v -23.799232 5.821929 17.218403
v 23.655266 5.821929 17.218445
v -23.799232 -0.045213 17.218403
v 23.655266 -0.045213 17.218445
v -24.239029 23.186304 0.046102
v 23.474754 55.094208 0.046145
v 24.095093 23.186304 0.046144
v 23.474754 24.445940 0.046144
v 26.584898 37.100075 18.533083
v -26.584927 37.100075 18.533031
v 26.584898 36.658875 18.079575
v -26.584927 36.658875 18.079527
v 26.584911 55.856987 0.046148
v -26.584900 55.856972 0.046102
v 26.584908 55.077003 0.046148
v -23.618675 24.445940 -16.864988
v -23.618675 37.797527 -16.864988
v -23.618690 24.445940 0.046103
v 24.095108 23.186304 -17.485287
v 24.095108 24.445940 -17.485287
v -24.239014 24.445940 -17.485329
v -24.239014 23.186304 -17.485329
v -24.239029 24.445940 0.046102
v -21.898657 23.186304 0.046104
v -21.898643 23.186304 -15.142106
v 23.474770 24.445940 -16.864946
v 23.474770 37.797527 -16.864946
v 24.095093 24.445940 0.046144
v 23.474770 24.445940 -16.864946
v -23.618675 24.445940 -16.864988
v 21.754734 23.186304 -15.142068
v 21.754721 23.186304 0.046142
v -21.898657 5.821930 0.046104
v -21.898643 5.821930 -15.142107
v 21.754734 5.821930 -15.142069
v -23.799202 5.821931 -17.126202
v 23.655296 5.821931 -17.126160
v -23.799217 5.821930 0.046102
v -23.799202 -0.045211 -17.126202
v 23.655296 -0.045211 -17.126160
v -23.799217 -0.045212 0.046102
v 21.754721 5.821930 0.046142
v 23.655281 5.821930 0.046143
v 23.655281 -0.045212 0.046143
v -26.584896 37.100075 -18.440830
v 26.584929 37.100075 -18.440790
v -26.584896 36.658875 -17.987326
v 26.584929 36.658875 -17.987282
v -26.584900 55.076996 0.046102
v -24.609365 23.184519 15.882886
v -22.568560 23.184519 15.882888
v -24.609367 23.184519 17.923697
v -22.568562 23.184519 17.923698
v -24.609365 39.040054 15.882884
v -22.568560 39.040054 15.882886
v -24.609367 36.918629 17.923697
v -22.568562 36.918629 17.923698
v 24.465403 23.184519 15.882928
v 22.424597 23.184519 15.882926
v 24.465401 23.184519 17.923738
v 22.424595 23.184519 17.923737
v 24.465403 39.040054 15.882926
v 22.424597 39.040054 15.882924
v 24.465401 36.918629 17.923738
v 22.424595 36.918629 17.923737
v -24.609339 23.184519 -15.790681
v -22.568533 23.184519 -15.790679
v -24.609337 23.184519 -17.831491
v -22.568531 23.184519 -17.831490
v -24.609339 39.040054 -15.790683
v -22.568533 39.040054 -15.790681
v -24.609337 36.918629 -17.831491
v -22.568531 36.918629 -17.831490
v 24.465429 23.184519 -15.790639
v 22.424623 23.184519 -15.790641
v 24.465431 23.184519 -17.831450
v 22.424625 23.184519 -17.831451
v 24.465429 39.040054 -15.790641
v 22.424623 39.040054 -15.790643
v 24.465431 36.918629 -17.831450
v 22.424625 36.918629 -17.831451
v -24.983618 34.661705 -20.269281
v -23.626322 34.661705 -20.269281
v -24.983618 36.018997 -20.269281
v -23.626322 36.018997 -20.269281
v -24.983652 34.661709 20.269239
v -23.626356 34.661709 20.269239
v -24.983652 36.019001 20.269239
v -23.626356 36.019001 20.269239
v 25.601551 34.471298 16.960581
v 25.601551 34.471298 18.698698
v 25.601551 36.209415 16.960581
v 25.601551 36.209415 18.698698
v -25.613298 34.471298 16.960535
v -25.613298 34.471298 18.698652
v -25.613298 36.209415 16.960535
v -25.613298 36.209415 18.698652
v 25.601582 34.471298 -16.868288
v 25.601582 34.471298 -18.606405
v 25.601582 36.209415 -16.868288
v 25.601582 36.209415 -18.606405
v -25.613268 34.471298 -16.868334
v -25.613268 34.471298 -18.606451
v -25.613268 36.209415 -16.868334
v -25.613268 36.209415 -18.606451
v 24.839716 34.661705 -20.269239
v 23.482420 34.661705 -20.269239
v 24.839716 36.018997 -20.269239
v 23.482420 36.018997 -20.269239
v 24.839682 34.661709 20.269281
v 23.482386 34.661709 20.269281
v 24.839682 36.019001 20.269281
v 23.482386 36.019001 20.269281
v -22.337317 10.019365 15.672960
v -22.337317 9.142075 15.672960
v 22.193354 10.019365 15.672998
v 22.193354 9.142075 15.672998
v -21.898670 10.019365 15.234314
v 21.754707 10.019365 15.234352
v -21.898670 9.142075 15.234314
v 21.754707 9.142075 15.234352
v -22.337317 6.671312 15.672960
v -22.337317 5.794021 15.672960
v 22.193354 6.671312 15.672998
v 22.193354 5.794021 15.672998
v -21.898670 6.671312 15.234314
v 21.754707 6.671312 15.234352
v -22.337303 10.019366 0.046103
v 22.193367 9.142076 0.046142
v 21.754721 10.019366 0.046141
v -21.898657 9.142076 0.046104
v -22.337303 5.794022 0.046103
v 21.754721 6.671312 0.046141
v -22.337290 10.019367 -15.580753
v 22.193380 10.019367 -15.580715
v 21.754734 10.019367 -15.142069
v -21.898643 10.019367 -15.142107
v -22.337290 9.142076 -15.580753
v 22.193380 9.142076 -15.580715
v 22.193367 10.019366 0.046142
v -21.898643 9.142076 -15.142107
v -22.337303 9.142076 0.046103
v 21.754734 9.142076 -15.142069
v -22.337290 6.671313 -15.580753
v 22.193380 6.671313 -15.580715
v 21.754734 6.671313 -15.142069
v -21.898643 6.671313 -15.142107
v -22.337290 5.794022 -15.580753
v 22.193380 5.794022 -15.580715
v 22.193367 6.671312 0.046142
v 22.193367 5.794022 0.046142
v -21.898657 10.019366 0.046104
v 21.754721 9.142076 0.046141
v -22.337303 6.671312 0.046103
v -21.898657 6.671312 0.046103
v -22.203524 6.673086 14.559793
v -22.203524 6.673086 15.220367
v -21.885174 6.673086 14.559795
v -21.885174 6.673086 15.220368
v -22.203524 9.140797 14.559793
v -22.203524 9.140797 15.220367
v -21.885174 9.140797 14.559795
v -21.885174 9.140797 15.220368
v -22.203516 6.673086 7.590819
v -22.203518 6.673086 8.251391
v -21.885166 6.673086 7.590819
v -21.885168 6.673086 8.251391
v -22.203516 9.140798 7.590819
v -22.203518 9.140798 8.251391
v -21.885166 9.140798 7.590819
v -21.885168 9.140798 8.251391
v -22.203510 6.673086 -0.284605
v -22.203510 6.673086 0.375969
v -21.885160 6.673086 -0.284605
v -21.885160 6.673086 0.375969
v -22.203510 9.140798 -0.284605
v -22.203510 9.140798 0.375969
v -21.885160 9.140798 -0.284604
v -21.885160 9.140798 0.375969
v -22.203503 6.673087 -8.223389
v -22.203505 6.673087 -7.562815
v -21.885153 6.673087 -8.223389
v -21.885155 6.673087 -7.562815
v -22.203503 9.140798 -8.223389
v -22.203505 9.140798 -7.562815
v -21.885153 9.140798 -8.223389
v -21.885155 9.140798 -7.562815
v -22.203497 6.673087 -15.123198
v -22.203497 6.673087 -14.462627
v -21.885147 6.673087 -15.123198
v -21.885147 6.673087 -14.462627
v -22.203497 9.140799 -15.123198
v -22.203497 9.140799 -14.462627
v -21.885147 9.140799 -15.123198
v -21.885147 9.140799 -14.462627
v -21.880442 6.673087 -15.457680
v -21.219868 6.673087 -15.457679
v -21.880442 6.673087 -15.139330
v -21.219868 6.673087 -15.139329
v -21.880442 9.140799 -15.457680
v -21.219868 9.140799 -15.457679
v -21.880442 9.140799 -15.139330
v -21.219868 9.140799 -15.139329
v -12.445017 6.673087 -15.457671
v -11.784444 6.673087 -15.457671
v -12.445017 6.673087 -15.139321
v -11.784444 6.673087 -15.139321
v -12.445017 9.140799 -15.457671
v -11.784444 9.140799 -15.457671
v -12.445017 9.140799 -15.139321
v -11.784444 9.140799 -15.139321
v -0.860794 6.673087 -15.457662
v -0.200220 6.673087 -15.457661
v -0.860794 6.673087 -15.139312
v -0.200221 6.673087 -15.139311
v -0.860794 9.140799 -15.457662
v -0.200220 9.140799 -15.457661
v -0.860794 9.140799 -15.139312
v -0.200221 9.140799 -15.139311
v 8.808097 6.673087 -15.457653
v 9.468670 6.673087 -15.457652
v 8.808097 6.673087 -15.139303
v 9.468670 6.673087 -15.139302
v 8.808097 9.140799 -15.457653
v 9.468670 9.140799 -15.457652
v 8.808097 9.140799 -15.139303
v 9.468670 9.140799 -15.139302
v 21.031746 6.673087 -15.457643
v 21.692320 6.673087 -15.457642
v 21.031746 6.673087 -15.139293
v 21.692320 6.673087 -15.139292
v 21.031746 9.140799 -15.457643
v 21.692320 9.140799 -15.457642
v 21.031746 9.140799 -15.139293
v 21.692320 9.140799 -15.139292
v -21.880468 6.673086 15.549887
v -21.219894 6.673086 15.549888
v -21.880468 6.673086 15.231537
v -21.219894 6.673086 15.231538
v -21.880468 9.140797 15.549887
v -21.219894 9.140797 15.549888
v -21.880468 9.140797 15.231537
v -21.219894 9.140797 15.231538
v -12.445044 6.673086 15.549895
v -11.784471 6.673086 15.549895
v -12.445044 6.673086 15.231545
v -11.784471 6.673086 15.231545
v -12.445044 9.140797 15.549895
v -11.784471 9.140797 15.549895
v -12.445044 9.140797 15.231545
v -11.784471 9.140797 15.231545
v -0.860821 6.673086 15.549905
v -0.200247 6.673086 15.549906
v -0.860820 6.673086 15.231555
v -0.200247 6.673086 15.231556
v -0.860821 9.140797 15.549905
v -0.200247 9.140797 15.549906
v -0.860820 9.140797 15.231555
v -0.200247 9.140797 15.231556
v 8.808070 6.673086 15.549913
v 9.468643 6.673086 15.549914
v 8.808070 6.673086 15.231564
v 9.468643 6.673086 15.231565
v 8.808070 9.140797 15.549913
v 9.468643 9.140797 15.549914
v 8.808070 9.140797 15.231564
v 9.468643 9.140797 15.231565
v 21.031719 6.673086 15.549924
v 21.692293 6.673086 15.549925
v 21.031719 6.673086 15.231574
v 21.692293 6.673086 15.231575
v 21.031719 9.140797 15.549924
v 21.692293 9.140797 15.549925
v 21.031719 9.140797 15.231574
v 21.692293 9.140797 15.231575
v 22.203497 6.673086 14.559834
v 22.203497 6.673086 15.220407
v 21.885145 6.673086 14.559834
v 21.885145 6.673086 15.220407
v 22.203497 9.140797 14.559834
v 22.203497 9.140797 15.220407
v 21.885145 9.140797 14.559834
v 21.885145 9.140797 15.220407
v 22.203505 6.673086 7.590857
v 22.203503 6.673086 8.251430
v 21.885153 6.673086 7.590857
v 21.885151 6.673086 8.251430
v 22.203505 9.140798 7.590857
v 22.203503 9.140798 8.251430
v 21.885153 9.140798 7.590857
v 21.885151 9.140798 8.251430
v 22.203510 6.673086 -0.284566
v 22.203510 6.673086 0.376007
v 21.885159 6.673086 -0.284567
v 21.885159 6.673086 0.376007
v 22.203510 9.140798 -0.284566
v 22.203510 9.140798 0.376007
v 21.885159 9.140798 -0.284567
v 21.885159 9.140798 0.376007
v 22.203518 6.673087 -8.223351
v 22.203516 6.673087 -7.562777
v 21.885166 6.673087 -8.223351
v 21.885164 6.673087 -7.562777
v 22.203518 9.140798 -8.223351
v 22.203516 9.140798 -7.562777
v 21.885166 9.140798 -8.223351
v 21.885164 9.140798 -7.562777
v 22.203526 6.673087 -15.123159
v 22.203526 6.673087 -14.462589
v 21.885176 6.673087 -15.123159
v 21.885176 6.673087 -14.462589
v 22.203526 9.140799 -15.123159
v 22.203526 9.140799 -14.462589
v 21.885176 9.140799 -15.123159
v 21.885176 9.140799 -14.462589
v 9.571359 5.780298 15.216650
v 17.003763 5.780298 15.216656
v 9.571359 18.560747 15.216651
v 17.003763 18.560747 15.216657
v 9.571358 5.780297 16.584627
v 17.003761 5.780297 16.584635
v 9.571358 18.560747 16.584629
v 17.003761 18.560747 16.584637
v 10.711049 5.780471 16.584629
v 15.864069 5.780471 16.584633
v 15.864069 17.421055 16.584635
v 10.711049 17.421055 16.584631
v 10.711049 5.780471 16.024502
v 15.864069 5.780471 16.024506
v 15.864069 17.421055 16.024506
v 10.711049 17.421055 16.024502
v 2.870201 18.502964 16.166859
v 1.731321 17.364082 16.166859
v 1.731322 17.364084 15.620292
v 2.870202 18.502964 15.210854
v -2.764923 18.502964 16.166855
v -1.626043 17.364084 16.166855
v -1.626043 17.364082 15.620289
v -2.764922 18.502964 15.210848
v -2.764923 11.589089 16.166855
v -1.626043 12.727969 16.166855
v -1.626043 12.727969 15.620289
v -2.764922 11.589089 15.210848
v 2.870201 11.589089 16.166859
v 1.731321 12.727969 16.166859
v 1.731322 12.727970 15.620292
v 2.870202 11.589089 15.210854
v 22.829155 49.555130 -6.178736
v 22.829184 37.670704 -32.511631
v -14.084121 49.555130 -6.178770
v -14.084093 37.670704 -32.511662
v 22.829155 48.978432 -5.918463
v 22.829184 37.094006 -32.251354
v -14.084122 48.978432 -5.918498
v -14.084094 37.094006 -32.251389
v 19.547956 0.000001 -28.488119
v 20.928024 0.000001 -28.488117
v 19.547958 0.000001 -29.868187
v 20.928026 0.000001 -29.868185
v 19.547956 38.833935 -28.488117
v 20.928024 38.833935 -28.488115
v 19.547958 38.208397 -29.868185
v 20.928026 38.208397 -29.868183
v 21.480606 28.198839 -16.789942
v 20.141050 28.198839 -16.789944
v 20.141050 27.605255 -16.789944
v 21.480606 27.605255 -16.789942
v 21.480619 28.198841 -30.420218
v 20.141066 28.198841 -29.080664
v 20.141066 27.605257 -29.080664
v 21.480619 27.605257 -30.420218
v 20.473040 27.605257 -29.412638
v 21.148645 27.605257 -30.088242
v 21.148630 27.605255 -16.789942
v 20.473026 27.605255 -16.789944
v 21.148630 24.423761 -16.789942
v 20.473024 24.423761 -16.789944
v 20.473040 24.423763 -29.412638
v 21.148643 24.423763 -30.088240
v 21.602570 23.178026 -17.467081
v 21.602581 23.178028 -30.560493
v 21.602570 24.442720 -17.467081
v 21.602581 24.442722 -30.560493
v -10.737420 0.000001 -28.488146
v -12.117489 0.000001 -28.488148
v -12.117489 38.833935 -28.488146
v -10.737420 38.833935 -28.488144
v -12.117488 0.000001 -29.868216
v -12.117488 38.208397 -29.868214
v -10.737419 0.000001 -29.868214
v -10.737419 38.208397 -29.868212
v -12.670090 28.198839 -16.789972
v -12.670083 28.198841 -30.420248
v -11.330529 28.198841 -29.080690
v -11.330534 28.198839 -16.789970
v -11.330529 27.605257 -29.080690
v -11.330534 27.605255 -16.789970
v -12.670090 27.605255 -16.789972
v -12.670083 27.605257 -30.420248
v 4.405269 28.198841 -30.420233
v 4.405268 28.198841 -29.080677
v 4.405268 27.605257 -29.080677
v 4.405269 27.605257 -30.420233
v -12.338106 27.605257 -30.088272
v -12.338115 27.605255 -16.789972
v -11.662511 27.605255 -16.789970
v -11.662505 27.605257 -29.412664
v 4.405268 27.605257 -29.412651
v -11.662505 24.423763 -29.412664
v -11.662509 24.423761 -16.789970
v 4.405268 24.423763 -29.412651
v -12.338112 24.423761 -16.789972
v -12.338106 24.423763 -30.088270
v 4.405269 27.605257 -30.088257
v 4.405269 24.423763 -30.088255
v -12.792052 23.178026 -17.467112
v -12.792044 23.178028 -30.560524
v -12.792044 24.442722 -30.560524
v -12.792052 24.442720 -17.467112
v 4.405270 23.178028 -30.560509
v 4.405270 24.442722 -30.560509
v 4.405258 23.178026 -17.467096
v 4.405258 24.442720 -17.467096
v -26.779005 54.961411 0.028071
v -26.779005 55.228264 0.672320
v -26.779005 55.872520 0.939176
v -26.779005 56.516762 0.672320
v -26.779005 56.783623 0.028072
v -26.779005 56.516762 -0.616176
v -26.779005 55.872520 -0.883032
v -26.779005 55.228264 -0.616176
v 26.858250 54.961418 0.028119
v 26.858250 55.228271 0.672366
v 26.858250 55.872520 0.939223
v 26.858250 56.516769 0.672366
v 26.858250 56.783630 0.028119
v 26.858250 56.516769 -0.616131
v 26.858250 55.872520 -0.882985
v 26.858250 55.228271 -0.616129
v -24.209023 23.183746 -13.512172
v -24.208998 22.469128 -13.512172
v -23.713276 22.363174 -13.512172
v -23.292601 22.068216 -13.512171
v -22.960730 21.618599 -13.512171
v -22.743013 21.048676 -13.512171
v -22.664806 20.024818 -13.512171
v -22.664806 18.614172 -13.512171
v -21.879431 18.614172 -13.512170
v -21.879431 23.183746 -13.512170
v -24.209021 23.183746 -15.093949
v -24.208996 22.469128 -15.093949
v -23.713274 22.363174 -15.093949
v -23.292599 22.068216 -15.093948
v -22.960728 21.618599 -15.093948
v -22.743011 21.048676 -15.093948
v -22.664804 20.024818 -15.093948
v -22.664804 18.614172 -15.093948
v -21.879429 18.614172 -15.093947
v -21.879429 23.183746 -15.093947
v -24.209028 23.183746 -6.462197
v -24.209003 22.469126 -6.462197
v -23.713282 22.363174 -6.462196
v -23.292606 22.068216 -6.462196
v -22.960735 21.618599 -6.462196
v -22.743019 21.048674 -6.462195
v -22.664812 20.024817 -6.462195
v -22.664812 18.614172 -6.462195
v -21.879436 18.614172 -6.462195
v -21.879436 23.183746 -6.462195
v -24.209026 23.183746 -8.043974
v -24.209002 22.469128 -8.043974
v -23.713280 22.363174 -8.043974
v -23.292604 22.068216 -8.043973
v -22.960733 21.618599 -8.043973
v -22.743017 21.048674 -8.043973
v -22.664810 20.024817 -8.043973
v -22.664810 18.614172 -8.043973
v -21.879435 18.614172 -8.043972
v -21.879435 23.183746 -8.043972
v -24.209034 23.183746 0.843284
v -24.209009 22.469126 0.843284
v -23.713287 22.363174 0.843284
v -23.292612 22.068214 0.843285
v -22.960741 21.618599 0.843285
v -22.743025 21.048674 0.843285
v -22.664818 20.024817 0.843285
v -22.664818 18.614172 0.843285
v -21.879442 18.614172 0.843286
v -21.879442 23.183746 0.843286
v -24.209034 23.183746 -0.738493
v -24.209009 22.469126 -0.738493
v -23.713287 22.363174 -0.738493
v -23.292612 22.068216 -0.738493
v -22.960741 21.618599 -0.738492
v -22.743025 21.048674 -0.738492
v -22.664818 20.024817 -0.738492
v -22.664818 18.614172 -0.738492
v -21.879442 18.614172 -0.738491
v -21.879442 23.183746 -0.738491
v -24.209042 23.183744 8.774349
v -24.209017 22.469126 8.774349
v -23.713295 22.363174 8.774349
v -23.292620 22.068214 8.774350
v -22.960749 21.618599 8.774350
v -22.743032 21.048674 8.774350
v -22.664825 20.024817 8.774350
v -22.664825 18.614172 8.774350
v -21.879450 18.614172 8.774351
v -21.879450 23.183744 8.774351
v -24.209040 23.183744 7.192572
v -24.209015 22.469126 7.192572
v -23.713293 22.363174 7.192573
v -23.292618 22.068214 7.192573
v -22.960747 21.618599 7.192573
v -22.743031 21.048674 7.192574
v -22.664824 20.024817 7.192574
v -22.664824 18.614172 7.192574
v -21.879448 18.614172 7.192574
v -21.879448 23.183744 7.192574
v -24.209047 23.183744 15.201975
v -24.209023 22.469126 15.201975
v -23.713301 22.363173 15.201975
v -23.292625 22.068214 15.201976
v -22.960754 21.618599 15.201976
v -22.743038 21.048674 15.201976
v -22.664831 20.024817 15.201976
v -22.664831 18.614170 15.201976
v -21.879456 18.614170 15.201977
v -21.879456 23.183744 15.201977
v -24.209045 23.183744 13.620197
v -24.209021 22.469126 13.620197
v -23.713299 22.363173 13.620197
v -23.292624 22.068214 13.620198
v -22.960752 21.618599 13.620198
v -22.743036 21.048674 13.620198
v -22.664829 20.024817 13.620198
v -22.664829 18.614170 13.620198
v -21.879454 18.614170 13.620199
v -21.879454 23.183744 13.620199
v 24.083025 23.183746 -13.512130
v 24.083000 22.469128 -13.512130
v 23.587278 22.363174 -13.512131
v 23.166603 22.068216 -13.512131
v 22.834732 21.618599 -13.512131
v 22.617016 21.048676 -13.512131
v 22.538811 20.024818 -13.512132
v 22.538811 18.614172 -13.512132
v 21.753433 18.614172 -13.512132
v 21.753433 23.183746 -13.512132
v 24.083027 23.183746 -15.093907
v 24.083002 22.469128 -15.093907
v 23.587280 22.363174 -15.093908
v 23.166605 22.068216 -15.093908
v 22.834734 21.618599 -15.093908
v 22.617018 21.048676 -15.093908
v 22.538813 20.024818 -15.093909
v 22.538813 18.614172 -15.093909
v 21.753435 18.614172 -15.093909
v 21.753435 23.183746 -15.093909
v 24.083019 23.183746 -6.462155
v 24.082994 22.469126 -6.462155
v 23.587273 22.363174 -6.462155
v 23.166597 22.068216 -6.462156
v 22.834726 21.618599 -6.462156
v 22.617010 21.048674 -6.462156
v 22.538805 20.024817 -6.462156
v 22.538805 18.614172 -6.462156
v 21.753428 18.614172 -6.462157
v 21.753428 23.183746 -6.462157
v 24.083021 23.183746 -8.043932
v 24.082996 22.469128 -8.043932
v 23.587275 22.363174 -8.043933
v 23.166599 22.068216 -8.043933
v 22.834728 21.618599 -8.043933
v 22.617012 21.048674 -8.043933
v 22.538807 20.024817 -8.043934
v 22.538807 18.614172 -8.043934
v 21.753429 18.614172 -8.043934
v 21.753429 23.183746 -8.043934
v 24.083014 23.183746 0.843326
v 24.082989 22.469126 0.843326
v 23.587267 22.363174 0.843325
v 23.166592 22.068214 0.843325
v 22.834721 21.618599 0.843325
v 22.617004 21.048674 0.843325
v 22.538799 20.024817 0.843324
v 22.538799 18.614172 0.843324
v 21.753422 18.614172 0.843324
v 21.753422 23.183746 0.843324
v 24.083014 23.183746 -0.738451
v 24.082989 22.469126 -0.738451
v 23.587267 22.363174 -0.738452
v 23.166592 22.068216 -0.738452
v 22.834721 21.618599 -0.738453
v 22.617004 21.048674 -0.738453
v 22.538799 20.024817 -0.738453
v 22.538799 18.614172 -0.738453
v 21.753422 18.614172 -0.738454
v 21.753422 23.183746 -0.738453
v 24.083006 23.183744 8.774391
v 24.082981 22.469126 8.774391
v 23.587259 22.363174 8.774390
v 23.166584 22.068214 8.774390
v 22.834713 21.618599 8.774390
v 22.616997 21.048674 8.774390
v 22.538792 20.024817 8.774389
v 22.538792 18.614172 8.774389
v 21.753414 18.614172 8.774389
v 21.753414 23.183744 8.774389
v 24.083008 23.183744 7.192614
v 24.082983 22.469126 7.192614
v 23.587261 22.363174 7.192614
v 23.166586 22.068214 7.192613
v 22.834715 21.618599 7.192613
v 22.616999 21.048674 7.192613
v 22.538794 20.024817 7.192613
v 22.538794 18.614172 7.192613
v 21.753416 18.614172 7.192612
v 21.753416 23.183744 7.192612
v 24.083000 23.183744 15.202017
v 24.082975 22.469126 15.202017
v 23.587254 22.363173 15.202016
v 23.166578 22.068214 15.202016
v 22.834707 21.618599 15.202016
v 22.616991 21.048674 15.202016
v 22.538786 20.024817 15.202015
v 22.538786 18.614170 15.202015
v 21.753408 18.614170 15.202015
v 21.753408 23.183744 15.202015
v 24.083002 23.183744 13.620239
v 24.082977 22.469126 13.620239
v 23.587255 22.363173 13.620238
v 23.166580 22.068214 13.620238
v 22.834709 21.618599 13.620238
v 22.616993 21.048674 13.620238
v 22.538788 20.024817 13.620237
v 22.538788 18.614170 13.620237
v 21.753410 18.614170 13.620237
v 21.753410 23.183744 13.620237
v -20.170656 23.183748 -17.458384
v -20.170656 22.469128 -17.458361
v -20.170656 22.363176 -16.962637
v -20.170656 22.068218 -16.541962
v -20.170658 21.618601 -16.210093
v -20.170658 21.048676 -15.992374
v -20.170658 20.024818 -15.914169
v -20.170658 18.614174 -15.914169
v -20.170658 18.614174 -15.128793
v -20.170658 23.183748 -15.128793
v -21.752434 23.183748 -17.458385
v -21.752434 22.469128 -17.458363
v -21.752434 22.363176 -16.962639
v -21.752434 22.068218 -16.541964
v -21.752436 21.618601 -16.210094
v -21.752436 21.048676 -15.992376
v -21.752436 20.024818 -15.914171
v -21.752436 18.614174 -15.914171
v -21.752436 18.614174 -15.128795
v -21.752436 23.183748 -15.128795
v -9.824841 23.183746 -17.458374
v -9.824841 22.469128 -17.458349
v -9.824842 22.363176 -16.962626
v -9.824842 22.068216 -16.541950
v -9.824842 21.618601 -16.210081
v -9.824842 21.048676 -15.992366
v -9.824843 20.024818 -15.914159
v -9.824843 18.614174 -15.914159
v -9.824843 18.614174 -15.128783
v -9.824843 23.183746 -15.128783
v -11.406621 23.183746 -17.458376
v -11.406621 22.469128 -17.458351
v -11.406622 22.363176 -16.962627
v -11.406622 22.068216 -16.541952
v -11.406622 21.618601 -16.210083
v -11.406622 21.048676 -15.992367
v -11.406623 20.024818 -15.914160
v -11.406623 18.614174 -15.914160
v -11.406623 18.614174 -15.128784
v -11.406623 23.183746 -15.128784
v 0.921306 23.183746 -17.458364
v 0.921306 22.469128 -17.458340
v 0.921306 22.363174 -16.962616
v 0.921306 22.068216 -16.541943
v 0.921305 21.618601 -16.210072
v 0.921305 21.048676 -15.992354
v 0.921305 20.024818 -15.914148
v 0.921305 18.614174 -15.914148
v 0.921304 18.614174 -15.128772
v 0.921304 23.183746 -15.128772
v -0.660474 23.183746 -17.458364
v -0.660474 22.469128 -17.458340
v -0.660474 22.363174 -16.962616
v -0.660474 22.068216 -16.541943
v -0.660475 21.618601 -16.210072
v -0.660475 21.048676 -15.992356
v -0.660475 20.024818 -15.914150
v -0.660475 18.614174 -15.914150
v -0.660476 18.614174 -15.128774
v -0.660476 23.183746 -15.128774
v 11.984797 23.183748 -17.458355
v 11.984797 22.469130 -17.458330
v 11.984797 22.363176 -16.962606
v 11.984797 22.068218 -16.541933
v 11.984797 21.618603 -16.210062
v 11.984797 21.048677 -15.992345
v 11.984796 20.024820 -15.914139
v 11.984796 18.614174 -15.914139
v 11.984796 18.614174 -15.128762
v 11.984796 23.183748 -15.128762
v 10.403023 23.183748 -17.458355
v 10.403023 22.469130 -17.458330
v 10.403022 22.363176 -16.962606
v 10.403022 22.068218 -16.541933
v 10.403022 21.618603 -16.210062
v 10.403022 21.048677 -15.992347
v 10.403021 20.024820 -15.914141
v 10.403021 18.614174 -15.914141
v 10.403021 18.614174 -15.128764
v 10.403021 23.183748 -15.128764
v 21.658224 23.183748 -17.458344
v 21.658224 22.469130 -17.458321
v 21.658224 22.363176 -16.962597
v 21.658224 22.068218 -16.541922
v 21.658222 21.618601 -16.210052
v 21.658222 21.048676 -15.992334
v 21.658222 20.024818 -15.914129
v 21.658222 18.614174 -15.914129
v 21.658222 18.614174 -15.128753
v 21.658222 23.183748 -15.128753
v 20.076450 23.183748 -17.458345
v 20.076450 22.469130 -17.458323
v 20.076450 22.363176 -16.962599
v 20.076450 22.068218 -16.541924
v 20.076448 21.618603 -16.210054
v 20.076448 21.048677 -15.992336
v 20.076448 20.024820 -15.914131
v 20.076448 18.614174 -15.914131
v 20.076448 18.614174 -15.128755
v 20.076448 23.183748 -15.128755
v -20.170670 23.183748 17.458368
v -20.170670 22.469128 17.458345
v -20.170670 22.363176 16.962620
v -20.170670 22.068218 16.541946
v -20.170668 21.618601 16.210073
v -20.170668 21.048676 15.992359
v -20.170668 20.024818 15.914153
v -20.170668 18.614174 15.914153
v -20.170668 18.614174 15.128778
v -20.170668 23.183748 15.128778
v -21.752445 23.183748 17.458366
v -21.752445 22.469128 17.458344
v -21.752445 22.363176 16.962618
v -21.752445 22.068218 16.541945
v -21.752443 21.618601 16.210072
v -21.752443 21.048676 15.992357
v -21.752443 20.024818 15.914151
v -21.752443 18.614174 15.914151
v -21.752443 18.614174 15.128776
v -21.752443 23.183748 15.128776
v -9.824853 23.183746 17.458376
v -9.824853 22.469128 17.458351
v -9.824852 22.363176 16.962629
v -9.824852 22.068216 16.541954
v -9.824852 21.618601 16.210081
v -9.824852 21.048676 15.992366
v -9.824851 20.024818 15.914160
v -9.824851 18.614174 15.914160
v -9.824851 18.614174 15.128783
v -9.824851 23.183746 15.128783
v -11.406633 23.183746 17.458374
v -11.406633 22.469128 17.458349
v -11.406632 22.363176 16.962627
v -11.406632 22.068216 16.541952
v -11.406632 21.618601 16.210079
v -11.406632 21.048676 15.992365
v -11.406631 20.024818 15.914159
v -11.406631 18.614174 15.914159
v -11.406631 18.614174 15.128782
v -11.406631 23.183746 15.128782
v 0.921292 23.183746 17.458384
v 0.921292 22.469128 17.458359
v 0.921293 22.363174 16.962635
v 0.921293 22.068216 16.541962
v 0.921293 21.618601 16.210087
v 0.921293 21.048676 15.992373
v 0.921294 20.024818 15.914169
v 0.921294 18.614174 15.914169
v 0.921294 18.614174 15.128792
v 0.921294 23.183746 15.128792
v -0.660488 23.183746 17.458384
v -0.660488 22.469128 17.458359
v -0.660487 22.363174 16.962635
v -0.660487 22.068216 16.541962
v -0.660487 21.618601 16.210087
v -0.660486 21.048676 15.992372
v -0.660486 20.024818 15.914167
v -0.660486 18.614174 15.914167
v -0.660486 18.614174 15.128790
v -0.660486 23.183746 15.128790
v 11.984789 23.183748 17.458391
v 11.984789 22.469130 17.458366
v 11.984790 22.363176 16.962643
v 11.984790 22.068218 16.541969
v 11.984790 21.618603 16.210096
v 11.984790 21.048677 15.992383
v 11.984791 20.024820 15.914177
v 11.984791 18.614174 15.914177
v 11.984791 18.614174 15.128801
v 11.984791 23.183748 15.128801
v 10.403008 23.183748 17.458391
v 10.403008 22.469130 17.458366
v 10.403009 22.363176 16.962643
v 10.403009 22.068218 16.541969
v 10.403009 21.618603 16.210096
v 10.403009 21.048677 15.992381
v 10.403010 20.024820 15.914175
v 10.403010 18.614174 15.914175
v 10.403010 18.614174 15.128799
v 10.403010 23.183748 15.128799
v 21.658215 23.183748 17.458399
v 21.658215 22.469130 17.458376
v 21.658215 22.363176 16.962652
v 21.658215 22.068218 16.541977
v 21.658216 21.618601 16.210104
v 21.658216 21.048676 15.992391
v 21.658216 20.024818 15.914185
v 21.658216 18.614174 15.914185
v 21.658216 18.614174 15.128808
v 21.658216 23.183748 15.128808
v 20.076435 23.183748 17.458397
v 20.076435 22.469130 17.458374
v 20.076435 22.363176 16.962650
v 20.076435 22.068218 16.541975
v 20.076437 21.618603 16.210102
v 20.076437 21.048677 15.992389
v 20.076437 20.024820 15.914183
v 20.076437 18.614174 15.914183
v 20.076437 18.614174 15.128806
v 20.076437 23.183748 15.128806
v 8.523332 5.249652 23.134909
v 10.212477 5.249652 23.134911
v 8.523336 5.249652 17.211634
v 10.212481 5.249652 17.211636
v 8.523332 5.788438 23.134909
v 10.212477 5.788438 23.134911
v 8.523336 5.788436 17.211634
v 10.212481 5.788436 17.211636
v 10.243021 5.249652 23.134911
v 11.932167 5.249652 23.134911
v 10.243026 5.249652 17.211636
v 11.932172 5.249652 17.211636
v 10.243021 5.788438 23.134911
v 11.932167 5.788438 23.134911
v 10.243026 5.788436 17.211636
v 11.932172 5.788436 17.211636
v 11.962712 5.249652 23.134911
v 13.651858 5.249652 23.134912
v 11.962717 5.249652 17.211636
v 13.651863 5.249652 17.211637
v 11.962712 5.788438 23.134911
v 13.651858 5.788438 23.134912
v 11.962717 5.788436 17.211636
v 13.651863 5.788436 17.211637
v 13.682401 5.249652 23.134912
v 15.371546 5.249652 23.134914
v 13.682405 5.249652 17.211637
v 15.371551 5.249652 17.211639
v 13.682401 5.788438 23.134912
v 15.371546 5.788438 23.134914
v 13.682405 5.788436 17.211637
v 15.371551 5.788436 17.211639
v 15.402091 5.249652 23.134914
v 17.091238 5.249652 23.134916
v 15.402096 5.249652 17.211639
v 17.091244 5.249652 17.211641
v 15.402091 5.788438 23.134914
v 17.091238 5.788438 23.134916
v 15.402096 5.788436 17.211639
v 17.091244 5.788436 17.211641
v 17.121780 5.249652 23.134916
v 18.810926 5.249652 23.134918
v 17.121786 5.249652 17.211641
v 18.810932 5.249652 17.211643
v 17.121780 5.788438 23.134916
v 18.810926 5.788438 23.134918
v 17.121786 5.788436 17.211641
v 18.810932 5.788436 17.211643
v 9.223518 -0.008727 17.683828
v 9.124782 -0.008727 17.445457
v 8.886410 -0.008727 17.346722
v 8.648038 -0.008727 17.445457
v 8.549301 -0.008727 17.683828
v 8.648038 -0.008727 17.922201
v 8.886410 -0.008727 18.020939
v 9.124782 -0.008727 17.922201
v 9.223518 8.712578 17.683830
v 9.124782 8.712578 17.445459
v 8.886410 8.712578 17.346722
v 8.648038 8.712578 17.445459
v 8.549301 8.712578 17.683830
v 8.648038 8.712578 17.922203
v 8.886410 8.712578 18.020939
v 9.124782 8.712578 17.922203
v 9.223514 -0.008727 22.662710
v 9.124777 -0.008727 22.901083
v 8.886405 -0.008727 22.999819
v 8.648033 -0.008727 22.901083
v 8.549296 -0.008727 22.662710
v 8.648034 -0.008727 22.424339
v 8.886406 -0.008727 22.325603
v 9.124778 -0.008727 22.424339
v 9.223514 8.712578 22.662710
v 9.124777 8.712578 22.901083
v 8.886405 8.712578 22.999821
v 8.648033 8.712578 22.901083
v 8.549296 8.712578 22.662710
v 8.648034 8.712578 22.424339
v 8.886406 8.712578 22.325603
v 9.124778 8.712578 22.424339
v 17.940689 -0.008727 22.662718
v 18.039429 -0.008727 22.901091
v 18.277798 -0.008727 22.999826
v 18.516171 -0.008727 22.901091
v 18.614906 -0.008727 22.662718
v 18.516171 -0.008727 22.424347
v 18.277798 -0.008727 22.325611
v 18.039429 -0.008727 22.424347
v 17.940689 8.712578 22.662718
v 18.039429 8.712578 22.901091
v 18.277798 8.712578 22.999828
v 18.516171 8.712578 22.901091
v 18.614906 8.712578 22.662718
v 18.516171 8.712578 22.424347
v 18.277798 8.712578 22.325611
v 18.039429 8.712578 22.424347
v 18.848227 5.272351 22.991932
v 18.848278 6.540919 22.991932
v 18.848278 6.540919 22.504429
v 18.848227 5.272351 22.504429
v 26.701679 0.018416 22.991938
v 28.565792 0.017253 22.991940
v 28.565792 0.017253 22.504436
v 26.701679 0.018416 22.504435
v 18.848230 5.272351 17.281527
v 18.848282 6.540919 17.281527
v 18.848282 6.540919 17.769032
v 18.848230 5.272351 17.769032
v 26.701683 0.018417 17.281532
v 28.565796 0.017253 17.281534
v 28.565796 0.017253 17.769039
v 26.701683 0.018417 17.769037
v 18.856068 4.733668 22.531715
v 20.545212 4.733668 22.531715
v 18.856071 4.733668 17.749895
v 20.545216 4.733668 17.749895
v 18.856068 5.272454 22.531715
v 20.545212 5.272454 22.531715
v 18.856071 5.272454 17.749895
v 20.545216 5.272454 17.749895
v 20.117891 3.922528 22.531715
v 21.807035 3.922528 22.531717
v 20.117895 3.922529 17.749895
v 21.807039 3.922529 17.749897
v 20.117891 4.461314 22.531715
v 21.807035 4.461314 22.531717
v 20.117895 4.461314 17.749895
v 21.807039 4.461314 17.749897
v 21.322063 3.111390 22.531717
v 23.011208 3.111390 22.531717
v 21.322067 3.111390 17.749897
v 23.011211 3.111390 17.749897
v 21.322063 3.650174 22.531717
v 23.011208 3.650174 22.531717
v 21.322067 3.650174 17.749897
v 23.011211 3.650174 17.749897
v 22.526239 2.300250 22.531717
v 24.215384 2.300250 22.531719
v 22.526243 2.300248 17.749897
v 24.215387 2.300248 17.749899
v 22.526239 2.839034 22.531717
v 24.215384 2.839034 22.531719
v 22.526243 2.839034 17.749897
v 24.215387 2.839034 17.749899
v 24.896200 0.677970 22.531719
v 26.585344 0.677970 22.531721
v 24.896204 0.677970 17.749899
v 26.585348 0.677970 17.749901
v 24.896200 1.216754 22.531719
v 26.585344 1.216754 22.531721
v 24.896204 1.216754 17.749899
v 26.585348 1.216754 17.749901
v 23.730684 1.489108 22.531719
v 25.419828 1.489108 22.531721
v 23.730688 1.489110 17.749899
v 25.419832 1.489110 17.749901
v 23.730684 2.027894 22.531719
v 25.419828 2.027894 22.531721
v 23.730688 2.027894 17.749899
v 25.419832 2.027894 17.749901
v 25.955330 0.015340 22.531721
v 27.644476 0.015340 22.531723
v 25.955334 0.015340 17.749901
v 27.644480 0.015340 17.749903
v 25.955330 0.554124 22.531721
v 27.644476 0.554124 22.531723
v 25.955334 0.554124 17.749901
v 27.644480 0.554124 17.749903
v -8.827127 18.502964 16.166849
v -9.966005 17.364082 16.166847
v -9.966004 17.364084 15.620281
v -8.827126 18.502964 15.210843
v -14.462250 18.502964 16.166843
v -13.323371 17.364084 16.166845
v -13.323370 17.364082 15.620278
v -14.462249 18.502964 15.210838
v -14.462250 11.589089 16.166843
v -13.323371 12.727969 16.166845
v -13.323370 12.727969 15.620278
v -14.462249 11.589089 15.210838
v -8.827127 11.589089 16.166849
v -9.966005 12.727969 16.166847
v -9.966004 12.727970 15.620281
v -8.827126 11.589089 15.210843
v -3.682941 5.780303 -15.120790
v 3.749463 5.780303 -15.120785
v -3.682941 18.560749 -15.120790
v 3.749463 18.560749 -15.120784
v -3.682940 5.780303 -16.488773
v 3.749464 5.780303 -16.488766
v -3.682940 18.560749 -16.488771
v 3.749464 18.560749 -16.488764
v -2.543248 5.780477 -16.488771
v 2.609772 5.780477 -16.488768
v 2.609772 17.421057 -16.488766
v -2.543248 17.421057 -16.488770
v -2.543248 5.780476 -15.928640
v 2.609772 5.780476 -15.928637
v 2.609772 17.421057 -15.928636
v -2.543248 17.421057 -15.928639
v 5.057744 5.249654 -23.074642
v 3.368598 5.249654 -23.074642
v 5.057737 5.249654 -17.151367
v 3.368592 5.249654 -17.151367
v 5.057744 5.788440 -23.074642
v 3.368598 5.788440 -23.074642
v 5.057737 5.788438 -17.151367
v 3.368592 5.788438 -17.151367
v 3.338054 5.249654 -23.074642
v 1.648908 5.249654 -23.074644
v 3.338048 5.249654 -17.151367
v 1.648902 5.249654 -17.151369
v 3.338054 5.788440 -23.074642
v 1.648908 5.788440 -23.074644
v 3.338048 5.788438 -17.151367
v 1.648902 5.788438 -17.151369
v 1.618363 5.249654 -23.074644
v -0.070783 5.249654 -23.074646
v 1.618357 5.249654 -17.151369
v -0.070789 5.249654 -17.151371
v 1.618363 5.788440 -23.074644
v -0.070783 5.788440 -23.074646
v 1.618357 5.788438 -17.151369
v -0.070789 5.788438 -17.151371
v -0.101326 5.249654 -23.074646
v -1.790472 5.249654 -23.074648
v -0.101332 5.249654 -17.151371
v -1.790478 5.249654 -17.151373
v -0.101326 5.788440 -23.074646
v -1.790472 5.788440 -23.074648
v -0.101332 5.788438 -17.151371
v -1.790478 5.788438 -17.151373
v -1.821017 5.249654 -23.074648
v -3.510163 5.249654 -23.074650
v -1.821023 5.249654 -17.151373
v -3.510169 5.249654 -17.151375
v -1.821017 5.788440 -23.074648
v -3.510163 5.788440 -23.074650
v -1.821023 5.788438 -17.151373
v -3.510169 5.788438 -17.151375
v -3.540706 5.249654 -23.074650
v -5.229852 5.249654 -23.074650
v -3.540711 5.249654 -17.151375
v -5.229858 5.249654 -17.151375
v -3.540706 5.788440 -23.074650
v -5.229852 5.788440 -23.074650
v -3.540711 5.788438 -17.151375
v -5.229858 5.788438 -17.151375
v 4.357556 -0.008725 -17.623562
v 4.456293 -0.008725 -17.385191
v 4.694664 -0.008725 -17.286455
v 4.933036 -0.008725 -17.385191
v 5.031773 -0.008725 -17.623562
v 4.933036 -0.008725 -17.861935
v 4.694665 -0.008725 -17.960672
v 4.456293 -0.008725 -17.861935
v 4.357556 8.712580 -17.623564
v 4.456293 8.712580 -17.385193
v 4.694664 8.712580 -17.286455
v 4.933036 8.712580 -17.385191
v 5.031773 8.712580 -17.623562
v 4.933036 8.712580 -17.861935
v 4.694665 8.712580 -17.960672
v 4.456293 8.712580 -17.861937
v 4.357561 -0.008725 -22.602444
v 4.456298 -0.008725 -22.840816
v 4.694670 -0.008725 -22.939552
v 4.933041 -0.008725 -22.840816
v 5.031778 -0.008725 -22.602444
v 4.933041 -0.008725 -22.364073
v 4.694669 -0.008725 -22.265337
v 4.456297 -0.008725 -22.364073
v 4.357561 8.712580 -22.602444
v 4.456298 8.712580 -22.840816
v 4.694670 8.712580 -22.939554
v 4.933041 8.712580 -22.840816
v 5.031778 8.712580 -22.602444
v 4.933041 8.712580 -22.364073
v 4.694669 8.712580 -22.265337
v 4.456297 8.712580 -22.364073
v -4.359614 -0.008725 -22.602451
v -4.458351 -0.008725 -22.840824
v -4.696722 -0.008725 -22.939562
v -4.935094 -0.008725 -22.840826
v -5.033831 -0.008725 -22.602451
v -4.935094 -0.008725 -22.364082
v -4.696723 -0.008725 -22.265345
v -4.458351 -0.008725 -22.364082
v -4.359614 8.712580 -22.602455
v -4.458351 8.712580 -22.840826
v -4.696722 8.712580 -22.939562
v -4.935094 8.712580 -22.840826
v -5.033831 8.712580 -22.602455
v -4.935094 8.712580 -22.364082
v -4.696723 8.712580 -22.265345
v -4.458351 8.712580 -22.364082
v -5.267149 5.272353 -22.931667
v -5.267200 6.540921 -22.931667
v -5.267200 6.540921 -22.444164
v -5.267149 5.272353 -22.444164
v -13.120604 0.018418 -22.931675
v -14.984717 0.017255 -22.931677
v -14.984718 0.017255 -22.444174
v -13.120605 0.018418 -22.444172
v -5.267155 5.272353 -17.221260
v -5.267206 6.540921 -17.221260
v -5.267205 6.540921 -17.708763
v -5.267155 5.272353 -17.708763
v -13.120609 0.018418 -17.221268
v -14.984723 0.017255 -17.221270
v -14.984723 0.017255 -17.708775
v -13.120609 0.018418 -17.708773
v -5.274992 4.733670 -22.471447
v -6.964136 4.733670 -22.471449
v -5.274997 4.733670 -17.689629
v -6.964142 4.733670 -17.689631
v -5.274992 5.272456 -22.471447
v -6.964136 5.272456 -22.471449
v -5.274997 5.272456 -17.689629
v -6.964142 5.272456 -17.689631
v -6.536816 3.922530 -22.471449
v -8.225961 3.922530 -22.471451
v -6.536821 3.922530 -17.689631
v -8.225965 3.922530 -17.689632
v -6.536816 4.461316 -22.471449
v -8.225961 4.461316 -22.471451
v -6.536821 4.461316 -17.689631
v -8.225965 4.461316 -17.689632
v -7.740988 3.111392 -22.471451
v -9.430133 3.111392 -22.471451
v -7.740993 3.111392 -17.689632
v -9.430138 3.111392 -17.689632
v -7.740988 3.650176 -22.471451
v -9.430133 3.650176 -22.471451
v -7.740993 3.650176 -17.689632
v -9.430138 3.650176 -17.689632
v -8.945164 2.300252 -22.471451
v -10.634308 2.300252 -22.471457
v -8.945168 2.300250 -17.689632
v -10.634313 2.300250 -17.689634
v -8.945164 2.839036 -22.471451
v -10.634308 2.839036 -22.471457
v -8.945168 2.839036 -17.689632
v -10.634313 2.839036 -17.689634
v -11.315123 0.677972 -22.471457
v -13.004267 0.677972 -22.471458
v -11.315128 0.677972 -17.689634
v -13.004272 0.677972 -17.689636
v -11.315123 1.216756 -22.471457
v -13.004267 1.216756 -22.471458
v -11.315128 1.216756 -17.689634
v -13.004272 1.216756 -17.689636
v -10.149609 1.489110 -22.471453
v -11.838753 1.489110 -22.471457
v -10.149614 1.489112 -17.689634
v -11.838758 1.489112 -17.689634
v -10.149609 2.027896 -22.471457
v -11.838753 2.027896 -22.471457
v -10.149614 2.027896 -17.689634
v -11.838758 2.027896 -17.689634
v -12.374253 0.015342 -22.471458
v -14.063399 0.015342 -22.471458
v -12.374259 0.015342 -17.689636
v -14.063404 0.015342 -17.689636
v -12.374253 0.554126 -22.471458
v -14.063399 0.554126 -22.471458
v -12.374259 0.554126 -17.689636
v -14.063404 0.554126 -17.689636
v -22.779739 18.502964 -5.099240
v -22.779737 17.364084 -6.238120
v -22.233170 17.364086 -6.238120
v -21.823732 18.502964 -5.099240
v -22.779734 18.502964 -10.734365
v -22.779736 17.364086 -9.595485
v -22.233168 17.364084 -9.595484
v -21.823727 18.502964 -10.734364
v -22.779734 11.589092 -10.734365
v -22.779736 12.727971 -9.595485
v -22.233168 12.727971 -9.595484
v -21.823727 11.589092 -10.734364
v -22.779739 11.589092 -5.099241
v -22.779737 12.727971 -6.238121
v -22.233170 12.727972 -6.238120
v -21.823732 11.589092 -5.099240
v -22.779757 18.502964 10.836981
v -22.779755 17.364084 9.698102
v -22.233185 17.364084 9.698103
v -21.823748 18.502964 10.836982
v -22.779751 18.502964 5.201856
v -22.779753 17.364084 6.340736
v -22.233183 17.364084 6.340737
v -21.823740 18.502964 5.201857
v -22.779747 11.589090 5.201856
v -22.779749 12.727971 6.340736
v -22.233183 12.727971 6.340736
v -21.823740 11.589090 5.201856
v -22.779757 11.589090 10.836981
v -22.779755 12.727971 9.698102
v -22.233185 12.727971 9.698103
v -21.823746 11.589090 10.836982
v -15.580050 18.502964 -16.086889
v -14.441171 17.364084 -16.086889
v -14.441172 17.364086 -15.540317
v -15.580050 18.502964 -15.130878
v -9.944926 18.502964 -16.086884
v -11.083806 17.364086 -16.086884
v -11.083807 17.364084 -15.540314
v -9.944927 18.502964 -15.130874
v -9.944926 11.589093 -16.086884
v -11.083806 12.727972 -16.086884
v -11.083807 12.727972 -15.540314
v -9.944927 11.589093 -15.130873
v -15.580050 11.589093 -16.086889
v -14.441171 12.727972 -16.086889
v -14.441172 12.727973 -15.540317
v -15.580050 11.589093 -15.130878
v 8.309118 18.502964 -16.086868
v 9.447998 17.364084 -16.086868
v 9.447997 17.364086 -15.540296
v 8.309117 18.502964 -15.130857
v 13.944242 18.502964 -16.086863
v 12.805363 17.364086 -16.086863
v 12.805362 17.364084 -15.540293
v 13.944241 18.502964 -15.130853
v 13.944242 11.589093 -16.086863
v 12.805363 12.727972 -16.086863
v 12.805362 12.727972 -15.540293
v 13.944241 11.589093 -15.130852
v 8.309118 11.589093 -16.086868
v 9.447998 12.727972 -16.086868
v 9.447997 12.727973 -15.540296
v 8.309117 11.589093 -15.130857
v 22.779753 18.502964 -5.099201
v 22.779755 17.364084 -6.238081
v 22.233187 17.364086 -6.238081
v 21.823746 18.502964 -5.099202
v 22.779758 18.502964 -10.734324
v 22.779757 17.364086 -9.595445
v 22.233189 17.364084 -9.595446
v 21.823751 18.502964 -10.734325
v 22.779758 11.589092 -10.734324
v 22.779757 12.727971 -9.595445
v 22.233189 12.727971 -9.595446
v 21.823751 11.589092 -10.734325
v 22.779753 11.589092 -5.099202
v 22.779755 12.727971 -6.238081
v 22.233187 12.727972 -6.238082
v 21.823746 11.589092 -5.099202
v 22.779741 18.502964 10.837021
v 22.779743 17.364084 9.698142
v 22.233173 17.364084 9.698141
v 21.823732 18.502964 10.837020
v 22.779747 18.502964 5.201895
v 22.779745 17.364084 6.340775
v 22.233175 17.364084 6.340775
v 21.823738 18.502964 5.201895
v 22.779745 11.589090 5.201895
v 22.779743 12.727971 6.340775
v 22.233175 12.727971 6.340775
v 21.823738 11.589090 5.201894
v 22.779741 11.589090 10.837021
v 22.779743 12.727971 9.698142
v 22.233173 12.727971 9.698141
v 21.823732 11.589090 10.837020
v 13.519864 24.345814 -17.337715
v 9.642351 24.345814 -17.337723
v 9.642351 33.105045 -17.337723
v 13.519864 33.105045 -17.337715
v 8.784762 24.345682 -16.729834
v 8.784762 33.962635 -16.729834
v 8.784763 33.962635 -17.759207
v 8.784763 24.345682 -17.759205
v 14.377451 33.962635 -16.729824
v 14.377454 33.962635 -17.759199
v 14.377451 24.345682 -16.729824
v 14.377454 24.345682 -17.759195
v 9.642351 33.105045 -17.759207
v 9.642351 24.345814 -17.759205
v 13.519864 33.105045 -17.759201
v 13.519864 24.345814 -17.759197
v -23.618706 37.797527 16.957193
v -23.618706 37.797527 16.957193
v -23.618690 55.094208 0.046104
v -23.618706 24.445940 16.957193
v -23.618706 24.445940 16.957193
v 23.474739 24.445940 16.957235
v 24.095078 24.445940 17.577576
v 24.095078 24.445940 17.577576
v 24.095078 24.445940 17.577576
v 24.095078 24.445940 17.577576
v 24.095078 24.445940 17.577576
v -24.239044 24.445940 17.577534
v -24.239044 24.445940 17.577534
v -24.239044 24.445940 17.577534
v -24.239044 24.445940 17.577534
v -24.239044 24.445940 17.577534
v -24.239044 23.186304 17.577534
v -24.239044 23.186304 17.577534
v -24.239044 23.186304 17.577534
v -24.239044 23.186304 17.577534
v 24.095078 23.186304 17.577576
v 24.095078 23.186304 17.577576
v 24.095078 23.186304 17.577576
v 24.095078 23.186304 17.577576
v -24.239029 24.445940 0.046102
v -24.239029 24.445940 0.046102
v -24.239029 24.445940 0.046102
v -24.239029 24.445940 0.046102
v -24.239029 24.445940 0.046102
v -21.898670 23.186304 15.234315
v -21.898670 23.186304 15.234315
v -21.898670 23.186304 15.234315
v -21.898670 23.186304 15.234315
v -21.898670 23.186304 15.234315
v -21.898670 23.186304 15.234315
v 21.754707 23.186304 15.234353
v 21.754707 23.186304 15.234353
v 21.754707 23.186304 15.234353
v 21.754707 23.186304 15.234353
v 21.754707 23.186304 15.234353
v -23.618706 24.445940 16.957193
v -23.618706 24.445940 16.957193
v -23.618690 24.445940 0.046103
v -23.618690 24.445940 0.046103
v -23.618690 24.445940 0.046103
v -23.618690 24.445940 0.046103
v -23.618690 24.445940 0.046103
v 23.474754 55.094208 0.046145
v 23.474739 37.797527 16.957235
v 23.474739 37.797527 16.957235
v 23.474739 37.797527 16.957235
v 23.474754 24.445940 0.046144
v 23.474754 24.445940 0.046144
v 23.474754 24.445940 0.046144
v 23.474754 24.445940 0.046144
v 23.474754 24.445940 0.046144
v 24.095093 23.186304 0.046144
v 24.095093 23.186304 0.046144
v 24.095093 23.186304 0.046144
v 24.095093 23.186304 0.046144
v 24.095093 23.186304 0.046144
v 24.095093 23.186304 0.046144
v 24.095093 23.186304 0.046144
v 23.474739 24.445940 16.957235
v 23.474739 24.445940 16.957235
v 23.474739 24.445940 16.957235
v 21.754721 23.186304 0.046142
v 21.754721 23.186304 0.046142
v 21.754721 23.186304 0.046142
v -21.898670 5.821929 15.234314
v -21.898670 5.821929 15.234314
v -21.898670 5.821929 15.234314
v -21.898670 5.821929 15.234314
v -21.898670 5.821929 15.234314
v -21.898670 5.821929 15.234314
v 21.754707 5.821929 15.234352
v 21.754707 5.821929 15.234352
v 21.754707 5.821929 15.234352
v 21.754707 5.821929 15.234352
v 21.754707 5.821929 15.234352
v 21.754721 5.821930 0.046142
v 21.754721 5.821930 0.046142
v 21.754721 5.821930 0.046142
v 21.754721 5.821930 0.046142
v 21.754721 5.821930 0.046142
v -23.799232 5.821929 17.218403
v -23.799232 5.821929 17.218403
v -23.799232 5.821929 17.218403
v -23.799232 5.821929 17.218403
v 23.655266 5.821929 17.218445
v 23.655266 5.821929 17.218445
v 23.655266 5.821929 17.218445
v 23.655266 5.821929 17.218445
v 23.655266 5.821929 17.218445
v 23.655281 5.821930 0.046143
v 23.655281 5.821930 0.046143
v 23.655281 5.821930 0.046143
v 23.655281 5.821930 0.046143
v 23.655281 5.821930 0.046143
v -23.799232 -0.045213 17.218403
v -23.799232 -0.045213 17.218403
v 23.655266 -0.045213 17.218445
v 23.655266 -0.045213 17.218445
v 23.655281 -0.045212 0.046143
v 23.655281 -0.045212 0.046143
v 23.655281 -0.045212 0.046143
v -24.239029 23.186304 0.046102
v -24.239029 23.186304 0.046102
v -24.239029 23.186304 0.046102
v -24.239029 23.186304 0.046102
v -24.239029 23.186304 0.046102
v -24.239029 23.186304 0.046102
v -24.239029 23.186304 0.046102
v -21.898657 23.186304 0.046104
v -21.898657 23.186304 0.046104
v -21.898657 23.186304 0.046104
v -21.898657 23.186304 0.046104
v -21.898657 23.186304 0.046104
v 24.095093 24.445940 0.046144
v 24.095093 24.445940 0.046144
v 24.095093 24.445940 0.046144
v 24.095093 24.445940 0.046144
v 24.095093 24.445940 0.046144
v -21.898657 5.821930 0.046104
v -21.898657 5.821930 0.046104
v -21.898657 5.821930 0.046104
v -23.799217 5.821930 0.046102
v -23.799217 5.821930 0.046102
v -23.799217 5.821930 0.046102
v -23.799217 5.821930 0.046102
v -23.799217 5.821930 0.046102
v -23.799217 5.821930 0.046102
v -23.799217 5.821930 0.046102
v -23.799217 -0.045212 0.046102
v -26.584927 37.100075 18.533031
v -26.584927 37.100075 18.533031
v -26.584927 37.100075 18.533031
v -26.584927 37.100075 18.533031
v 26.584898 37.100075 18.533083
v 26.584898 37.100075 18.533083
v 26.584898 37.100075 18.533083
v 26.584898 37.100075 18.533083
v 26.584911 55.856987 0.046148
v 26.584911 55.856987 0.046148
v 26.584911 55.856987 0.046148
v 26.584898 36.658875 18.079575
v 26.584898 36.658875 18.079575
v 26.584898 36.658875 18.079575
v 26.584898 36.658875 18.079575
v -26.584927 36.658875 18.079527
v -26.584927 36.658875 18.079527
v -26.584900 55.076996 0.046102
v -26.584900 55.076996 0.046102
v -26.584900 55.076996 0.046102
v -26.584900 55.076996 0.046102
v -26.584900 55.076996 0.046102
v -26.584900 55.076996 0.046102
v -26.584900 55.076996 0.046102
v -26.584900 55.856972 0.046102
v -26.584900 55.856972 0.046102
v -26.584900 55.856972 0.046102
v -26.584900 55.856972 0.046102
v -26.584900 55.856972 0.046102
v 26.584908 55.077003 0.046148
v 26.584908 55.077003 0.046148
v 26.584908 55.077003 0.046148
v 26.584908 55.077003 0.046148
v 26.584908 55.077003 0.046148
v -23.618675 24.445940 -16.864988
v -23.618675 24.445940 -16.864988
v -23.618675 37.797527 -16.864988
v -23.618675 37.797527 -16.864988
v 24.095108 24.445940 -17.485287
v 24.095108 24.445940 -17.485287
v 24.095108 24.445940 -17.485287
v 24.095108 24.445940 -17.485287
v 24.095108 24.445940 -17.485287
v 24.095108 23.186304 -17.485287
v 24.095108 23.186304 -17.485287
v 24.095108 23.186304 -17.485287
v 24.095108 23.186304 -17.485287
v -24.239014 24.445940 -17.485329
v -24.239014 24.445940 -17.485329
v -24.239014 24.445940 -17.485329
v -24.239014 24.445940 -17.485329
v -24.239014 24.445940 -17.485329
v -24.239014 23.186304 -17.485329
v -24.239014 23.186304 -17.485329
v -24.239014 23.186304 -17.485329
v -24.239014 23.186304 -17.485329
v -21.898643 23.186304 -15.142106
v -21.898643 23.186304 -15.142106
v -21.898643 23.186304 -15.142106
v -21.898643 23.186304 -15.142106
v -21.898643 23.186304 -15.142106
v -21.898643 23.186304 -15.142106
v 23.474770 37.797527 -16.864946
v 23.474770 37.797527 -16.864946
v 23.474770 37.797527 -16.864946
v 23.474770 24.445940 -16.864946
v 23.474770 24.445940 -16.864946
v 23.474770 24.445940 -16.864946
v 23.474770 24.445940 -16.864946
v -23.618675 24.445940 -16.864988
v -23.618675 24.445940 -16.864988
v 21.754734 23.186304 -15.142068
v 21.754734 23.186304 -15.142068
v 21.754734 23.186304 -15.142068
v 21.754734 23.186304 -15.142068
v 21.754734 23.186304 -15.142068
v -21.898643 5.821930 -15.142107
v -21.898643 5.821930 -15.142107
v -21.898643 5.821930 -15.142107
v -21.898643 5.821930 -15.142107
v -21.898643 5.821930 -15.142107
v -21.898643 5.821930 -15.142107
v 21.754734 5.821930 -15.142069
v 21.754734 5.821930 -15.142069
v 21.754734 5.821930 -15.142069
v 21.754734 5.821930 -15.142069
v 21.754734 5.821930 -15.142069
v -23.799202 5.821931 -17.126202
v -23.799202 5.821931 -17.126202
v -23.799202 5.821931 -17.126202
v -23.799202 5.821931 -17.126202
v 23.655296 5.821931 -17.126160
v 23.655296 5.821931 -17.126160
v 23.655296 5.821931 -17.126160
v 23.655296 5.821931 -17.126160
v 23.655296 5.821931 -17.126160
v -23.799202 -0.045211 -17.126202
v -23.799202 -0.045211 -17.126202
v 23.655296 -0.045211 -17.126160
v 23.655296 -0.045211 -17.126160
v 26.584929 37.100075 -18.440790
v 26.584929 37.100075 -18.440790
v 26.584929 37.100075 -18.440790
v 26.584929 37.100075 -18.440790
v -26.584896 37.100075 -18.440830
v -26.584896 37.100075 -18.440830
v -26.584896 37.100075 -18.440830
v -26.584896 37.100075 -18.440830
v -26.584896 36.658875 -17.987326
v -26.584896 36.658875 -17.987326
v 26.584929 36.658875 -17.987282
v 26.584929 36.658875 -17.987282
v 26.584929 36.658875 -17.987282
v 26.584929 36.658875 -17.987282
v -24.609365 23.184519 15.882886
v -24.609365 23.184519 15.882886
v -24.609365 23.184519 15.882886
v -24.609365 23.184519 15.882886
v -24.609367 23.184519 17.923697
v -24.609367 23.184519 17.923697
v -24.609367 23.184519 17.923697
v -22.568562 23.184519 17.923698
v -22.568562 23.184519 17.923698
v -22.568562 23.184519 17.923698
v -22.568560 23.184519 15.882888
v -22.568560 23.184519 15.882888
v -22.568560 23.184519 15.882888
v -22.568560 23.184519 15.882888
v -24.609365 39.040054 15.882884
v -24.609365 39.040054 15.882884
v -22.568560 39.040054 15.882886
v -22.568562 36.918629 17.923698
v -22.568562 36.918629 17.923698
v -22.568562 36.918629 17.923698
v -24.609367 36.918629 17.923697
v -24.609367 36.918629 17.923697
v 24.465401 23.184519 17.923738
v 24.465401 23.184519 17.923738
v 24.465401 23.184519 17.923738
v 24.465403 23.184519 15.882928
v 24.465403 23.184519 15.882928
v 24.465403 23.184519 15.882928
v 24.465403 23.184519 15.882928
v 22.424595 23.184519 17.923737
v 22.424595 23.184519 17.923737
v 22.424595 23.184519 17.923737
v 22.424597 23.184519 15.882926
v 22.424597 23.184519 15.882926
v 22.424597 23.184519 15.882926
v 22.424597 23.184519 15.882926
v 22.424597 39.040054 15.882924
v 24.465403 39.040054 15.882926
v 24.465403 39.040054 15.882926
v 22.424595 36.918629 17.923737
v 22.424595 36.918629 17.923737
v 22.424595 36.918629 17.923737
v 24.465401 36.918629 17.923738
v 24.465401 36.918629 17.923738
v -24.609337 23.184519 -17.831491
v -24.609337 23.184519 -17.831491
v -24.609337 23.184519 -17.831491
v -24.609339 23.184519 -15.790681
v -24.609339 23.184519 -15.790681
v -24.609339 23.184519 -15.790681
v -24.609339 23.184519 -15.790681
v -22.568531 23.184519 -17.831490
v -22.568531 23.184519 -17.831490
v -22.568531 23.184519 -17.831490
v -22.568533 23.184519 -15.790679
v -22.568533 23.184519 -15.790679
v -22.568533 23.184519 -15.790679
v -22.568533 23.184519 -15.790679
v -22.568533 39.040054 -15.790681
v -24.609339 39.040054 -15.790683
v -24.609339 39.040054 -15.790683
v -22.568531 36.918629 -17.831490
v -22.568531 36.918629 -17.831490
v -22.568531 36.918629 -17.831490
v -24.609337 36.918629 -17.831491
v -24.609337 36.918629 -17.831491
v 24.465429 23.184519 -15.790639
v 24.465429 23.184519 -15.790639
v 24.465429 23.184519 -15.790639
v 24.465429 23.184519 -15.790639
v 24.465431 23.184519 -17.831450
v 24.465431 23.184519 -17.831450
v 24.465431 23.184519 -17.831450
v 22.424625 23.184519 -17.831451
v 22.424625 23.184519 -17.831451
v 22.424625 23.184519 -17.831451
v 22.424623 23.184519 -15.790641
v 22.424623 23.184519 -15.790641
v 22.424623 23.184519 -15.790641
v 22.424623 23.184519 -15.790641
v 24.465429 39.040054 -15.790641
v 24.465429 39.040054 -15.790641
v 22.424623 39.040054 -15.790643
v 22.424625 36.918629 -17.831451
v 22.424625 36.918629 -17.831451
v 22.424625 36.918629 -17.831451
v 24.465431 36.918629 -17.831450
v 24.465431 36.918629 -17.831450
v -24.983618 34.661705 -20.269281
v -24.983618 34.661705 -20.269281
v -24.983618 36.018997 -20.269281
v -24.983618 36.018997 -20.269281
v -24.983618 36.018997 -20.269281
v -24.983618 36.018997 -20.269281
v -24.983618 36.018997 -20.269281
v -23.626322 36.018997 -20.269281
v -23.626322 36.018997 -20.269281
v -23.626322 36.018997 -20.269281
v -23.626322 34.661705 -20.269281
v -23.626322 34.661705 -20.269281
v -23.626322 34.661705 -20.269281
v -23.626322 34.661705 -20.269281
v -24.983652 34.661709 20.269239
v -24.983652 34.661709 20.269239
v -24.983652 34.661709 20.269239
v -24.983652 34.661709 20.269239
v -23.626356 34.661709 20.269239
v -23.626356 34.661709 20.269239
v -23.626356 34.661709 20.269239
v -23.626356 34.661709 20.269239
v -23.626356 36.019001 20.269239
v -23.626356 36.019001 20.269239
v -23.626356 36.019001 20.269239
v -24.983652 36.019001 20.269239
v -24.983652 36.019001 20.269239
v -24.983652 36.019001 20.269239
v 25.601551 34.471298 16.960581
v 25.601551 34.471298 16.960581
v 25.601551 34.471298 16.960581
v 25.601551 36.209415 16.960581
v 25.601551 36.209415 16.960581
v 25.601551 36.209415 16.960581
v 25.601551 36.209415 16.960581
v 25.601551 36.209415 18.698698
v 25.601551 36.209415 18.698698
v 25.601551 36.209415 18.698698
v 25.601551 34.471298 18.698698
v 25.601551 34.471298 18.698698
v 25.601551 34.471298 18.698698
v 25.601551 34.471298 18.698698
v -25.613298 34.471298 16.960535
v -25.613298 34.471298 16.960535
v -25.613298 34.471298 16.960535
v -25.613298 34.471298 18.698652
v -25.613298 34.471298 18.698652
v -25.613298 34.471298 18.698652
v -25.613298 34.471298 18.698652
v -25.613298 36.209415 18.698652
v -25.613298 36.209415 18.698652
v -25.613298 36.209415 18.698652
v -25.613298 36.209415 16.960535
v -25.613298 36.209415 16.960535
v -25.613298 36.209415 16.960535
v -25.613298 36.209415 16.960535
v 25.601582 36.209415 -16.868288
v 25.601582 36.209415 -16.868288
v 25.601582 36.209415 -16.868288
v 25.601582 36.209415 -16.868288
v 25.601582 34.471298 -16.868288
v 25.601582 34.471298 -16.868288
v 25.601582 34.471298 -16.868288
v 25.601582 36.209415 -18.606405
v 25.601582 36.209415 -18.606405
v 25.601582 36.209415 -18.606405
v 25.601582 34.471298 -18.606405
v 25.601582 34.471298 -18.606405
v 25.601582 34.471298 -18.606405
v 25.601582 34.471298 -18.606405
v -25.613268 34.471298 -18.606451
v -25.613268 34.471298 -18.606451
v -25.613268 34.471298 -18.606451
v -25.613268 34.471298 -18.606451
v -25.613268 34.471298 -16.868334
v -25.613268 34.471298 -16.868334
v -25.613268 34.471298 -16.868334
v -25.613268 36.209415 -18.606451
v -25.613268 36.209415 -18.606451
v -25.613268 36.209415 -18.606451
v -25.613268 36.209415 -16.868334
v -25.613268 36.209415 -16.868334
v -25.613268 36.209415 -16.868334
v -25.613268 36.209415 -16.868334
v 24.839716 36.018997 -20.269239
v 24.839716 36.018997 -20.269239
v 24.839716 36.018997 -20.269239
v 24.839716 36.018997 -20.269239
v 24.839716 34.661705 -20.269239
v 24.839716 34.661705 -20.269239
v 24.839716 34.661705 -20.269239
v 23.482420 36.018997 -20.269239
v 23.482420 36.018997 -20.269239
v 23.482420 36.018997 -20.269239
v 23.482420 34.661705 -20.269239
v 23.482420 34.661705 -20.269239
v 23.482420 34.661705 -20.269239
v 23.482420 34.661705 -20.269239
v 23.482386 34.661709 20.269281
v 23.482386 34.661709 20.269281
v 23.482386 34.661709 20.269281
v 23.482386 34.661709 20.269281
v 24.839682 34.661709 20.269281
v 24.839682 34.661709 20.269281
v 24.839682 34.661709 20.269281
v 23.482386 36.019001 20.269281
v 23.482386 36.019001 20.269281
v 23.482386 36.019001 20.269281
v 24.839682 36.019001 20.269281
v 24.839682 36.019001 20.269281
v 24.839682 36.019001 20.269281
v 24.839682 36.019001 20.269281
v -22.337317 10.019365 15.672960
v -22.337317 10.019365 15.672960
v -22.337317 10.019365 15.672960
v -22.337317 10.019365 15.672960
v -21.898670 10.019365 15.234314
v -21.898670 10.019365 15.234314
v -21.898670 10.019365 15.234314
v -22.337317 9.142075 15.672960
v -22.337317 9.142075 15.672960
v -22.337317 9.142075 15.672960
v -22.337317 9.142075 15.672960
v -22.337303 9.142076 0.046103
v -22.337303 9.142076 0.046103
v -22.337303 9.142076 0.046103
v -22.337303 9.142076 0.046103
v -22.337303 9.142076 0.046103
v 22.193354 10.019365 15.672998
v 22.193354 10.019365 15.672998
v 22.193354 10.019365 15.672998
v 22.193354 10.019365 15.672998
v 22.193354 10.019365 15.672998
v 21.754707 10.019365 15.234352
v 21.754707 10.019365 15.234352
v 22.193354 9.142075 15.672998
v 22.193354 9.142075 15.672998
v 22.193354 9.142075 15.672998
v 22.193354 9.142075 15.672998
v 22.193354 9.142075 15.672998
v 22.193367 10.019366 0.046142
v 22.193367 10.019366 0.046142
v 22.193367 10.019366 0.046142
v 22.193367 10.019366 0.046142
v 22.193367 10.019366 0.046142
v -21.898657 10.019366 0.046104
v -21.898670 9.142075 15.234314
v -21.898670 9.142075 15.234314
v -21.898670 9.142075 15.234314
v 21.754707 9.142075 15.234352
v 21.754707 9.142075 15.234352
v 21.754721 9.142076 0.046141
v -22.337317 6.671312 15.672960
v -22.337317 6.671312 15.672960
v -22.337317 6.671312 15.672960
v -22.337317 6.671312 15.672960
v -21.898670 6.671312 15.234314
v -21.898670 6.671312 15.234314
v -21.898670 6.671312 15.234314
v -22.337303 5.794022 0.046103
v -22.337317 5.794021 15.672960
v -22.337317 5.794021 15.672960
v 22.193354 6.671312 15.672998
v 22.193354 6.671312 15.672998
v 22.193354 6.671312 15.672998
v 22.193354 6.671312 15.672998
v 22.193354 6.671312 15.672998
v 21.754707 6.671312 15.234352
v 21.754707 6.671312 15.234352
v 22.193354 5.794021 15.672998
v 22.193354 5.794021 15.672998
v 22.193367 6.671312 0.046142
v 22.193367 6.671312 0.046142
v 22.193367 6.671312 0.046142
v 22.193367 6.671312 0.046142
v 22.193367 6.671312 0.046142
v -21.898657 6.671312 0.046103
v -22.337303 10.019366 0.046103
v -22.337303 10.019366 0.046103
v -22.337303 10.019366 0.046103
v -22.337303 10.019366 0.046103
v -22.337303 10.019366 0.046103
v -22.337303 10.019366 0.046103
v -22.337303 10.019366 0.046103
v 22.193367 9.142076 0.046142
v 22.193367 9.142076 0.046142
v 22.193367 9.142076 0.046142
v 22.193367 9.142076 0.046142
v 22.193367 9.142076 0.046142
v 22.193367 9.142076 0.046142
v 22.193367 9.142076 0.046142
v 21.754721 10.019366 0.046141
v -21.898657 9.142076 0.046104
v -22.337303 6.671312 0.046103
v -22.337303 6.671312 0.046103
v -22.337303 6.671312 0.046103
v -22.337303 6.671312 0.046103
v -22.337303 6.671312 0.046103
v -22.337303 6.671312 0.046103
v -22.337303 6.671312 0.046103
v 22.193367 5.794022 0.046142
v 22.193367 5.794022 0.046142
v 22.193367 5.794022 0.046142
v 21.754721 6.671312 0.046141
v 22.193380 10.019367 -15.580715
v 22.193380 10.019367 -15.580715
v 22.193380 10.019367 -15.580715
v 22.193380 10.019367 -15.580715
v 22.193380 10.019367 -15.580715
v -22.337290 10.019367 -15.580753
v -22.337290 10.019367 -15.580753
v -22.337290 10.019367 -15.580753
v -22.337290 10.019367 -15.580753
v 21.754734 10.019367 -15.142069
v 21.754734 10.019367 -15.142069
v -21.898643 10.019367 -15.142107
v -21.898643 10.019367 -15.142107
v -21.898643 10.019367 -15.142107
v -22.337290 9.142076 -15.580753
v -22.337290 9.142076 -15.580753
v -22.337290 9.142076 -15.580753
v -22.337290 9.142076 -15.580753
v 22.193380 9.142076 -15.580715
v 22.193380 9.142076 -15.580715
v 22.193380 9.142076 -15.580715
v 22.193380 9.142076 -15.580715
v 22.193380 9.142076 -15.580715
v -21.898643 9.142076 -15.142107
v -21.898643 9.142076 -15.142107
v -21.898643 9.142076 -15.142107
v 21.754734 9.142076 -15.142069
v 21.754734 9.142076 -15.142069
v 22.193380 6.671313 -15.580715
v 22.193380 6.671313 -15.580715
v 22.193380 6.671313 -15.580715
v 22.193380 6.671313 -15.580715
v 22.193380 6.671313 -15.580715
v -22.337290 6.671313 -15.580753
v -22.337290 6.671313 -15.580753
v -22.337290 6.671313 -15.580753
v -22.337290 6.671313 -15.580753
v 21.754734 6.671313 -15.142069
v 21.754734 6.671313 -15.142069
v -21.898643 6.671313 -15.142107
v -21.898643 6.671313 -15.142107
v -21.898643 6.671313 -15.142107
v 22.193380 5.794022 -15.580715
v 22.193380 5.794022 -15.580715
v -22.337290 5.794022 -15.580753
v -22.337290 5.794022 -15.580753
v -22.203524 6.673086 14.559793
v -22.203524 6.673086 14.559793
v -22.203524 6.673086 15.220367
v -22.203524 6.673086 15.220367
v -21.885174 6.673086 15.220368
v -22.203524 9.140797 15.220367
v -22.203524 9.140797 15.220367
v -22.203524 9.140797 14.559793
v -22.203524 9.140797 14.559793
v -21.885174 9.140797 14.559795
v -22.203516 6.673086 7.590819
v -22.203516 6.673086 7.590819
v -22.203518 6.673086 8.251391
v -22.203518 6.673086 8.251391
v -21.885168 6.673086 8.251391
v -22.203518 9.140798 8.251391
v -22.203518 9.140798 8.251391
v -22.203516 9.140798 7.590819
v -22.203516 9.140798 7.590819
v -21.885166 9.140798 7.590819
v -22.203510 6.673086 -0.284605
v -22.203510 6.673086 -0.284605
v -22.203510 6.673086 0.375969
v -22.203510 6.673086 0.375969
v -21.885160 6.673086 0.375969
v -22.203510 9.140798 0.375969
v -22.203510 9.140798 0.375969
v -22.203510 9.140798 -0.284605
v -22.203510 9.140798 -0.284605
v -21.885160 9.140798 -0.284604
v -22.203503 6.673087 -8.223389
v -22.203503 6.673087 -8.223389
v -22.203505 6.673087 -7.562815
v -22.203505 6.673087 -7.562815
v -21.885155 6.673087 -7.562815
v -22.203505 9.140798 -7.562815
v -22.203505 9.140798 -7.562815
v -22.203503 9.140798 -8.223389
v -22.203503 9.140798 -8.223389
v -21.885153 9.140798 -8.223389
v -22.203497 6.673087 -15.123198
v -22.203497 6.673087 -15.123198
v -22.203497 6.673087 -14.462627
v -22.203497 6.673087 -14.462627
v -21.885147 6.673087 -14.462627
v -22.203497 9.140799 -14.462627
v -22.203497 9.140799 -14.462627
v -22.203497 9.140799 -15.123198
v -22.203497 9.140799 -15.123198
v -21.885147 9.140799 -15.123198
v -21.880442 6.673087 -15.457680
v -21.880442 6.673087 -15.457680
v -21.219868 6.673087 -15.139329
v -21.219868 6.673087 -15.457679
v -21.219868 6.673087 -15.457679
v -21.880442 9.140799 -15.457680
v -21.880442 9.140799 -15.457680
v -21.219868 9.140799 -15.457679
v -21.219868 9.140799 -15.457679
v -21.880442 9.140799 -15.139330
v -12.445017 6.673087 -15.457671
v -12.445017 6.673087 -15.457671
v -11.784444 6.673087 -15.139321
v -11.784444 6.673087 -15.457671
v -11.784444 6.673087 -15.457671
v -12.445017 9.140799 -15.457671
v -12.445017 9.140799 -15.457671
v -11.784444 9.140799 -15.457671
v -11.784444 9.140799 -15.457671
v -12.445017 9.140799 -15.139321
v -0.860794 6.673087 -15.457662
v -0.860794 6.673087 -15.457662
v -0.200221 6.673087 -15.139311
v -0.200220 6.673087 -15.457661
v -0.200220 6.673087 -15.457661
v -0.860794 9.140799 -15.457662
v -0.860794 9.140799 -15.457662
v -0.200220 9.140799 -15.457661
v -0.200220 9.140799 -15.457661
v -0.860794 9.140799 -15.139312
v 8.808097 6.673087 -15.457653
v 8.808097 6.673087 -15.457653
v 9.468670 6.673087 -15.139302
v 9.468670 6.673087 -15.457652
v 9.468670 6.673087 -15.457652
v 8.808097 9.140799 -15.457653
v 8.808097 9.140799 -15.457653
v 9.468670 9.140799 -15.457652
v 9.468670 9.140799 -15.457652
v 8.808097 9.140799 -15.139303
v 21.031746 6.673087 -15.457643
v 21.031746 6.673087 -15.457643
v 21.692320 6.673087 -15.139292
v 21.692320 6.673087 -15.457642
v 21.692320 6.673087 -15.457642
v 21.031746 9.140799 -15.457643
v 21.031746 9.140799 -15.457643
v 21.692320 9.140799 -15.457642
v 21.692320 9.140799 -15.457642
v 21.031746 9.140799 -15.139293
v -21.880468 6.673086 15.549887
v -21.880468 6.673086 15.549887
v -21.219894 6.673086 15.549888
v -21.219894 6.673086 15.549888
v -21.219894 6.673086 15.231538
v -21.219894 9.140797 15.549888
v -21.219894 9.140797 15.549888
v -21.880468 9.140797 15.549887
v -21.880468 9.140797 15.549887
v -21.880468 9.140797 15.231537
v -12.445044 6.673086 15.549895
v -12.445044 6.673086 15.549895
v -11.784471 6.673086 15.549895
v -11.784471 6.673086 15.549895
v -11.784471 6.673086 15.231545
v -11.784471 9.140797 15.549895
v -11.784471 9.140797 15.549895
v -12.445044 9.140797 15.549895
v -12.445044 9.140797 15.549895
v -12.445044 9.140797 15.231545
v -0.860821 6.673086 15.549905
v -0.860821 6.673086 15.549905
v -0.200247 6.673086 15.549906
v -0.200247 6.673086 15.549906
v -0.200247 6.673086 15.231556
v -0.200247 9.140797 15.549906
v -0.200247 9.140797 15.549906
v -0.860821 9.140797 15.549905
v -0.860821 9.140797 15.549905
v -0.860820 9.140797 15.231555
v 8.808070 6.673086 15.549913
v 8.808070 6.673086 15.549913
v 9.468643 6.673086 15.549914
v 9.468643 6.673086 15.549914
v 9.468643 6.673086 15.231565
v 9.468643 9.140797 15.549914
v 9.468643 9.140797 15.549914
v 8.808070 9.140797 15.549913
v 8.808070 9.140797 15.549913
v 8.808070 9.140797 15.231564
v 21.031719 6.673086 15.549924
v 21.031719 6.673086 15.549924
v 21.692293 6.673086 15.549925
v 21.692293 6.673086 15.549925
v 21.692293 6.673086 15.231575
v 21.692293 9.140797 15.549925
v 21.692293 9.140797 15.549925
v 21.031719 9.140797 15.549924
v 21.031719 9.140797 15.549924
v 21.031719 9.140797 15.231574
v 22.203497 6.673086 14.559834
v 22.203497 6.673086 14.559834
v 21.885145 6.673086 15.220407
v 22.203497 6.673086 15.220407
v 22.203497 6.673086 15.220407
v 22.203497 9.140797 14.559834
v 22.203497 9.140797 14.559834
v 22.203497 9.140797 15.220407
v 22.203497 9.140797 15.220407
v 21.885145 9.140797 14.559834
v 22.203505 6.673086 7.590857
v 22.203505 6.673086 7.590857
v 21.885151 6.673086 8.251430
v 22.203503 6.673086 8.251430
v 22.203503 6.673086 8.251430
v 22.203505 9.140798 7.590857
v 22.203505 9.140798 7.590857
v 22.203503 9.140798 8.251430
v 22.203503 9.140798 8.251430
v 21.885153 9.140798 7.590857
v 22.203510 6.673086 -0.284566
v 22.203510 6.673086 -0.284566
v 21.885159 6.673086 0.376007
v 22.203510 6.673086 0.376007
v 22.203510 6.673086 0.376007
v 22.203510 9.140798 -0.284566
v 22.203510 9.140798 -0.284566
v 22.203510 9.140798 0.376007
v 22.203510 9.140798 0.376007
v 21.885159 9.140798 -0.284567
v 22.203518 6.673087 -8.223351
v 22.203518 6.673087 -8.223351
v 21.885164 6.673087 -7.562777
v 22.203516 6.673087 -7.562777
v 22.203516 6.673087 -7.562777
v 22.203518 9.140798 -8.223351
v 22.203518 9.140798 -8.223351
v 22.203516 9.140798 -7.562777
v 22.203516 9.140798 -7.562777
v 21.885166 9.140798 -8.223351
v 22.203526 6.673087 -15.123159
v 22.203526 6.673087 -15.123159
v 21.885176 6.673087 -14.462589
v 22.203526 6.673087 -14.462589
v 22.203526 6.673087 -14.462589
v 22.203526 9.140799 -15.123159
v 22.203526 9.140799 -15.123159
v 22.203526 9.140799 -14.462589
v 22.203526 9.140799 -14.462589
v 21.885176 9.140799 -15.123159
v 9.571359 18.560747 15.216651
v 9.571359 18.560747 15.216651
v 9.571359 5.780298 15.216650
v 17.003763 18.560747 15.216657
v 17.003763 18.560747 15.216657
v 17.003761 5.780297 16.584635
v 17.003761 5.780297 16.584635
v 17.003761 5.780297 16.584635
v 17.003761 18.560747 16.584637
v 17.003761 18.560747 16.584637
v 17.003761 18.560747 16.584637
v 17.003761 18.560747 16.584637
v 9.571358 18.560747 16.584629
v 9.571358 18.560747 16.584629
v 9.571358 18.560747 16.584629
v 9.571358 18.560747 16.584629
v 9.571358 18.560747 16.584629
v 9.571358 5.780297 16.584627
v 9.571358 5.780297 16.584627
v 15.864069 5.780471 16.584633
v 15.864069 17.421055 16.584635
v 15.864069 17.421055 16.584635
v 15.864069 17.421055 16.584635
v 15.864069 17.421055 16.584635
v 15.864069 17.421055 16.584635
v 15.864069 17.421055 16.584635
v 10.711049 17.421055 16.584631
v 10.711049 17.421055 16.584631
v 10.711049 17.421055 16.584631
v 10.711049 17.421055 16.584631
v 10.711049 17.421055 16.584631
v 10.711049 5.780471 16.584629
v 10.711049 5.780471 16.584629
v 10.711049 5.780471 16.024502
v 15.864069 5.780471 16.024506
v 15.864069 5.780471 16.024506
v 15.864069 5.780471 16.024506
v 15.864069 17.421055 16.024506
v 15.864069 17.421055 16.024506
v 15.864069 17.421055 16.024506
v 10.711049 17.421055 16.024502
v 10.711049 17.421055 16.024502
v 10.711049 17.421055 16.024502
v 10.711049 17.421055 16.024502
v 2.870201 18.502964 16.166859
v 2.870201 18.502964 16.166859
v 2.870201 18.502964 16.166859
v 2.870201 18.502964 16.166859
v 2.870201 18.502964 16.166859
v -2.764923 18.502964 16.166855
v -2.764923 18.502964 16.166855
v -2.764923 18.502964 16.166855
v -2.764923 18.502964 16.166855
v -1.626043 17.364084 16.166855
v -1.626043 17.364084 16.166855
v -1.626043 17.364084 16.166855
v -1.626043 17.364084 16.166855
v -1.626043 17.364084 16.166855
v -1.626043 17.364084 16.166855
v 1.731321 17.364082 16.166859
v 1.731321 17.364082 16.166859
v 1.731321 17.364082 16.166859
v 1.731321 17.364082 16.166859
v 1.731321 17.364082 16.166859
v -1.626043 17.364082 15.620289
v -1.626043 17.364082 15.620289
v -1.626043 17.364082 15.620289
v -1.626043 17.364082 15.620289
v 1.731322 17.364084 15.620292
v 1.731322 17.364084 15.620292
v 1.731322 17.364084 15.620292
v 2.870202 18.502964 15.210854
v 2.870202 18.502964 15.210854
v -2.764922 18.502964 15.210848
v -2.764922 18.502964 15.210848
v -2.764923 11.589089 16.166855
v -2.764923 11.589089 16.166855
v -2.764923 11.589089 16.166855
v -2.764923 11.589089 16.166855
v -2.764923 11.589089 16.166855
v -1.626043 12.727969 16.166855
v -1.626043 12.727969 16.166855
v -1.626043 12.727969 16.166855
v -1.626043 12.727969 16.166855
v -1.626043 12.727969 16.166855
v -1.626043 12.727969 15.620289
v -1.626043 12.727969 15.620289
v -1.626043 12.727969 15.620289
v -2.764922 11.589089 15.210848
v -2.764922 11.589089 15.210848
v 2.870201 11.589089 16.166859
v 2.870201 11.589089 16.166859
v 2.870201 11.589089 16.166859
v 2.870201 11.589089 16.166859
v 2.870201 11.589089 16.166859
v 2.870201 11.589089 16.166859
v 1.731321 12.727969 16.166859
v 1.731321 12.727969 16.166859
v 1.731321 12.727969 16.166859
v 1.731321 12.727969 16.166859
v 1.731322 12.727970 15.620292
v 1.731322 12.727970 15.620292
v 1.731322 12.727970 15.620292
v 1.731322 12.727970 15.620292
v 2.870202 11.589089 15.210854
v 2.870202 11.589089 15.210854
v -14.084093 37.670704 -32.511662
v -14.084093 37.670704 -32.511662
v -14.084093 37.670704 -32.511662
v -14.084121 49.555130 -6.178770
v -14.084121 49.555130 -6.178770
v 22.829155 49.555130 -6.178736
v 22.829155 49.555130 -6.178736
v 22.829184 37.670704 -32.511631
v 22.829184 37.670704 -32.511631
v 22.829184 37.670704 -32.511631
v 22.829184 37.670704 -32.511631
v 22.829155 48.978432 -5.918463
v 22.829155 48.978432 -5.918463
v -14.084122 48.978432 -5.918498
v -14.084122 48.978432 -5.918498
v -14.084094 37.094006 -32.251389
v -14.084094 37.094006 -32.251389
v -14.084094 37.094006 -32.251389
v -14.084094 37.094006 -32.251389
v 22.829184 37.094006 -32.251354
v 22.829184 37.094006 -32.251354
v 22.829184 37.094006 -32.251354
v 19.547958 0.000001 -29.868187
v 19.547958 0.000001 -29.868187
v 19.547956 0.000001 -28.488119
v 19.547956 0.000001 -28.488119
v 20.928026 0.000001 -29.868185
v 20.928024 0.000001 -28.488117
v 20.928024 0.000001 -28.488117
v 20.928024 0.000001 -28.488117
v 20.928024 38.833935 -28.488115
v 19.547956 38.833935 -28.488117
v 19.547956 38.833935 -28.488117
v 20.928026 38.208397 -29.868183
v 20.928026 38.208397 -29.868183
v 20.928026 38.208397 -29.868183
v 19.547958 38.208397 -29.868185
v 19.547958 38.208397 -29.868185
v 21.480606 28.198839 -16.789942
v 21.480606 28.198839 -16.789942
v 21.480606 28.198839 -16.789942
v 21.480619 28.198841 -30.420218
v 21.480619 28.198841 -30.420218
v 21.480619 28.198841 -30.420218
v 21.480619 28.198841 -30.420218
v 20.141066 28.198841 -29.080664
v 20.141066 28.198841 -29.080664
v 20.141066 28.198841 -29.080664
v 20.141066 28.198841 -29.080664
v 20.141066 28.198841 -29.080664
v 20.141066 28.198841 -29.080664
v 20.141050 28.198839 -16.789944
v 20.141066 27.605257 -29.080664
v 20.141066 27.605257 -29.080664
v 20.141066 27.605257 -29.080664
v 20.141066 27.605257 -29.080664
v 20.141066 27.605257 -29.080664
v 20.141066 27.605257 -29.080664
v 20.141050 27.605255 -16.789944
v 20.141050 27.605255 -16.789944
v 20.473040 27.605257 -29.412638
v 20.473040 27.605257 -29.412638
v 20.473040 27.605257 -29.412638
v 20.473040 27.605257 -29.412638
v 21.480619 27.605257 -30.420218
v 21.480619 27.605257 -30.420218
v 21.480619 27.605257 -30.420218
v 21.480619 27.605257 -30.420218
v 21.480606 27.605255 -16.789942
v 21.480606 27.605255 -16.789942
v 21.148630 27.605255 -16.789942
v 21.148630 27.605255 -16.789942
v 4.405269 28.198841 -30.420233
v 4.405269 28.198841 -30.420233
v 4.405269 28.198841 -30.420233
v 4.405269 28.198841 -30.420233
v 4.405269 28.198841 -30.420233
v 21.148645 27.605257 -30.088242
v 21.148645 27.605257 -30.088242
v 21.148645 27.605257 -30.088242
v 21.148645 27.605257 -30.088242
v 21.148645 27.605257 -30.088242
v 20.473026 27.605255 -16.789944
v 20.473026 27.605255 -16.789944
v 4.405268 27.605257 -29.412651
v 4.405268 27.605257 -29.412651
v 4.405268 27.605257 -29.412651
v 4.405268 27.605257 -29.412651
v 4.405268 27.605257 -29.412651
v 4.405268 27.605257 -29.412651
v 4.405268 27.605257 -29.412651
v 20.473040 24.423763 -29.412638
v 20.473040 24.423763 -29.412638
v 20.473024 24.423761 -16.789944
v 21.148643 24.423763 -30.088240
v 21.148643 24.423763 -30.088240
v 21.148643 24.423763 -30.088240
v 4.405269 24.423763 -30.088255
v 4.405269 24.423763 -30.088255
v 4.405268 28.198841 -29.080677
v 4.405268 28.198841 -29.080677
v 4.405268 28.198841 -29.080677
v 4.405268 28.198841 -29.080677
v 4.405268 28.198841 -29.080677
v 4.405268 27.605257 -29.080677
v 4.405268 27.605257 -29.080677
v 4.405268 27.605257 -29.080677
v 4.405269 27.605257 -30.420233
v 4.405269 27.605257 -30.420233
v 4.405269 27.605257 -30.420233
v 4.405269 27.605257 -30.420233
v 4.405269 27.605257 -30.420233
v 4.405269 27.605257 -30.420233
v 4.405269 27.605257 -30.420233
v 4.405269 27.605257 -30.088257
v 4.405269 27.605257 -30.088257
v 4.405269 27.605257 -30.088257
v 4.405269 27.605257 -30.088257
v 4.405268 24.423763 -29.412651
v 21.602581 23.178028 -30.560493
v 21.602581 23.178028 -30.560493
v 21.602581 23.178028 -30.560493
v 21.602581 23.178028 -30.560493
v 21.602570 23.178026 -17.467081
v 4.405258 23.178026 -17.467096
v 4.405258 23.178026 -17.467096
v 4.405258 23.178026 -17.467096
v 21.602570 24.442720 -17.467081
v 21.602570 24.442720 -17.467081
v 21.602570 24.442720 -17.467081
v 21.602581 24.442722 -30.560493
v 21.602581 24.442722 -30.560493
v 21.602581 24.442722 -30.560493
v 4.405270 24.442722 -30.560509
v 4.405270 24.442722 -30.560509
v 4.405270 24.442722 -30.560509
v 4.405270 24.442722 -30.560509
v 4.405270 24.442722 -30.560509
v 4.405270 23.178028 -30.560509
v 4.405270 23.178028 -30.560509
v 4.405270 23.178028 -30.560509
v 4.405270 23.178028 -30.560509
v 4.405270 23.178028 -30.560509
v 4.405258 24.442720 -17.467096
v -12.117489 0.000001 -28.488148
v -12.117489 0.000001 -28.488148
v -12.117489 0.000001 -28.488148
v -10.737420 0.000001 -28.488146
v -10.737420 0.000001 -28.488146
v -12.117489 38.833935 -28.488146
v -10.737420 38.833935 -28.488144
v -10.737420 38.833935 -28.488144
v -12.117488 0.000001 -29.868216
v -12.117488 38.208397 -29.868214
v -12.117488 38.208397 -29.868214
v -12.117488 38.208397 -29.868214
v -10.737419 0.000001 -29.868214
v -10.737419 0.000001 -29.868214
v -10.737419 38.208397 -29.868212
v -10.737419 38.208397 -29.868212
v -12.670083 28.198841 -30.420248
v -12.670083 28.198841 -30.420248
v -12.670083 28.198841 -30.420248
v -12.670083 28.198841 -30.420248
v -12.670090 28.198839 -16.789972
v -12.670090 28.198839 -16.789972
v -12.670090 28.198839 -16.789972
v -11.330529 28.198841 -29.080690
v -11.330529 28.198841 -29.080690
v -11.330529 28.198841 -29.080690
v -11.330529 28.198841 -29.080690
v -11.330529 28.198841 -29.080690
v -11.330529 28.198841 -29.080690
v -11.330534 28.198839 -16.789970
v -11.330529 27.605257 -29.080690
v -11.330529 27.605257 -29.080690
v -11.330529 27.605257 -29.080690
v -11.330529 27.605257 -29.080690
v -11.330529 27.605257 -29.080690
v -11.330529 27.605257 -29.080690
v -11.330534 27.605255 -16.789970
v -11.330534 27.605255 -16.789970
v -12.670090 27.605255 -16.789972
v -12.670090 27.605255 -16.789972
v -12.670083 27.605257 -30.420248
v -12.670083 27.605257 -30.420248
v -12.670083 27.605257 -30.420248
v -12.670083 27.605257 -30.420248
v -12.338106 27.605257 -30.088272
v -12.338106 27.605257 -30.088272
v -12.338106 27.605257 -30.088272
v -12.338106 27.605257 -30.088272
v -12.338106 27.605257 -30.088272
v -12.338106 27.605257 -30.088272
v -12.338115 27.605255 -16.789972
v -12.338115 27.605255 -16.789972
v -11.662511 27.605255 -16.789970
v -11.662511 27.605255 -16.789970
v -11.662505 27.605257 -29.412664
v -11.662505 27.605257 -29.412664
v -11.662505 27.605257 -29.412664
v -11.662505 27.605257 -29.412664
v -11.662505 24.423763 -29.412664
v -11.662505 24.423763 -29.412664
v -11.662509 24.423761 -16.789970
v -12.338106 24.423763 -30.088270
v -12.338106 24.423763 -30.088270
v -12.792052 23.178026 -17.467112
v -12.792044 23.178028 -30.560524
v -12.792044 23.178028 -30.560524
v -12.792044 23.178028 -30.560524
v -12.792044 23.178028 -30.560524
v -12.792044 24.442722 -30.560524
v -12.792044 24.442722 -30.560524
v -12.792044 24.442722 -30.560524
v -12.792052 24.442720 -17.467112
v -12.792052 24.442720 -17.467112
v -12.792052 24.442720 -17.467112
v -26.779005 54.961411 0.028071
v -26.779005 54.961411 0.028071
v -26.779005 54.961411 0.028071
v -26.779005 54.961411 0.028071
v -26.779005 54.961411 0.028071
v -26.779005 54.961411 0.028071
v -26.779005 54.961411 0.028071
v 26.858250 54.961418 0.028119
v 26.858250 54.961418 0.028119
v 26.858250 54.961418 0.028119
v 26.858250 54.961418 0.028119
v 26.858250 55.228271 0.672366
v 26.858250 55.228271 0.672366
v 26.858250 55.228271 0.672366
v 26.858250 55.228271 0.672366
v -26.779005 55.228264 0.672320
v -26.779005 55.228264 0.672320
v -26.779005 55.228264 0.672320
v 26.858250 55.872520 0.939223
v 26.858250 55.872520 0.939223
v 26.858250 55.872520 0.939223
v 26.858250 55.872520 0.939223
v -26.779005 55.872520 0.939176
v -26.779005 55.872520 0.939176
v -26.779005 55.872520 0.939176
v -26.779005 55.872520 0.939176
v 26.858250 56.516769 0.672366
v 26.858250 56.516769 0.672366
v 26.858250 56.516769 0.672366
v 26.858250 56.516769 0.672366
v -26.779005 56.516762 0.672320
v -26.779005 56.516762 0.672320
v -26.779005 56.516762 0.672320
v -26.779005 56.516762 0.672320
v -26.779005 56.516762 0.672320
v 26.858250 56.783630 0.028119
v 26.858250 56.783630 0.028119
v 26.858250 56.783630 0.028119
v -26.779005 56.783623 0.028072
v -26.779005 56.783623 0.028072
v -26.779005 56.783623 0.028072
v 26.858250 56.516769 -0.616131
v 26.858250 56.516769 -0.616131
v 26.858250 56.516769 -0.616131
v 26.858250 56.516769 -0.616131
v 26.858250 56.516769 -0.616131
v 26.858250 56.516769 -0.616131
v 26.858250 56.516769 -0.616131
v 26.858250 56.516769 -0.616131
v -26.779005 56.516762 -0.616176
v -26.779005 56.516762 -0.616176
v -26.779005 56.516762 -0.616176
v -26.779005 56.516762 -0.616176
v -26.779005 56.516762 -0.616176
v 26.858250 55.872520 -0.882985
v 26.858250 55.872520 -0.882985
v 26.858250 55.872520 -0.882985
v -26.779005 55.872520 -0.883032
v -26.779005 55.872520 -0.883032
v -26.779005 55.872520 -0.883032
v -26.779005 55.872520 -0.883032
v 26.858250 55.228271 -0.616129
v 26.858250 55.228271 -0.616129
v 26.858250 55.228271 -0.616129
v 26.858250 55.228271 -0.616129
v -26.779005 55.228264 -0.616176
v -26.779005 55.228264 -0.616176
v -26.779005 55.228264 -0.616176
v -22.664806 18.614172 -13.512171
v -22.664806 18.614172 -13.512171
v -22.664806 18.614172 -13.512171
v -21.879431 18.614172 -13.512170
v -21.879431 18.614172 -13.512170
v -21.879431 23.183746 -13.512170
v -21.879431 23.183746 -13.512170
v -21.879431 23.183746 -13.512170
v -21.879431 23.183746 -13.512170
v -21.879431 23.183746 -13.512170
v -22.664806 20.024818 -13.512171
v -22.664806 20.024818 -13.512171
v -22.664806 20.024818 -13.512171
v -22.664806 20.024818 -13.512171
v -22.664806 20.024818 -13.512171
v -23.713276 22.363174 -13.512172
v -23.713276 22.363174 -13.512172
v -23.713276 22.363174 -13.512172
v -23.713276 22.363174 -13.512172
v -23.713276 22.363174 -13.512172
v -23.292601 22.068216 -13.512171
v -23.292601 22.068216 -13.512171
v -23.292601 22.068216 -13.512171
v -23.292601 22.068216 -13.512171
v -24.209023 23.183746 -13.512172
v -24.209023 23.183746 -13.512172
v -24.209023 23.183746 -13.512172
v -24.208998 22.469128 -13.512172
v -24.208998 22.469128 -13.512172
v -24.208998 22.469128 -13.512172
v -22.960730 21.618599 -13.512171
v -22.960730 21.618599 -13.512171
v -22.960730 21.618599 -13.512171
v -22.960730 21.618599 -13.512171
v -22.743013 21.048676 -13.512171
v -22.743013 21.048676 -13.512171
v -22.743013 21.048676 -13.512171
v -22.743013 21.048676 -13.512171
v -21.879429 23.183746 -15.093947
v -21.879429 23.183746 -15.093947
v -21.879429 23.183746 -15.093947
v -21.879429 23.183746 -15.093947
v -21.879429 23.183746 -15.093947
v -21.879429 18.614172 -15.093947
v -21.879429 18.614172 -15.093947
v -21.879429 18.614172 -15.093947
v -22.664804 18.614172 -15.093948
v -22.664804 18.614172 -15.093948
v -22.664804 18.614172 -15.093948
v -22.664804 20.024818 -15.093948
v -22.664804 20.024818 -15.093948
v -22.664804 20.024818 -15.093948
v -22.664804 20.024818 -15.093948
v -22.664804 20.024818 -15.093948
v -23.292599 22.068216 -15.093948
v -23.292599 22.068216 -15.093948
v -23.292599 22.068216 -15.093948
v -23.292599 22.068216 -15.093948
v -23.713274 22.363174 -15.093949
v -23.713274 22.363174 -15.093949
v -23.713274 22.363174 -15.093949
v -23.713274 22.363174 -15.093949
v -23.713274 22.363174 -15.093949
v -24.208996 22.469128 -15.093949
v -24.208996 22.469128 -15.093949
v -24.208996 22.469128 -15.093949
v -24.209021 23.183746 -15.093949
v -24.209021 23.183746 -15.093949
v -22.960728 21.618599 -15.093948
v -22.960728 21.618599 -15.093948
v -22.960728 21.618599 -15.093948
v -22.960728 21.618599 -15.093948
v -22.743011 21.048676 -15.093948
v -22.743011 21.048676 -15.093948
v -22.743011 21.048676 -15.093948
v -22.743011 21.048676 -15.093948
v -22.664812 18.614172 -6.462195
v -22.664812 18.614172 -6.462195
v -22.664812 18.614172 -6.462195
v -21.879436 18.614172 -6.462195
v -21.879436 18.614172 -6.462195
v -21.879436 23.183746 -6.462195
v -21.879436 23.183746 -6.462195
v -21.879436 23.183746 -6.462195
v -21.879436 23.183746 -6.462195
v -21.879436 23.183746 -6.462195
v -22.664812 20.024817 -6.462195
v -22.664812 20.024817 -6.462195
v -22.664812 20.024817 -6.462195
v -22.664812 20.024817 -6.462195
v -22.664812 20.024817 -6.462195
v -23.713282 22.363174 -6.462196
v -23.713282 22.363174 -6.462196
v -23.713282 22.363174 -6.462196
v -23.713282 22.363174 -6.462196
v -23.713282 22.363174 -6.462196
v -23.713282 22.363174 -6.462196
v -23.292606 22.068216 -6.462196
v -23.292606 22.068216 -6.462196
v -23.292606 22.068216 -6.462196
v -23.292606 22.068216 -6.462196
v -24.209028 23.183746 -6.462197
v -24.209028 23.183746 -6.462197
v -24.209028 23.183746 -6.462197
v -24.209003 22.469126 -6.462197
v -24.209003 22.469126 -6.462197
v -22.960735 21.618599 -6.462196
v -22.960735 21.618599 -6.462196
v -22.960735 21.618599 -6.462196
v -22.960735 21.618599 -6.462196
v -22.743019 21.048674 -6.462195
v -22.743019 21.048674 -6.462195
v -22.743019 21.048674 -6.462195
v -22.743019 21.048674 -6.462195
v -21.879435 23.183746 -8.043972
v -21.879435 23.183746 -8.043972
v -21.879435 23.183746 -8.043972
v -21.879435 23.183746 -8.043972
v -21.879435 23.183746 -8.043972
v -21.879435 18.614172 -8.043972
v -21.879435 18.614172 -8.043972
v -21.879435 18.614172 -8.043972
v -22.664810 18.614172 -8.043973
v -22.664810 18.614172 -8.043973
v -22.664810 18.614172 -8.043973
v -22.664810 20.024817 -8.043973
v -22.664810 20.024817 -8.043973
v -22.664810 20.024817 -8.043973
v -22.664810 20.024817 -8.043973
v -22.664810 20.024817 -8.043973
v -23.292604 22.068216 -8.043973
v -23.292604 22.068216 -8.043973
v -23.292604 22.068216 -8.043973
v -23.292604 22.068216 -8.043973
v -23.713280 22.363174 -8.043974
v -23.713280 22.363174 -8.043974
v -23.713280 22.363174 -8.043974
v -23.713280 22.363174 -8.043974
v -24.209002 22.469128 -8.043974
v -24.209002 22.469128 -8.043974
v -24.209002 22.469128 -8.043974
v -24.209002 22.469128 -8.043974
v -24.209026 23.183746 -8.043974
v -24.209026 23.183746 -8.043974
v -22.960733 21.618599 -8.043973
v -22.960733 21.618599 -8.043973
v -22.960733 21.618599 -8.043973
v -22.960733 21.618599 -8.043973
v -22.743017 21.048674 -8.043973
v -22.743017 21.048674 -8.043973
v -22.743017 21.048674 -8.043973
v -22.743017 21.048674 -8.043973
v -22.664818 18.614172 0.843285
v -22.664818 18.614172 0.843285
v -22.664818 18.614172 0.843285
v -21.879442 18.614172 0.843286
v -21.879442 18.614172 0.843286
v -21.879442 23.183746 0.843286
v -21.879442 23.183746 0.843286
v -21.879442 23.183746 0.843286
v -21.879442 23.183746 0.843286
v -21.879442 23.183746 0.843286
v -22.664818 20.024817 0.843285
v -22.664818 20.024817 0.843285
v -22.664818 20.024817 0.843285
v -22.664818 20.024817 0.843285
v -22.664818 20.024817 0.843285
v -23.713287 22.363174 0.843284
v -23.713287 22.363174 0.843284
v -23.713287 22.363174 0.843284
v -23.713287 22.363174 0.843284
v -23.292612 22.068214 0.843285
v -23.292612 22.068214 0.843285
v -23.292612 22.068214 0.843285
v -23.292612 22.068214 0.843285
v -23.292612 22.068214 0.843285
v -24.209034 23.183746 0.843284
v -24.209034 23.183746 0.843284
v -24.209034 23.183746 0.843284
v -24.209009 22.469126 0.843284
v -24.209009 22.469126 0.843284
v -24.209009 22.469126 0.843284
v -22.960741 21.618599 0.843285
v -22.960741 21.618599 0.843285
v -22.960741 21.618599 0.843285
v -22.960741 21.618599 0.843285
v -22.743025 21.048674 0.843285
v -22.743025 21.048674 0.843285
v -22.743025 21.048674 0.843285
v -22.743025 21.048674 0.843285
v -21.879442 23.183746 -0.738491
v -21.879442 23.183746 -0.738491
v -21.879442 23.183746 -0.738491
v -21.879442 23.183746 -0.738491
v -21.879442 23.183746 -0.738491
v -21.879442 18.614172 -0.738491
v -21.879442 18.614172 -0.738491
v -21.879442 18.614172 -0.738491
v -22.664818 18.614172 -0.738492
v -22.664818 18.614172 -0.738492
v -22.664818 18.614172 -0.738492
v -22.664818 20.024817 -0.738492
v -22.664818 20.024817 -0.738492
v -22.664818 20.024817 -0.738492
v -22.664818 20.024817 -0.738492
v -22.664818 20.024817 -0.738492
v -23.292612 22.068216 -0.738493
v -23.292612 22.068216 -0.738493
v -23.292612 22.068216 -0.738493
v -23.713287 22.363174 -0.738493
v -23.713287 22.363174 -0.738493
v -23.713287 22.363174 -0.738493
v -23.713287 22.363174 -0.738493
v -23.713287 22.363174 -0.738493
v -23.713287 22.363174 -0.738493
v -24.209009 22.469126 -0.738493
v -24.209009 22.469126 -0.738493
v -24.209009 22.469126 -0.738493
v -24.209034 23.183746 -0.738493
v -24.209034 23.183746 -0.738493
v -22.960741 21.618599 -0.738492
v -22.960741 21.618599 -0.738492
v -22.960741 21.618599 -0.738492
v -22.960741 21.618599 -0.738492
v -22.743025 21.048674 -0.738492
v -22.743025 21.048674 -0.738492
v -22.743025 21.048674 -0.738492
v -22.743025 21.048674 -0.738492
v -22.664825 18.614172 8.774350
v -22.664825 18.614172 8.774350
v -22.664825 18.614172 8.774350
v -21.879450 18.614172 8.774351
v -21.879450 18.614172 8.774351
v -21.879450 23.183744 8.774351
v -21.879450 23.183744 8.774351
v -21.879450 23.183744 8.774351
v -21.879450 23.183744 8.774351
v -21.879450 23.183744 8.774351
v -22.664825 20.024817 8.774350
v -22.664825 20.024817 8.774350
v -22.664825 20.024817 8.774350
v -22.664825 20.024817 8.774350
v -22.664825 20.024817 8.774350
v -23.713295 22.363174 8.774349
v -23.713295 22.363174 8.774349
v -23.713295 22.363174 8.774349
v -23.713295 22.363174 8.774349
v -23.713295 22.363174 8.774349
v -23.292620 22.068214 8.774350
v -23.292620 22.068214 8.774350
v -23.292620 22.068214 8.774350
v -23.292620 22.068214 8.774350
v -24.209042 23.183744 8.774349
v -24.209042 23.183744 8.774349
v -24.209042 23.183744 8.774349
v -24.209017 22.469126 8.774349
v -24.209017 22.469126 8.774349
v -24.209017 22.469126 8.774349
v -22.960749 21.618599 8.774350
v -22.960749 21.618599 8.774350
v -22.960749 21.618599 8.774350
v -22.960749 21.618599 8.774350
v -22.743032 21.048674 8.774350
v -22.743032 21.048674 8.774350
v -22.743032 21.048674 8.774350
v -22.743032 21.048674 8.774350
v -21.879448 23.183744 7.192574
v -21.879448 23.183744 7.192574
v -21.879448 23.183744 7.192574
v -21.879448 23.183744 7.192574
v -21.879448 23.183744 7.192574
v -21.879448 18.614172 7.192574
v -21.879448 18.614172 7.192574
v -21.879448 18.614172 7.192574
v -22.664824 18.614172 7.192574
v -22.664824 18.614172 7.192574
v -22.664824 18.614172 7.192574
v -22.664824 20.024817 7.192574
v -22.664824 20.024817 7.192574
v -22.664824 20.024817 7.192574
v -22.664824 20.024817 7.192574
v -22.664824 20.024817 7.192574
v -23.292618 22.068214 7.192573
v -23.292618 22.068214 7.192573
v -23.292618 22.068214 7.192573
v -23.292618 22.068214 7.192573
v -23.713293 22.363174 7.192573
v -23.713293 22.363174 7.192573
v -23.713293 22.363174 7.192573
v -23.713293 22.363174 7.192573
v -23.713293 22.363174 7.192573
v -24.209015 22.469126 7.192572
v -24.209015 22.469126 7.192572
v -24.209015 22.469126 7.192572
v -24.209040 23.183744 7.192572
v -24.209040 23.183744 7.192572
v -22.960747 21.618599 7.192573
v -22.960747 21.618599 7.192573
v -22.960747 21.618599 7.192573
v -22.960747 21.618599 7.192573
v -22.743031 21.048674 7.192574
v -22.743031 21.048674 7.192574
v -22.743031 21.048674 7.192574
v -22.743031 21.048674 7.192574
v -22.664831 18.614170 15.201976
v -22.664831 18.614170 15.201976
v -22.664831 18.614170 15.201976
v -21.879456 18.614170 15.201977
v -21.879456 18.614170 15.201977
v -21.879456 23.183744 15.201977
v -21.879456 23.183744 15.201977
v -21.879456 23.183744 15.201977
v -21.879456 23.183744 15.201977
v -21.879456 23.183744 15.201977
v -22.664831 20.024817 15.201976
v -22.664831 20.024817 15.201976
v -22.664831 20.024817 15.201976
v -22.664831 20.024817 15.201976
v -22.664831 20.024817 15.201976
v -23.713301 22.363173 15.201975
v -23.713301 22.363173 15.201975
v -23.713301 22.363173 15.201975
v -23.713301 22.363173 15.201975
v -23.713301 22.363173 15.201975
v -23.292625 22.068214 15.201976
v -23.292625 22.068214 15.201976
v -23.292625 22.068214 15.201976
v -23.292625 22.068214 15.201976
v -24.209047 23.183744 15.201975
v -24.209047 23.183744 15.201975
v -24.209047 23.183744 15.201975
v -24.209023 22.469126 15.201975
v -24.209023 22.469126 15.201975
v -24.209023 22.469126 15.201975
v -22.960754 21.618599 15.201976
v -22.960754 21.618599 15.201976
v -22.960754 21.618599 15.201976
v -22.960754 21.618599 15.201976
v -22.743038 21.048674 15.201976
v -22.743038 21.048674 15.201976
v -22.743038 21.048674 15.201976
v -22.743038 21.048674 15.201976
v -21.879454 23.183744 13.620199
v -21.879454 23.183744 13.620199
v -21.879454 23.183744 13.620199
v -21.879454 23.183744 13.620199
v -21.879454 23.183744 13.620199
v -21.879454 18.614170 13.620199
v -21.879454 18.614170 13.620199
v -21.879454 18.614170 13.620199
v -22.664829 18.614170 13.620198
v -22.664829 18.614170 13.620198
v -22.664829 18.614170 13.620198
v -22.664829 20.024817 13.620198
v -22.664829 20.024817 13.620198
v -22.664829 20.024817 13.620198
v -22.664829 20.024817 13.620198
v -22.664829 20.024817 13.620198
v -23.292624 22.068214 13.620198
v -23.292624 22.068214 13.620198
v -23.292624 22.068214 13.620198
v -23.292624 22.068214 13.620198
v -23.713299 22.363173 13.620197
v -23.713299 22.363173 13.620197
v -23.713299 22.363173 13.620197
v -23.713299 22.363173 13.620197
v -23.713299 22.363173 13.620197
v -24.209021 22.469126 13.620197
v -24.209021 22.469126 13.620197
v -24.209021 22.469126 13.620197
v -24.209045 23.183744 13.620197
v -24.209045 23.183744 13.620197
v -22.960752 21.618599 13.620198
v -22.960752 21.618599 13.620198
v -22.960752 21.618599 13.620198
v -22.960752 21.618599 13.620198
v -22.743036 21.048674 13.620198
v -22.743036 21.048674 13.620198
v -22.743036 21.048674 13.620198
v -22.743036 21.048674 13.620198
v 21.753433 18.614172 -13.512132
v 21.753433 18.614172 -13.512132
v 22.538811 18.614172 -13.512132
v 22.538811 18.614172 -13.512132
v 22.538811 18.614172 -13.512132
v 21.753433 23.183746 -13.512132
v 21.753433 23.183746 -13.512132
v 21.753433 23.183746 -13.512132
v 21.753433 23.183746 -13.512132
v 21.753433 23.183746 -13.512132
v 22.538811 20.024818 -13.512132
v 22.538811 20.024818 -13.512132
v 22.538811 20.024818 -13.512132
v 22.538811 20.024818 -13.512132
v 22.538811 20.024818 -13.512132
v 23.587278 22.363174 -13.512131
v 23.587278 22.363174 -13.512131
v 23.587278 22.363174 -13.512131
v 23.587278 22.363174 -13.512131
v 23.587278 22.363174 -13.512131
v 23.166603 22.068216 -13.512131
v 23.166603 22.068216 -13.512131
v 23.166603 22.068216 -13.512131
v 23.166603 22.068216 -13.512131
v 24.083000 22.469128 -13.512130
v 24.083000 22.469128 -13.512130
v 24.083000 22.469128 -13.512130
v 24.083025 23.183746 -13.512130
v 24.083025 23.183746 -13.512130
v 24.083025 23.183746 -13.512130
v 22.834732 21.618599 -13.512131
v 22.834732 21.618599 -13.512131
v 22.834732 21.618599 -13.512131
v 22.834732 21.618599 -13.512131
v 22.617016 21.048676 -13.512131
v 22.617016 21.048676 -13.512131
v 22.617016 21.048676 -13.512131
v 22.617016 21.048676 -13.512131
v 21.753435 18.614172 -15.093909
v 21.753435 18.614172 -15.093909
v 21.753435 18.614172 -15.093909
v 21.753435 23.183746 -15.093909
v 21.753435 23.183746 -15.093909
v 21.753435 23.183746 -15.093909
v 21.753435 23.183746 -15.093909
v 21.753435 23.183746 -15.093909
v 22.538813 18.614172 -15.093909
v 22.538813 18.614172 -15.093909
v 22.538813 18.614172 -15.093909
v 22.538813 20.024818 -15.093909
v 22.538813 20.024818 -15.093909
v 22.538813 20.024818 -15.093909
v 22.538813 20.024818 -15.093909
v 22.538813 20.024818 -15.093909
v 23.587280 22.363174 -15.093908
v 23.587280 22.363174 -15.093908
v 23.587280 22.363174 -15.093908
v 23.587280 22.363174 -15.093908
v 23.587280 22.363174 -15.093908
v 23.166605 22.068216 -15.093908
v 23.166605 22.068216 -15.093908
v 23.166605 22.068216 -15.093908
v 23.166605 22.068216 -15.093908
v 24.083002 22.469128 -15.093907
v 24.083002 22.469128 -15.093907
v 24.083002 22.469128 -15.093907
v 24.083027 23.183746 -15.093907
v 24.083027 23.183746 -15.093907
v 22.834734 21.618599 -15.093908
v 22.834734 21.618599 -15.093908
v 22.834734 21.618599 -15.093908
v 22.834734 21.618599 -15.093908
v 22.617018 21.048676 -15.093908
v 22.617018 21.048676 -15.093908
v 22.617018 21.048676 -15.093908
v 22.617018 21.048676 -15.093908
v 21.753428 18.614172 -6.462157
v 21.753428 18.614172 -6.462157
v 22.538805 18.614172 -6.462156
v 22.538805 18.614172 -6.462156
v 22.538805 18.614172 -6.462156
v 21.753428 23.183746 -6.462157
v 21.753428 23.183746 -6.462157
v 21.753428 23.183746 -6.462157
v 21.753428 23.183746 -6.462157
v 21.753428 23.183746 -6.462157
v 22.538805 20.024817 -6.462156
v 22.538805 20.024817 -6.462156
v 22.538805 20.024817 -6.462156
v 22.538805 20.024817 -6.462156
v 22.538805 20.024817 -6.462156
v 23.587273 22.363174 -6.462155
v 23.587273 22.363174 -6.462155
v 23.587273 22.363174 -6.462155
v 23.587273 22.363174 -6.462155
v 23.587273 22.363174 -6.462155
v 23.166597 22.068216 -6.462156
v 23.166597 22.068216 -6.462156
v 23.166597 22.068216 -6.462156
v 23.166597 22.068216 -6.462156
v 24.082994 22.469126 -6.462155
v 24.082994 22.469126 -6.462155
v 24.082994 22.469126 -6.462155
v 24.083019 23.183746 -6.462155
v 24.083019 23.183746 -6.462155
v 24.083019 23.183746 -6.462155
v 22.834726 21.618599 -6.462156
v 22.834726 21.618599 -6.462156
v 22.834726 21.618599 -6.462156
v 22.834726 21.618599 -6.462156
v 22.617010 21.048674 -6.462156
v 22.617010 21.048674 -6.462156
v 22.617010 21.048674 -6.462156
v 22.617010 21.048674 -6.462156
v 21.753429 18.614172 -8.043934
v 21.753429 18.614172 -8.043934
v 21.753429 18.614172 -8.043934
v 21.753429 23.183746 -8.043934
v 21.753429 23.183746 -8.043934
v 21.753429 23.183746 -8.043934
v 21.753429 23.183746 -8.043934
v 21.753429 23.183746 -8.043934
v 22.538807 18.614172 -8.043934
v 22.538807 18.614172 -8.043934
v 22.538807 18.614172 -8.043934
v 22.538807 20.024817 -8.043934
v 22.538807 20.024817 -8.043934
v 22.538807 20.024817 -8.043934
v 22.538807 20.024817 -8.043934
v 22.538807 20.024817 -8.043934
v 23.587275 22.363174 -8.043933
v 23.587275 22.363174 -8.043933
v 23.587275 22.363174 -8.043933
v 23.587275 22.363174 -8.043933
v 23.587275 22.363174 -8.043933
v 23.166599 22.068216 -8.043933
v 23.166599 22.068216 -8.043933
v 23.166599 22.068216 -8.043933
v 23.166599 22.068216 -8.043933
v 24.082996 22.469128 -8.043932
v 24.082996 22.469128 -8.043932
v 24.082996 22.469128 -8.043932
v 24.083021 23.183746 -8.043932
v 24.083021 23.183746 -8.043932
v 22.834728 21.618599 -8.043933
v 22.834728 21.618599 -8.043933
v 22.834728 21.618599 -8.043933
v 22.834728 21.618599 -8.043933
v 22.617012 21.048674 -8.043933
v 22.617012 21.048674 -8.043933
v 22.617012 21.048674 -8.043933
v 22.617012 21.048674 -8.043933
v 21.753422 18.614172 0.843324
v 21.753422 18.614172 0.843324
v 22.538799 18.614172 0.843324
v 22.538799 18.614172 0.843324
v 22.538799 18.614172 0.843324
v 21.753422 23.183746 0.843324
v 21.753422 23.183746 0.843324
v 21.753422 23.183746 0.843324
v 21.753422 23.183746 0.843324
v 21.753422 23.183746 0.843324
v 22.538799 20.024817 0.843324
v 22.538799 20.024817 0.843324
v 22.538799 20.024817 0.843324
v 22.538799 20.024817 0.843324
v 22.538799 20.024817 0.843324
v 23.587267 22.363174 0.843325
v 23.587267 22.363174 0.843325
v 23.587267 22.363174 0.843325
v 23.587267 22.363174 0.843325
v 23.166592 22.068214 0.843325
v 23.166592 22.068214 0.843325
v 23.166592 22.068214 0.843325
v 23.166592 22.068214 0.843325
v 23.166592 22.068214 0.843325
v 24.082989 22.469126 0.843326
v 24.082989 22.469126 0.843326
v 24.082989 22.469126 0.843326
v 24.083014 23.183746 0.843326
v 24.083014 23.183746 0.843326
v 24.083014 23.183746 0.843326
v 22.834721 21.618599 0.843325
v 22.834721 21.618599 0.843325
v 22.834721 21.618599 0.843325
v 22.834721 21.618599 0.843325
v 22.617004 21.048674 0.843325
v 22.617004 21.048674 0.843325
v 22.617004 21.048674 0.843325
v 22.617004 21.048674 0.843325
v 21.753422 18.614172 -0.738454
v 21.753422 18.614172 -0.738454
v 21.753422 18.614172 -0.738454
v 21.753422 23.183746 -0.738453
v 21.753422 23.183746 -0.738453
v 21.753422 23.183746 -0.738453
v 21.753422 23.183746 -0.738453
v 21.753422 23.183746 -0.738453
v 22.538799 18.614172 -0.738453
v 22.538799 18.614172 -0.738453
v 22.538799 18.614172 -0.738453
v 22.538799 20.024817 -0.738453
v 22.538799 20.024817 -0.738453
v 22.538799 20.024817 -0.738453
v 22.538799 20.024817 -0.738453
v 22.538799 20.024817 -0.738453
v 23.587267 22.363174 -0.738452
v 23.587267 22.363174 -0.738452
v 23.587267 22.363174 -0.738452
v 23.587267 22.363174 -0.738452
v 23.587267 22.363174 -0.738452
v 23.587267 22.363174 -0.738452
v 23.166592 22.068216 -0.738452
v 23.166592 22.068216 -0.738452
v 23.166592 22.068216 -0.738452
v 24.082989 22.469126 -0.738451
v 24.082989 22.469126 -0.738451
v 24.082989 22.469126 -0.738451
v 24.083014 23.183746 -0.738451
v 24.083014 23.183746 -0.738451
v 22.834721 21.618599 -0.738453
v 22.834721 21.618599 -0.738453
v 22.834721 21.618599 -0.738453
v 22.834721 21.618599 -0.738453
v 22.617004 21.048674 -0.738453
v 22.617004 21.048674 -0.738453
v 22.617004 21.048674 -0.738453
v 22.617004 21.048674 -0.738453
v 21.753414 18.614172 8.774389
v 21.753414 18.614172 8.774389
v 22.538792 18.614172 8.774389
v 22.538792 18.614172 8.774389
v 22.538792 18.614172 8.774389
v 21.753414 23.183744 8.774389
v 21.753414 23.183744 8.774389
v 21.753414 23.183744 8.774389
v 21.753414 23.183744 8.774389
v 21.753414 23.183744 8.774389
v 22.538792 20.024817 8.774389
v 22.538792 20.024817 8.774389
v 22.538792 20.024817 8.774389
v 22.538792 20.024817 8.774389
v 22.538792 20.024817 8.774389
v 23.587259 22.363174 8.774390
v 23.587259 22.363174 8.774390
v 23.587259 22.363174 8.774390
v 23.587259 22.363174 8.774390
v 23.587259 22.363174 8.774390
v 23.166584 22.068214 8.774390
v 23.166584 22.068214 8.774390
v 23.166584 22.068214 8.774390
v 23.166584 22.068214 8.774390
v 24.082981 22.469126 8.774391
v 24.082981 22.469126 8.774391
v 24.082981 22.469126 8.774391
v 24.083006 23.183744 8.774391
v 24.083006 23.183744 8.774391
v 24.083006 23.183744 8.774391
v 22.834713 21.618599 8.774390
v 22.834713 21.618599 8.774390
v 22.834713 21.618599 8.774390
v 22.834713 21.618599 8.774390
v 22.616997 21.048674 8.774390
v 22.616997 21.048674 8.774390
v 22.616997 21.048674 8.774390
v 22.616997 21.048674 8.774390
v 21.753416 18.614172 7.192612
v 21.753416 18.614172 7.192612
v 21.753416 18.614172 7.192612
v 21.753416 23.183744 7.192612
v 21.753416 23.183744 7.192612
v 21.753416 23.183744 7.192612
v 21.753416 23.183744 7.192612
v 21.753416 23.183744 7.192612
v 22.538794 18.614172 7.192613
v 22.538794 18.614172 7.192613
v 22.538794 18.614172 7.192613
v 22.538794 20.024817 7.192613
v 22.538794 20.024817 7.192613
v 22.538794 20.024817 7.192613
v 22.538794 20.024817 7.192613
v 22.538794 20.024817 7.192613
v 23.587261 22.363174 7.192614
v 23.587261 22.363174 7.192614
v 23.587261 22.363174 7.192614
v 23.587261 22.363174 7.192614
v 23.587261 22.363174 7.192614
v 23.166586 22.068214 7.192613
v 23.166586 22.068214 7.192613
v 23.166586 22.068214 7.192613
v 23.166586 22.068214 7.192613
v 24.082983 22.469126 7.192614
v 24.082983 22.469126 7.192614
v 24.082983 22.469126 7.192614
v 24.083008 23.183744 7.192614
v 24.083008 23.183744 7.192614
v 22.834715 21.618599 7.192613
v 22.834715 21.618599 7.192613
v 22.834715 21.618599 7.192613
v 22.834715 21.618599 7.192613
v 22.616999 21.048674 7.192613
v 22.616999 21.048674 7.192613
v 22.616999 21.048674 7.192613
v 22.616999 21.048674 7.192613
v 21.753408 18.614170 15.202015
v 21.753408 18.614170 15.202015
v 22.538786 18.614170 15.202015
v 22.538786 18.614170 15.202015
v 22.538786 18.614170 15.202015
v 21.753408 23.183744 15.202015
v 21.753408 23.183744 15.202015
v 21.753408 23.183744 15.202015
v 21.753408 23.183744 15.202015
v 21.753408 23.183744 15.202015
v 22.538786 20.024817 15.202015
v 22.538786 20.024817 15.202015
v 22.538786 20.024817 15.202015
v 22.538786 20.024817 15.202015
v 22.538786 20.024817 15.202015
v 23.587254 22.363173 15.202016
v 23.587254 22.363173 15.202016
v 23.587254 22.363173 15.202016
v 23.587254 22.363173 15.202016
v 23.587254 22.363173 15.202016
v 23.166578 22.068214 15.202016
v 23.166578 22.068214 15.202016
v 23.166578 22.068214 15.202016
v 23.166578 22.068214 15.202016
v 24.082975 22.469126 15.202017
v 24.082975 22.469126 15.202017
v 24.082975 22.469126 15.202017
v 24.083000 23.183744 15.202017
v 24.083000 23.183744 15.202017
v 24.083000 23.183744 15.202017
v 22.834707 21.618599 15.202016
v 22.834707 21.618599 15.202016
v 22.834707 21.618599 15.202016
v 22.834707 21.618599 15.202016
v 22.616991 21.048674 15.202016
v 22.616991 21.048674 15.202016
v 22.616991 21.048674 15.202016
v 22.616991 21.048674 15.202016
v 21.753410 18.614170 13.620237
v 21.753410 18.614170 13.620237
v 21.753410 18.614170 13.620237
v 21.753410 23.183744 13.620237
v 21.753410 23.183744 13.620237
v 21.753410 23.183744 13.620237
v 21.753410 23.183744 13.620237
v 21.753410 23.183744 13.620237
v 22.538788 18.614170 13.620237
v 22.538788 18.614170 13.620237
v 22.538788 18.614170 13.620237
v 22.538788 20.024817 13.620237
v 22.538788 20.024817 13.620237
v 22.538788 20.024817 13.620237
v 22.538788 20.024817 13.620237
v 22.538788 20.024817 13.620237
v 23.587255 22.363173 13.620238
v 23.587255 22.363173 13.620238
v 23.587255 22.363173 13.620238
v 23.587255 22.363173 13.620238
v 23.587255 22.363173 13.620238
v 23.166580 22.068214 13.620238
v 23.166580 22.068214 13.620238
v 23.166580 22.068214 13.620238
v 23.166580 22.068214 13.620238
v 24.082977 22.469126 13.620239
v 24.082977 22.469126 13.620239
v 24.082977 22.469126 13.620239
v 24.083002 23.183744 13.620239
v 24.083002 23.183744 13.620239
v 22.834709 21.618599 13.620238
v 22.834709 21.618599 13.620238
v 22.834709 21.618599 13.620238
v 22.834709 21.618599 13.620238
v 22.616993 21.048674 13.620238
v 22.616993 21.048674 13.620238
v 22.616993 21.048674 13.620238
v 22.616993 21.048674 13.620238
v -20.170658 18.614174 -15.128793
v -20.170658 18.614174 -15.128793
v -20.170658 18.614174 -15.914169
v -20.170658 18.614174 -15.914169
v -20.170658 18.614174 -15.914169
v -20.170658 23.183748 -15.128793
v -20.170658 23.183748 -15.128793
v -20.170658 23.183748 -15.128793
v -20.170658 23.183748 -15.128793
v -20.170658 23.183748 -15.128793
v -20.170658 20.024818 -15.914169
v -20.170658 20.024818 -15.914169
v -20.170658 20.024818 -15.914169
v -20.170658 20.024818 -15.914169
v -20.170658 20.024818 -15.914169
v -20.170656 22.363176 -16.962637
v -20.170656 22.363176 -16.962637
v -20.170656 22.363176 -16.962637
v -20.170656 22.363176 -16.962637
v -20.170656 22.363176 -16.962637
v -20.170656 22.068218 -16.541962
v -20.170656 22.068218 -16.541962
v -20.170656 22.068218 -16.541962
v -20.170656 22.068218 -16.541962
v -20.170656 22.469128 -17.458361
v -20.170656 22.469128 -17.458361
v -20.170656 22.469128 -17.458361
v -20.170656 23.183748 -17.458384
v -20.170656 23.183748 -17.458384
v -20.170656 23.183748 -17.458384
v -20.170658 21.618601 -16.210093
v -20.170658 21.618601 -16.210093
v -20.170658 21.618601 -16.210093
v -20.170658 21.618601 -16.210093
v -20.170658 21.048676 -15.992374
v -20.170658 21.048676 -15.992374
v -20.170658 21.048676 -15.992374
v -20.170658 21.048676 -15.992374
v -21.752436 18.614174 -15.128795
v -21.752436 18.614174 -15.128795
v -21.752436 18.614174 -15.128795
v -21.752436 23.183748 -15.128795
v -21.752436 23.183748 -15.128795
v -21.752436 23.183748 -15.128795
v -21.752436 23.183748 -15.128795
v -21.752436 23.183748 -15.128795
v -21.752436 18.614174 -15.914171
v -21.752436 18.614174 -15.914171
v -21.752436 18.614174 -15.914171
v -21.752436 20.024818 -15.914171
v -21.752436 20.024818 -15.914171
v -21.752436 20.024818 -15.914171
v -21.752436 20.024818 -15.914171
v -21.752436 20.024818 -15.914171
v -21.752434 22.363176 -16.962639
v -21.752434 22.363176 -16.962639
v -21.752434 22.363176 -16.962639
v -21.752434 22.363176 -16.962639
v -21.752434 22.363176 -16.962639
v -21.752434 22.068218 -16.541964
v -21.752434 22.068218 -16.541964
v -21.752434 22.068218 -16.541964
v -21.752434 22.068218 -16.541964
v -21.752434 22.469128 -17.458363
v -21.752434 22.469128 -17.458363
v -21.752434 22.469128 -17.458363
v -21.752434 23.183748 -17.458385
v -21.752434 23.183748 -17.458385
v -21.752436 21.618601 -16.210094
v -21.752436 21.618601 -16.210094
v -21.752436 21.618601 -16.210094
v -21.752436 21.618601 -16.210094
v -21.752436 21.048676 -15.992376
v -21.752436 21.048676 -15.992376
v -21.752436 21.048676 -15.992376
v -21.752436 21.048676 -15.992376
v -9.824843 18.614174 -15.128783
v -9.824843 18.614174 -15.128783
v -9.824843 18.614174 -15.914159
v -9.824843 18.614174 -15.914159
v -9.824843 18.614174 -15.914159
v -9.824843 23.183746 -15.128783
v -9.824843 23.183746 -15.128783
v -9.824843 23.183746 -15.128783
v -9.824843 23.183746 -15.128783
v -9.824843 23.183746 -15.128783
v -9.824843 20.024818 -15.914159
v -9.824843 20.024818 -15.914159
v -9.824843 20.024818 -15.914159
v -9.824843 20.024818 -15.914159
v -9.824843 20.024818 -15.914159
v -9.824842 22.363176 -16.962626
v -9.824842 22.363176 -16.962626
v -9.824842 22.363176 -16.962626
v -9.824842 22.363176 -16.962626
v -9.824842 22.363176 -16.962626
v -9.824842 22.068216 -16.541950
v -9.824842 22.068216 -16.541950
v -9.824842 22.068216 -16.541950
v -9.824842 22.068216 -16.541950
v -9.824841 22.469128 -17.458349
v -9.824841 22.469128 -17.458349
v -9.824841 22.469128 -17.458349
v -9.824841 23.183746 -17.458374
v -9.824841 23.183746 -17.458374
v -9.824841 23.183746 -17.458374
v -9.824842 21.618601 -16.210081
v -9.824842 21.618601 -16.210081
v -9.824842 21.618601 -16.210081
v -9.824842 21.618601 -16.210081
v -9.824842 21.048676 -15.992366
v -9.824842 21.048676 -15.992366
v -9.824842 21.048676 -15.992366
v -9.824842 21.048676 -15.992366
v -11.406623 18.614174 -15.128784
v -11.406623 18.614174 -15.128784
v -11.406623 18.614174 -15.128784
v -11.406623 23.183746 -15.128784
v -11.406623 23.183746 -15.128784
v -11.406623 23.183746 -15.128784
v -11.406623 23.183746 -15.128784
v -11.406623 23.183746 -15.128784
v -11.406623 18.614174 -15.914160
v -11.406623 18.614174 -15.914160
v -11.406623 18.614174 -15.914160
v -11.406623 20.024818 -15.914160
v -11.406623 20.024818 -15.914160
v -11.406623 20.024818 -15.914160
v -11.406623 20.024818 -15.914160
v -11.406623 20.024818 -15.914160
v -11.406622 22.363176 -16.962627
v -11.406622 22.363176 -16.962627
v -11.406622 22.363176 -16.962627
v -11.406622 22.363176 -16.962627
v -11.406622 22.363176 -16.962627
v -11.406622 22.068216 -16.541952
v -11.406622 22.068216 -16.541952
v -11.406622 22.068216 -16.541952
v -11.406622 22.068216 -16.541952
v -11.406621 22.469128 -17.458351
v -11.406621 22.469128 -17.458351
v -11.406621 22.469128 -17.458351
v -11.406621 23.183746 -17.458376
v -11.406621 23.183746 -17.458376
v -11.406622 21.618601 -16.210083
v -11.406622 21.618601 -16.210083
v -11.406622 21.618601 -16.210083
v -11.406622 21.618601 -16.210083
v -11.406622 21.048676 -15.992367
v -11.406622 21.048676 -15.992367
v -11.406622 21.048676 -15.992367
v -11.406622 21.048676 -15.992367
v 0.921304 18.614174 -15.128772
v 0.921304 18.614174 -15.128772
v 0.921305 18.614174 -15.914148
v 0.921305 18.614174 -15.914148
v 0.921305 18.614174 -15.914148
v 0.921304 23.183746 -15.128772
v 0.921304 23.183746 -15.128772
v 0.921304 23.183746 -15.128772
v 0.921304 23.183746 -15.128772
v 0.921304 23.183746 -15.128772
v 0.921305 20.024818 -15.914148
v 0.921305 20.024818 -15.914148
v 0.921305 20.024818 -15.914148
v 0.921305 20.024818 -15.914148
v 0.921305 20.024818 -15.914148
v 0.921306 22.363174 -16.962616
v 0.921306 22.363174 -16.962616
v 0.921306 22.363174 -16.962616
v 0.921306 22.363174 -16.962616
v 0.921306 22.363174 -16.962616
v 0.921306 22.068216 -16.541943
v 0.921306 22.068216 -16.541943
v 0.921306 22.068216 -16.541943
v 0.921306 22.068216 -16.541943
v 0.921306 22.469128 -17.458340
v 0.921306 22.469128 -17.458340
v 0.921306 22.469128 -17.458340
v 0.921306 23.183746 -17.458364
v 0.921306 23.183746 -17.458364
v 0.921306 23.183746 -17.458364
v 0.921305 21.618601 -16.210072
v 0.921305 21.618601 -16.210072
v 0.921305 21.618601 -16.210072
v 0.921305 21.618601 -16.210072
v 0.921305 21.048676 -15.992354
v 0.921305 21.048676 -15.992354
v 0.921305 21.048676 -15.992354
v 0.921305 21.048676 -15.992354
v -0.660476 18.614174 -15.128774
v -0.660476 18.614174 -15.128774
v -0.660476 18.614174 -15.128774
v -0.660476 23.183746 -15.128774
v -0.660476 23.183746 -15.128774
v -0.660476 23.183746 -15.128774
v -0.660476 23.183746 -15.128774
v -0.660476 23.183746 -15.128774
v -0.660475 18.614174 -15.914150
v -0.660475 18.614174 -15.914150
v -0.660475 18.614174 -15.914150
v -0.660475 20.024818 -15.914150
v -0.660475 20.024818 -15.914150
v -0.660475 20.024818 -15.914150
v -0.660475 20.024818 -15.914150
v -0.660475 20.024818 -15.914150
v -0.660474 22.363174 -16.962616
v -0.660474 22.363174 -16.962616
v -0.660474 22.363174 -16.962616
v -0.660474 22.363174 -16.962616
v -0.660474 22.363174 -16.962616
v -0.660474 22.068216 -16.541943
v -0.660474 22.068216 -16.541943
v -0.660474 22.068216 -16.541943
v -0.660474 22.068216 -16.541943
v -0.660474 22.469128 -17.458340
v -0.660474 22.469128 -17.458340
v -0.660474 22.469128 -17.458340
v -0.660474 23.183746 -17.458364
v -0.660474 23.183746 -17.458364
v -0.660475 21.618601 -16.210072
v -0.660475 21.618601 -16.210072
v -0.660475 21.618601 -16.210072
v -0.660475 21.618601 -16.210072
v -0.660475 21.048676 -15.992356
v -0.660475 21.048676 -15.992356
v -0.660475 21.048676 -15.992356
v -0.660475 21.048676 -15.992356
v 11.984796 18.614174 -15.128762
v 11.984796 18.614174 -15.128762
v 11.984796 18.614174 -15.914139
v 11.984796 18.614174 -15.914139
v 11.984796 18.614174 -15.914139
v 11.984796 23.183748 -15.128762
v 11.984796 23.183748 -15.128762
v 11.984796 23.183748 -15.128762
v 11.984796 23.183748 -15.128762
v 11.984796 23.183748 -15.128762
v 11.984796 20.024820 -15.914139
v 11.984796 20.024820 -15.914139
v 11.984796 20.024820 -15.914139
v 11.984796 20.024820 -15.914139
v 11.984796 20.024820 -15.914139
v 11.984797 22.363176 -16.962606
v 11.984797 22.363176 -16.962606
v 11.984797 22.363176 -16.962606
v 11.984797 22.363176 -16.962606
v 11.984797 22.363176 -16.962606
v 11.984797 22.068218 -16.541933
v 11.984797 22.068218 -16.541933
v 11.984797 22.068218 -16.541933
v 11.984797 22.068218 -16.541933
v 11.984797 22.469130 -17.458330
v 11.984797 22.469130 -17.458330
v 11.984797 22.469130 -17.458330
v 11.984797 23.183748 -17.458355
v 11.984797 23.183748 -17.458355
v 11.984797 23.183748 -17.458355
v 11.984797 21.618603 -16.210062
v 11.984797 21.618603 -16.210062
v 11.984797 21.618603 -16.210062
v 11.984797 21.618603 -16.210062
v 11.984797 21.048677 -15.992345
v 11.984797 21.048677 -15.992345
v 11.984797 21.048677 -15.992345
v 11.984797 21.048677 -15.992345
v 10.403021 18.614174 -15.128764
v 10.403021 18.614174 -15.128764
v 10.403021 18.614174 -15.128764
v 10.403021 23.183748 -15.128764
v 10.403021 23.183748 -15.128764
v 10.403021 23.183748 -15.128764
v 10.403021 23.183748 -15.128764
v 10.403021 23.183748 -15.128764
v 10.403021 18.614174 -15.914141
v 10.403021 18.614174 -15.914141
v 10.403021 18.614174 -15.914141
v 10.403021 20.024820 -15.914141
v 10.403021 20.024820 -15.914141
v 10.403021 20.024820 -15.914141
v 10.403021 20.024820 -15.914141
v 10.403021 20.024820 -15.914141
v 10.403022 22.363176 -16.962606
v 10.403022 22.363176 -16.962606
v 10.403022 22.363176 -16.962606
v 10.403022 22.363176 -16.962606
v 10.403022 22.363176 -16.962606
v 10.403022 22.068218 -16.541933
v 10.403022 22.068218 -16.541933
v 10.403022 22.068218 -16.541933
v 10.403022 22.068218 -16.541933
v 10.403023 22.469130 -17.458330
v 10.403023 22.469130 -17.458330
v 10.403023 22.469130 -17.458330
v 10.403023 23.183748 -17.458355
v 10.403023 23.183748 -17.458355
v 10.403022 21.618603 -16.210062
v 10.403022 21.618603 -16.210062
v 10.403022 21.618603 -16.210062
v 10.403022 21.618603 -16.210062
v 10.403022 21.048677 -15.992347
v 10.403022 21.048677 -15.992347
v 10.403022 21.048677 -15.992347
v 10.403022 21.048677 -15.992347
v 21.658222 18.614174 -15.128753
v 21.658222 18.614174 -15.128753
v 21.658222 18.614174 -15.914129
v 21.658222 18.614174 -15.914129
v 21.658222 18.614174 -15.914129
v 21.658222 23.183748 -15.128753
v 21.658222 23.183748 -15.128753
v 21.658222 23.183748 -15.128753
v 21.658222 23.183748 -15.128753
v 21.658222 23.183748 -15.128753
v 21.658222 20.024818 -15.914129
v 21.658222 20.024818 -15.914129
v 21.658222 20.024818 -15.914129
v 21.658222 20.024818 -15.914129
v 21.658222 20.024818 -15.914129
v 21.658224 22.363176 -16.962597
v 21.658224 22.363176 -16.962597
v 21.658224 22.363176 -16.962597
v 21.658224 22.363176 -16.962597
v 21.658224 22.363176 -16.962597
v 21.658224 22.068218 -16.541922
v 21.658224 22.068218 -16.541922
v 21.658224 22.068218 -16.541922
v 21.658224 22.068218 -16.541922
v 21.658224 22.469130 -17.458321
v 21.658224 22.469130 -17.458321
v 21.658224 22.469130 -17.458321
v 21.658224 23.183748 -17.458344
v 21.658224 23.183748 -17.458344
v 21.658224 23.183748 -17.458344
v 21.658222 21.618601 -16.210052
v 21.658222 21.618601 -16.210052
v 21.658222 21.618601 -16.210052
v 21.658222 21.618601 -16.210052
v 21.658222 21.048676 -15.992334
v 21.658222 21.048676 -15.992334
v 21.658222 21.048676 -15.992334
v 21.658222 21.048676 -15.992334
v 20.076448 18.614174 -15.128755
v 20.076448 18.614174 -15.128755
v 20.076448 18.614174 -15.128755
v 20.076448 23.183748 -15.128755
v 20.076448 23.183748 -15.128755
v 20.076448 23.183748 -15.128755
v 20.076448 23.183748 -15.128755
v 20.076448 23.183748 -15.128755
v 20.076448 18.614174 -15.914131
v 20.076448 18.614174 -15.914131
v 20.076448 18.614174 -15.914131
v 20.076448 20.024820 -15.914131
v 20.076448 20.024820 -15.914131
v 20.076448 20.024820 -15.914131
v 20.076448 20.024820 -15.914131
v 20.076448 20.024820 -15.914131
v 20.076450 22.363176 -16.962599
v 20.076450 22.363176 -16.962599
v 20.076450 22.363176 -16.962599
v 20.076450 22.363176 -16.962599
v 20.076450 22.363176 -16.962599
v 20.076450 22.068218 -16.541924
v 20.076450 22.068218 -16.541924
v 20.076450 22.068218 -16.541924
v 20.076450 22.068218 -16.541924
v 20.076450 22.469130 -17.458323
v 20.076450 22.469130 -17.458323
v 20.076450 22.469130 -17.458323
v 20.076450 23.183748 -17.458345
v 20.076450 23.183748 -17.458345
v 20.076448 21.618603 -16.210054
v 20.076448 21.618603 -16.210054
v 20.076448 21.618603 -16.210054
v 20.076448 21.618603 -16.210054
v 20.076448 21.048677 -15.992336
v 20.076448 21.048677 -15.992336
v 20.076448 21.048677 -15.992336
v 20.076448 21.048677 -15.992336
v -20.170668 18.614174 15.914153
v -20.170668 18.614174 15.914153
v -20.170668 18.614174 15.914153
v -20.170668 18.614174 15.128778
v -20.170668 18.614174 15.128778
v -20.170668 23.183748 15.128778
v -20.170668 23.183748 15.128778
v -20.170668 23.183748 15.128778
v -20.170668 23.183748 15.128778
v -20.170668 23.183748 15.128778
v -20.170668 20.024818 15.914153
v -20.170668 20.024818 15.914153
v -20.170668 20.024818 15.914153
v -20.170668 20.024818 15.914153
v -20.170668 20.024818 15.914153
v -20.170670 22.363176 16.962620
v -20.170670 22.363176 16.962620
v -20.170670 22.363176 16.962620
v -20.170670 22.363176 16.962620
v -20.170670 22.363176 16.962620
v -20.170670 22.068218 16.541946
v -20.170670 22.068218 16.541946
v -20.170670 22.068218 16.541946
v -20.170670 22.068218 16.541946
v -20.170670 23.183748 17.458368
v -20.170670 23.183748 17.458368
v -20.170670 23.183748 17.458368
v -20.170670 22.469128 17.458345
v -20.170670 22.469128 17.458345
v -20.170670 22.469128 17.458345
v -20.170668 21.618601 16.210073
v -20.170668 21.618601 16.210073
v -20.170668 21.618601 16.210073
v -20.170668 21.618601 16.210073
v -20.170668 21.048676 15.992359
v -20.170668 21.048676 15.992359
v -20.170668 21.048676 15.992359
v -20.170668 21.048676 15.992359
v -21.752443 23.183748 15.128776
v -21.752443 23.183748 15.128776
v -21.752443 23.183748 15.128776
v -21.752443 23.183748 15.128776
v -21.752443 23.183748 15.128776
v -21.752443 18.614174 15.128776
v -21.752443 18.614174 15.128776
v -21.752443 18.614174 15.128776
v -21.752443 18.614174 15.914151
v -21.752443 18.614174 15.914151
v -21.752443 18.614174 15.914151
v -21.752443 20.024818 15.914151
v -21.752443 20.024818 15.914151
v -21.752443 20.024818 15.914151
v -21.752443 20.024818 15.914151
v -21.752443 20.024818 15.914151
v -21.752445 22.068218 16.541945
v -21.752445 22.068218 16.541945
v -21.752445 22.068218 16.541945
v -21.752445 22.068218 16.541945
v -21.752445 22.363176 16.962618
v -21.752445 22.363176 16.962618
v -21.752445 22.363176 16.962618
v -21.752445 22.363176 16.962618
v -21.752445 22.363176 16.962618
v -21.752445 22.469128 17.458344
v -21.752445 22.469128 17.458344
v -21.752445 22.469128 17.458344
v -21.752445 23.183748 17.458366
v -21.752445 23.183748 17.458366
v -21.752443 21.618601 16.210072
v -21.752443 21.618601 16.210072
v -21.752443 21.618601 16.210072
v -21.752443 21.618601 16.210072
v -21.752443 21.048676 15.992357
v -21.752443 21.048676 15.992357
v -21.752443 21.048676 15.992357
v -21.752443 21.048676 15.992357
v -9.824851 18.614174 15.914160
v -9.824851 18.614174 15.914160
v -9.824851 18.614174 15.914160
v -9.824851 18.614174 15.128783
v -9.824851 18.614174 15.128783
v -9.824851 23.183746 15.128783
v -9.824851 23.183746 15.128783
v -9.824851 23.183746 15.128783
v -9.824851 23.183746 15.128783
v -9.824851 23.183746 15.128783
v -9.824851 20.024818 15.914160
v -9.824851 20.024818 15.914160
v -9.824851 20.024818 15.914160
v -9.824851 20.024818 15.914160
v -9.824851 20.024818 15.914160
v -9.824852 22.363176 16.962629
v -9.824852 22.363176 16.962629
v -9.824852 22.363176 16.962629
v -9.824852 22.363176 16.962629
v -9.824852 22.363176 16.962629
v -9.824852 22.068216 16.541954
v -9.824852 22.068216 16.541954
v -9.824852 22.068216 16.541954
v -9.824852 22.068216 16.541954
v -9.824853 23.183746 17.458376
v -9.824853 23.183746 17.458376
v -9.824853 23.183746 17.458376
v -9.824853 22.469128 17.458351
v -9.824853 22.469128 17.458351
v -9.824853 22.469128 17.458351
v -9.824852 21.618601 16.210081
v -9.824852 21.618601 16.210081
v -9.824852 21.618601 16.210081
v -9.824852 21.618601 16.210081
v -9.824852 21.048676 15.992366
v -9.824852 21.048676 15.992366
v -9.824852 21.048676 15.992366
v -9.824852 21.048676 15.992366
v -11.406631 23.183746 15.128782
v -11.406631 23.183746 15.128782
v -11.406631 23.183746 15.128782
v -11.406631 23.183746 15.128782
v -11.406631 23.183746 15.128782
v -11.406631 18.614174 15.128782
v -11.406631 18.614174 15.128782
v -11.406631 18.614174 15.128782
v -11.406631 18.614174 15.914159
v -11.406631 18.614174 15.914159
v -11.406631 18.614174 15.914159
v -11.406631 20.024818 15.914159
v -11.406631 20.024818 15.914159
v -11.406631 20.024818 15.914159
v -11.406631 20.024818 15.914159
v -11.406631 20.024818 15.914159
v -11.406632 22.068216 16.541952
v -11.406632 22.068216 16.541952
v -11.406632 22.068216 16.541952
v -11.406632 22.068216 16.541952
v -11.406632 22.363176 16.962627
v -11.406632 22.363176 16.962627
v -11.406632 22.363176 16.962627
v -11.406632 22.363176 16.962627
v -11.406632 22.363176 16.962627
v -11.406633 22.469128 17.458349
v -11.406633 22.469128 17.458349
v -11.406633 22.469128 17.458349
v -11.406633 23.183746 17.458374
v -11.406633 23.183746 17.458374
v -11.406632 21.618601 16.210079
v -11.406632 21.618601 16.210079
v -11.406632 21.618601 16.210079
v -11.406632 21.618601 16.210079
v -11.406632 21.048676 15.992365
v -11.406632 21.048676 15.992365
v -11.406632 21.048676 15.992365
v -11.406632 21.048676 15.992365
v 0.921294 18.614174 15.914169
v 0.921294 18.614174 15.914169
v 0.921294 18.614174 15.914169
v 0.921294 18.614174 15.128792
v 0.921294 18.614174 15.128792
v 0.921294 23.183746 15.128792
v 0.921294 23.183746 15.128792
v 0.921294 23.183746 15.128792
v 0.921294 23.183746 15.128792
v 0.921294 23.183746 15.128792
v 0.921294 20.024818 15.914169
v 0.921294 20.024818 15.914169
v 0.921294 20.024818 15.914169
v 0.921294 20.024818 15.914169
v 0.921294 20.024818 15.914169
v 0.921293 22.363174 16.962635
v 0.921293 22.363174 16.962635
v 0.921293 22.363174 16.962635
v 0.921293 22.363174 16.962635
v 0.921293 22.363174 16.962635
v 0.921293 22.068216 16.541962
v 0.921293 22.068216 16.541962
v 0.921293 22.068216 16.541962
v 0.921293 22.068216 16.541962
v 0.921292 23.183746 17.458384
v 0.921292 23.183746 17.458384
v 0.921292 23.183746 17.458384
v 0.921292 22.469128 17.458359
v 0.921292 22.469128 17.458359
v 0.921292 22.469128 17.458359
v 0.921293 21.618601 16.210087
v 0.921293 21.618601 16.210087
v 0.921293 21.618601 16.210087
v 0.921293 21.618601 16.210087
v 0.921293 21.048676 15.992373
v 0.921293 21.048676 15.992373
v 0.921293 21.048676 15.992373
v 0.921293 21.048676 15.992373
v -0.660486 23.183746 15.128790
v -0.660486 23.183746 15.128790
v -0.660486 23.183746 15.128790
v -0.660486 23.183746 15.128790
v -0.660486 23.183746 15.128790
v -0.660486 18.614174 15.128790
v -0.660486 18.614174 15.128790
v -0.660486 18.614174 15.128790
v -0.660486 18.614174 15.914167
v -0.660486 18.614174 15.914167
v -0.660486 18.614174 15.914167
v -0.660486 20.024818 15.914167
v -0.660486 20.024818 15.914167
v -0.660486 20.024818 15.914167
v -0.660486 20.024818 15.914167
v -0.660486 20.024818 15.914167
v -0.660487 22.068216 16.541962
v -0.660487 22.068216 16.541962
v -0.660487 22.068216 16.541962
v -0.660487 22.068216 16.541962
v -0.660487 22.363174 16.962635
v -0.660487 22.363174 16.962635
v -0.660487 22.363174 16.962635
v -0.660487 22.363174 16.962635
v -0.660487 22.363174 16.962635
v -0.660488 22.469128 17.458359
v -0.660488 22.469128 17.458359
v -0.660488 22.469128 17.458359
v -0.660488 23.183746 17.458384
v -0.660488 23.183746 17.458384
v -0.660487 21.618601 16.210087
v -0.660487 21.618601 16.210087
v -0.660487 21.618601 16.210087
v -0.660487 21.618601 16.210087
v -0.660486 21.048676 15.992372
v -0.660486 21.048676 15.992372
v -0.660486 21.048676 15.992372
v -0.660486 21.048676 15.992372
v 11.984791 18.614174 15.914177
v 11.984791 18.614174 15.914177
v 11.984791 18.614174 15.914177
v 11.984791 18.614174 15.128801
v 11.984791 18.614174 15.128801
v 11.984791 23.183748 15.128801
v 11.984791 23.183748 15.128801
v 11.984791 23.183748 15.128801
v 11.984791 23.183748 15.128801
v 11.984791 23.183748 15.128801
v 11.984791 20.024820 15.914177
v 11.984791 20.024820 15.914177
v 11.984791 20.024820 15.914177
v 11.984791 20.024820 15.914177
v 11.984791 20.024820 15.914177
v 11.984790 22.363176 16.962643
v 11.984790 22.363176 16.962643
v 11.984790 22.363176 16.962643
v 11.984790 22.363176 16.962643
v 11.984790 22.363176 16.962643
v 11.984790 22.068218 16.541969
v 11.984790 22.068218 16.541969
v 11.984790 22.068218 16.541969
v 11.984790 22.068218 16.541969
v 11.984789 23.183748 17.458391
v 11.984789 23.183748 17.458391
v 11.984789 23.183748 17.458391
v 11.984789 22.469130 17.458366
v 11.984789 22.469130 17.458366
v 11.984789 22.469130 17.458366
v 11.984790 21.618603 16.210096
v 11.984790 21.618603 16.210096
v 11.984790 21.618603 16.210096
v 11.984790 21.618603 16.210096
v 11.984790 21.048677 15.992383
v 11.984790 21.048677 15.992383
v 11.984790 21.048677 15.992383
v 11.984790 21.048677 15.992383
v 10.403010 23.183748 15.128799
v 10.403010 23.183748 15.128799
v 10.403010 23.183748 15.128799
v 10.403010 23.183748 15.128799
v 10.403010 23.183748 15.128799
v 10.403010 18.614174 15.128799
v 10.403010 18.614174 15.128799
v 10.403010 18.614174 15.128799
v 10.403010 18.614174 15.914175
v 10.403010 18.614174 15.914175
v 10.403010 18.614174 15.914175
v 10.403010 20.024820 15.914175
v 10.403010 20.024820 15.914175
v 10.403010 20.024820 15.914175
v 10.403010 20.024820 15.914175
v 10.403010 20.024820 15.914175
v 10.403009 22.068218 16.541969
v 10.403009 22.068218 16.541969
v 10.403009 22.068218 16.541969
v 10.403009 22.068218 16.541969
v 10.403009 22.363176 16.962643
v 10.403009 22.363176 16.962643
v 10.403009 22.363176 16.962643
v 10.403009 22.363176 16.962643
v 10.403009 22.363176 16.962643
v 10.403008 22.469130 17.458366
v 10.403008 22.469130 17.458366
v 10.403008 22.469130 17.458366
v 10.403008 23.183748 17.458391
v 10.403008 23.183748 17.458391
v 10.403009 21.618603 16.210096
v 10.403009 21.618603 16.210096
v 10.403009 21.618603 16.210096
v 10.403009 21.618603 16.210096
v 10.403009 21.048677 15.992381
v 10.403009 21.048677 15.992381
v 10.403009 21.048677 15.992381
v 10.403009 21.048677 15.992381
v 21.658216 18.614174 15.914185
v 21.658216 18.614174 15.914185
v 21.658216 18.614174 15.914185
v 21.658216 18.614174 15.128808
v 21.658216 18.614174 15.128808
v 21.658216 23.183748 15.128808
v 21.658216 23.183748 15.128808
v 21.658216 23.183748 15.128808
v 21.658216 23.183748 15.128808
v 21.658216 23.183748 15.128808
v 21.658216 20.024818 15.914185
v 21.658216 20.024818 15.914185
v 21.658216 20.024818 15.914185
v 21.658216 20.024818 15.914185
v 21.658216 20.024818 15.914185
v 21.658215 22.363176 16.962652
v 21.658215 22.363176 16.962652
v 21.658215 22.363176 16.962652
v 21.658215 22.363176 16.962652
v 21.658215 22.363176 16.962652
v 21.658215 22.068218 16.541977
v 21.658215 22.068218 16.541977
v 21.658215 22.068218 16.541977
v 21.658215 22.068218 16.541977
v 21.658215 23.183748 17.458399
v 21.658215 23.183748 17.458399
v 21.658215 23.183748 17.458399
v 21.658215 22.469130 17.458376
v 21.658215 22.469130 17.458376
v 21.658215 22.469130 17.458376
v 21.658216 21.618601 16.210104
v 21.658216 21.618601 16.210104
v 21.658216 21.618601 16.210104
v 21.658216 21.618601 16.210104
v 21.658216 21.048676 15.992391
v 21.658216 21.048676 15.992391
v 21.658216 21.048676 15.992391
v 21.658216 21.048676 15.992391
v 20.076437 23.183748 15.128806
v 20.076437 23.183748 15.128806
v 20.076437 23.183748 15.128806
v 20.076437 23.183748 15.128806
v 20.076437 23.183748 15.128806
v 20.076437 18.614174 15.128806
v 20.076437 18.614174 15.128806
v 20.076437 18.614174 15.128806
v 20.076437 18.614174 15.914183
v 20.076437 18.614174 15.914183
v 20.076437 18.614174 15.914183
v 20.076437 20.024820 15.914183
v 20.076437 20.024820 15.914183
v 20.076437 20.024820 15.914183
v 20.076437 20.024820 15.914183
v 20.076437 20.024820 15.914183
v 20.076435 22.068218 16.541975
v 20.076435 22.068218 16.541975
v 20.076435 22.068218 16.541975
v 20.076435 22.068218 16.541975
v 20.076435 22.363176 16.962650
v 20.076435 22.363176 16.962650
v 20.076435 22.363176 16.962650
v 20.076435 22.363176 16.962650
v 20.076435 22.363176 16.962650
v 20.076435 22.469130 17.458374
v 20.076435 22.469130 17.458374
v 20.076435 22.469130 17.458374
v 20.076435 23.183748 17.458397
v 20.076435 23.183748 17.458397
v 20.076437 21.618603 16.210102
v 20.076437 21.618603 16.210102
v 20.076437 21.618603 16.210102
v 20.076437 21.618603 16.210102
v 20.076437 21.048677 15.992389
v 20.076437 21.048677 15.992389
v 20.076437 21.048677 15.992389
v 20.076437 21.048677 15.992389
v 8.523332 5.249652 23.134909
v 8.523332 5.249652 23.134909
v 8.523332 5.249652 23.134909
v 8.523336 5.249652 17.211634
v 8.523336 5.249652 17.211634
v 8.523336 5.249652 17.211634
v 8.523336 5.249652 17.211634
v 10.212481 5.249652 17.211636
v 10.212481 5.249652 17.211636
v 10.212481 5.249652 17.211636
v 10.212477 5.249652 23.134911
v 10.212477 5.249652 23.134911
v 10.212477 5.249652 23.134911
v 10.212477 5.249652 23.134911
v 8.523332 5.788438 23.134909
v 8.523332 5.788438 23.134909
v 8.523332 5.788438 23.134909
v 10.212477 5.788438 23.134911
v 10.212477 5.788438 23.134911
v 10.212477 5.788438 23.134911
v 10.212477 5.788438 23.134911
v 10.212481 5.788436 17.211636
v 10.212481 5.788436 17.211636
v 10.212481 5.788436 17.211636
v 8.523336 5.788436 17.211634
v 8.523336 5.788436 17.211634
v 8.523336 5.788436 17.211634
v 8.523336 5.788436 17.211634
v 10.243021 5.249652 23.134911
v 10.243021 5.249652 23.134911
v 10.243021 5.249652 23.134911
v 10.243026 5.249652 17.211636
v 10.243026 5.249652 17.211636
v 10.243026 5.249652 17.211636
v 10.243026 5.249652 17.211636
v 11.932172 5.249652 17.211636
v 11.932172 5.249652 17.211636
v 11.932172 5.249652 17.211636
v 11.932167 5.249652 23.134911
v 11.932167 5.249652 23.134911
v 11.932167 5.249652 23.134911
v 11.932167 5.249652 23.134911
v 10.243021 5.788438 23.134911
v 10.243021 5.788438 23.134911
v 10.243021 5.788438 23.134911
v 11.932167 5.788438 23.134911
v 11.932167 5.788438 23.134911
v 11.932167 5.788438 23.134911
v 11.932167 5.788438 23.134911
v 11.932172 5.788436 17.211636
v 11.932172 5.788436 17.211636
v 11.932172 5.788436 17.211636
v 10.243026 5.788436 17.211636
v 10.243026 5.788436 17.211636
v 10.243026 5.788436 17.211636
v 10.243026 5.788436 17.211636
v 11.962712 5.249652 23.134911
v 11.962712 5.249652 23.134911
v 11.962712 5.249652 23.134911
v 11.962717 5.249652 17.211636
v 11.962717 5.249652 17.211636
v 11.962717 5.249652 17.211636
v 11.962717 5.249652 17.211636
v 13.651863 5.249652 17.211637
v 13.651863 5.249652 17.211637
v 13.651863 5.249652 17.211637
v 13.651858 5.249652 23.134912
v 13.651858 5.249652 23.134912
v 13.651858 5.249652 23.134912
v 13.651858 5.249652 23.134912
v 11.962712 5.788438 23.134911
v 11.962712 5.788438 23.134911
v 11.962712 5.788438 23.134911
v 13.651858 5.788438 23.134912
v 13.651858 5.788438 23.134912
v 13.651858 5.788438 23.134912
v 13.651858 5.788438 23.134912
v 13.651863 5.788436 17.211637
v 13.651863 5.788436 17.211637
v 13.651863 5.788436 17.211637
v 11.962717 5.788436 17.211636
v 11.962717 5.788436 17.211636
v 11.962717 5.788436 17.211636
v 11.962717 5.788436 17.211636
v 13.682401 5.249652 23.134912
v 13.682401 5.249652 23.134912
v 13.682401 5.249652 23.134912
v 13.682405 5.249652 17.211637
v 13.682405 5.249652 17.211637
v 13.682405 5.249652 17.211637
v 13.682405 5.249652 17.211637
v 15.371551 5.249652 17.211639
v 15.371551 5.249652 17.211639
v 15.371551 5.249652 17.211639
v 15.371546 5.249652 23.134914
v 15.371546 5.249652 23.134914
v 15.371546 5.249652 23.134914
v 15.371546 5.249652 23.134914
v 13.682401 5.788438 23.134912
v 13.682401 5.788438 23.134912
v 13.682401 5.788438 23.134912
v 15.371546 5.788438 23.134914
v 15.371546 5.788438 23.134914
v 15.371546 5.788438 23.134914
v 15.371546 5.788438 23.134914
v 15.371551 5.788436 17.211639
v 15.371551 5.788436 17.211639
v 15.371551 5.788436 17.211639
v 13.682405 5.788436 17.211637
v 13.682405 5.788436 17.211637
v 13.682405 5.788436 17.211637
v 13.682405 5.788436 17.211637
v 15.402091 5.249652 23.134914
v 15.402091 5.249652 23.134914
v 15.402091 5.249652 23.134914
v 15.402096 5.249652 17.211639
v 15.402096 5.249652 17.211639
v 15.402096 5.249652 17.211639
v 15.402096 5.249652 17.211639
v 17.091244 5.249652 17.211641
v 17.091244 5.249652 17.211641
v 17.091244 5.249652 17.211641
v 17.091238 5.249652 23.134916
v 17.091238 5.249652 23.134916
v 17.091238 5.249652 23.134916
v 17.091238 5.249652 23.134916
v 15.402091 5.788438 23.134914
v 15.402091 5.788438 23.134914
v 15.402091 5.788438 23.134914
v 17.091238 5.788438 23.134916
v 17.091238 5.788438 23.134916
v 17.091238 5.788438 23.134916
v 17.091238 5.788438 23.134916
v 17.091244 5.788436 17.211641
v 17.091244 5.788436 17.211641
v 17.091244 5.788436 17.211641
v 15.402096 5.788436 17.211639
v 15.402096 5.788436 17.211639
v 15.402096 5.788436 17.211639
v 15.402096 5.788436 17.211639
v 17.121780 5.249652 23.134916
v 17.121780 5.249652 23.134916
v 17.121780 5.249652 23.134916
v 17.121786 5.249652 17.211641
v 17.121786 5.249652 17.211641
v 17.121786 5.249652 17.211641
v 17.121786 5.249652 17.211641
v 18.810932 5.249652 17.211643
v 18.810932 5.249652 17.211643
v 18.810932 5.249652 17.211643
v 18.810926 5.249652 23.134918
v 18.810926 5.249652 23.134918
v 18.810926 5.249652 23.134918
v 18.810926 5.249652 23.134918
v 17.121780 5.788438 23.134916
v 17.121780 5.788438 23.134916
v 17.121780 5.788438 23.134916
v 18.810926 5.788438 23.134918
v 18.810926 5.788438 23.134918
v 18.810926 5.788438 23.134918
v 18.810926 5.788438 23.134918
v 18.810932 5.788436 17.211643
v 18.810932 5.788436 17.211643
v 18.810932 5.788436 17.211643
v 17.121786 5.788436 17.211641
v 17.121786 5.788436 17.211641
v 17.121786 5.788436 17.211641
v 17.121786 5.788436 17.211641
v 9.223518 8.712578 17.683830
v 9.223518 8.712578 17.683830
v 9.223518 8.712578 17.683830
v 9.223518 -0.008727 17.683828
v 9.223518 -0.008727 17.683828
v 9.124782 8.712578 17.445459
v 9.124782 8.712578 17.445459
v 9.124782 8.712578 17.445459
v 9.124782 8.712578 17.445459
v 9.124782 8.712578 17.445459
v 9.124782 8.712578 17.445459
v 9.124782 8.712578 17.445459
v 9.124782 8.712578 17.445459
v 9.124782 -0.008727 17.445457
v 9.124782 -0.008727 17.445457
v 8.886410 8.712578 17.346722
v 8.886410 8.712578 17.346722
v 8.886410 8.712578 17.346722
v 8.886410 -0.008727 17.346722
v 8.886410 -0.008727 17.346722
v 8.648038 8.712578 17.445459
v 8.648038 8.712578 17.445459
v 8.648038 8.712578 17.445459
v 8.648038 8.712578 17.445459
v 8.648038 -0.008727 17.445457
v 8.648038 -0.008727 17.445457
v 8.549301 8.712578 17.683830
v 8.549301 8.712578 17.683830
v 8.549301 8.712578 17.683830
v 8.549301 8.712578 17.683830
v 8.549301 -0.008727 17.683828
v 8.549301 -0.008727 17.683828
v 8.648038 8.712578 17.922203
v 8.648038 8.712578 17.922203
v 8.648038 8.712578 17.922203
v 8.648038 8.712578 17.922203
v 8.648038 -0.008727 17.922201
v 8.648038 -0.008727 17.922201
v 8.886410 8.712578 18.020939
v 8.886410 8.712578 18.020939
v 8.886410 8.712578 18.020939
v 8.886410 8.712578 18.020939
v 8.886410 -0.008727 18.020939
v 8.886410 -0.008727 18.020939
v 9.124782 8.712578 17.922203
v 9.124782 8.712578 17.922203
v 9.124782 8.712578 17.922203
v 9.124782 8.712578 17.922203
v 9.124782 -0.008727 17.922201
v 9.124782 -0.008727 17.922201
v 9.223514 -0.008727 22.662710
v 9.223514 -0.008727 22.662710
v 9.223514 8.712578 22.662710
v 9.223514 8.712578 22.662710
v 9.223514 8.712578 22.662710
v 9.223514 8.712578 22.662710
v 9.124777 8.712578 22.901083
v 9.124777 8.712578 22.901083
v 9.124777 8.712578 22.901083
v 9.124777 8.712578 22.901083
v 9.124777 -0.008727 22.901083
v 9.124777 -0.008727 22.901083
v 8.886405 8.712578 22.999821
v 8.886405 8.712578 22.999821
v 8.886405 8.712578 22.999821
v 8.886405 -0.008727 22.999819
v 8.886405 -0.008727 22.999819
v 8.648033 8.712578 22.901083
v 8.648033 8.712578 22.901083
v 8.648033 8.712578 22.901083
v 8.648033 8.712578 22.901083
v 8.648033 8.712578 22.901083
v 8.648033 8.712578 22.901083
v 8.648033 8.712578 22.901083
v 8.648033 8.712578 22.901083
v 8.648033 -0.008727 22.901083
v 8.648033 -0.008727 22.901083
v 8.549296 8.712578 22.662710
v 8.549296 8.712578 22.662710
v 8.549296 8.712578 22.662710
v 8.549296 -0.008727 22.662710
v 8.549296 -0.008727 22.662710
v 8.648034 8.712578 22.424339
v 8.648034 8.712578 22.424339
v 8.648034 8.712578 22.424339
v 8.648034 8.712578 22.424339
v 8.648034 -0.008727 22.424339
v 8.648034 -0.008727 22.424339
v 8.886406 8.712578 22.325603
v 8.886406 8.712578 22.325603
v 8.886406 8.712578 22.325603
v 8.886406 8.712578 22.325603
v 8.886406 -0.008727 22.325603
v 8.886406 -0.008727 22.325603
v 9.124778 8.712578 22.424339
v 9.124778 8.712578 22.424339
v 9.124778 8.712578 22.424339
v 9.124778 8.712578 22.424339
v 9.124778 -0.008727 22.424339
v 9.124778 -0.008727 22.424339
v 17.940689 8.712578 22.662718
v 17.940689 8.712578 22.662718
v 17.940689 8.712578 22.662718
v 17.940689 -0.008727 22.662718
v 17.940689 -0.008727 22.662718
v 18.039429 8.712578 22.901091
v 18.039429 8.712578 22.901091
v 18.039429 8.712578 22.901091
v 18.039429 8.712578 22.901091
v 18.039429 8.712578 22.901091
v 18.039429 8.712578 22.901091
v 18.039429 8.712578 22.901091
v 18.039429 8.712578 22.901091
v 18.039429 -0.008727 22.901091
v 18.039429 -0.008727 22.901091
v 18.277798 8.712578 22.999828
v 18.277798 8.712578 22.999828
v 18.277798 8.712578 22.999828
v 18.277798 -0.008727 22.999826
v 18.277798 -0.008727 22.999826
v 18.516171 8.712578 22.901091
v 18.516171 8.712578 22.901091
v 18.516171 8.712578 22.901091
v 18.516171 8.712578 22.901091
v 18.516171 -0.008727 22.901091
v 18.516171 -0.008727 22.901091
v 18.614906 8.712578 22.662718
v 18.614906 8.712578 22.662718
v 18.614906 8.712578 22.662718
v 18.614906 8.712578 22.662718
v 18.614906 -0.008727 22.662718
v 18.614906 -0.008727 22.662718
v 18.516171 8.712578 22.424347
v 18.516171 8.712578 22.424347
v 18.516171 8.712578 22.424347
v 18.516171 8.712578 22.424347
v 18.516171 -0.008727 22.424347
v 18.516171 -0.008727 22.424347
v 18.277798 8.712578 22.325611
v 18.277798 8.712578 22.325611
v 18.277798 8.712578 22.325611
v 18.277798 8.712578 22.325611
v 18.277798 -0.008727 22.325611
v 18.277798 -0.008727 22.325611
v 18.039429 8.712578 22.424347
v 18.039429 8.712578 22.424347
v 18.039429 8.712578 22.424347
v 18.039429 8.712578 22.424347
v 18.039429 -0.008727 22.424347
v 18.039429 -0.008727 22.424347
v 18.848227 5.272351 22.991932
v 18.848227 5.272351 22.991932
v 18.848227 5.272351 22.991932
v 18.848227 5.272351 22.991932
v 26.701679 0.018416 22.991938
v 26.701679 0.018416 22.991938
v 26.701679 0.018416 22.991938
v 28.565792 0.017253 22.991940
v 28.565792 0.017253 22.991940
v 28.565792 0.017253 22.991940
v 28.565792 0.017253 22.991940
v 18.848278 6.540919 22.991932
v 18.848278 6.540919 22.991932
v 18.848278 6.540919 22.991932
v 28.565792 0.017253 22.504436
v 28.565792 0.017253 22.504436
v 18.848278 6.540919 22.504429
v 18.848278 6.540919 22.504429
v 18.848278 6.540919 22.504429
v 18.848278 6.540919 22.504429
v 18.848278 6.540919 22.504429
v 26.701679 0.018416 22.504435
v 26.701679 0.018416 22.504435
v 26.701679 0.018416 22.504435
v 26.701679 0.018416 22.504435
v 26.701679 0.018416 22.504435
v 18.848227 5.272351 22.504429
v 18.848227 5.272351 22.504429
v 26.701683 0.018417 17.281532
v 26.701683 0.018417 17.281532
v 26.701683 0.018417 17.281532
v 18.848230 5.272351 17.281527
v 18.848230 5.272351 17.281527
v 18.848230 5.272351 17.281527
v 18.848230 5.272351 17.281527
v 28.565796 0.017253 17.281534
v 28.565796 0.017253 17.281534
v 28.565796 0.017253 17.281534
v 28.565796 0.017253 17.281534
v 18.848282 6.540919 17.281527
v 18.848282 6.540919 17.281527
v 18.848282 6.540919 17.281527
v 28.565796 0.017253 17.769039
v 28.565796 0.017253 17.769039
v 18.848282 6.540919 17.769032
v 18.848282 6.540919 17.769032
v 18.848282 6.540919 17.769032
v 18.848282 6.540919 17.769032
v 18.848282 6.540919 17.769032
v 26.701683 0.018417 17.769037
v 26.701683 0.018417 17.769037
v 26.701683 0.018417 17.769037
v 26.701683 0.018417 17.769037
v 26.701683 0.018417 17.769037
v 18.848230 5.272351 17.769032
v 18.848230 5.272351 17.769032
v 18.856068 4.733668 22.531715
v 18.856068 4.733668 22.531715
v 18.856068 4.733668 22.531715
v 18.856071 4.733668 17.749895
v 18.856071 4.733668 17.749895
v 18.856071 4.733668 17.749895
v 18.856071 4.733668 17.749895
v 20.545216 4.733668 17.749895
v 20.545216 4.733668 17.749895
v 20.545216 4.733668 17.749895
v 20.545212 4.733668 22.531715
v 20.545212 4.733668 22.531715
v 20.545212 4.733668 22.531715
v 20.545212 4.733668 22.531715
v 18.856068 5.272454 22.531715
v 18.856068 5.272454 22.531715
v 18.856068 5.272454 22.531715
v 20.545212 5.272454 22.531715
v 20.545212 5.272454 22.531715
v 20.545212 5.272454 22.531715
v 20.545212 5.272454 22.531715
v 20.545216 5.272454 17.749895
v 20.545216 5.272454 17.749895
v 20.545216 5.272454 17.749895
v 18.856071 5.272454 17.749895
v 18.856071 5.272454 17.749895
v 18.856071 5.272454 17.749895
v 18.856071 5.272454 17.749895
v 20.117891 3.922528 22.531715
v 20.117891 3.922528 22.531715
v 20.117891 3.922528 22.531715
v 20.117895 3.922529 17.749895
v 20.117895 3.922529 17.749895
v 20.117895 3.922529 17.749895
v 20.117895 3.922529 17.749895
v 21.807039 3.922529 17.749897
v 21.807039 3.922529 17.749897
v 21.807039 3.922529 17.749897
v 21.807035 3.922528 22.531717
v 21.807035 3.922528 22.531717
v 21.807035 3.922528 22.531717
v 21.807035 3.922528 22.531717
v 20.117891 4.461314 22.531715
v 20.117891 4.461314 22.531715
v 20.117891 4.461314 22.531715
v 21.807035 4.461314 22.531717
v 21.807035 4.461314 22.531717
v 21.807035 4.461314 22.531717
v 21.807035 4.461314 22.531717
v 21.807039 4.461314 17.749897
v 21.807039 4.461314 17.749897
v 21.807039 4.461314 17.749897
v 20.117895 4.461314 17.749895
v 20.117895 4.461314 17.749895
v 20.117895 4.461314 17.749895
v 20.117895 4.461314 17.749895
v 21.322063 3.111390 22.531717
v 21.322063 3.111390 22.531717
v 21.322063 3.111390 22.531717
v 21.322067 3.111390 17.749897
v 21.322067 3.111390 17.749897
v 21.322067 3.111390 17.749897
v 21.322067 3.111390 17.749897
v 23.011211 3.111390 17.749897
v 23.011211 3.111390 17.749897
v 23.011211 3.111390 17.749897
v 23.011208 3.111390 22.531717
v 23.011208 3.111390 22.531717
v 23.011208 3.111390 22.531717
v 23.011208 3.111390 22.531717
v 21.322063 3.650174 22.531717
v 21.322063 3.650174 22.531717
v 21.322063 3.650174 22.531717
v 23.011208 3.650174 22.531717
v 23.011208 3.650174 22.531717
v 23.011208 3.650174 22.531717
v 23.011208 3.650174 22.531717
v 23.011211 3.650174 17.749897
v 23.011211 3.650174 17.749897
v 23.011211 3.650174 17.749897
v 21.322067 3.650174 17.749897
v 21.322067 3.650174 17.749897
v 21.322067 3.650174 17.749897
v 21.322067 3.650174 17.749897
v 22.526239 2.300250 22.531717
v 22.526239 2.300250 22.531717
v 22.526239 2.300250 22.531717
v 22.526243 2.300248 17.749897
v 22.526243 2.300248 17.749897
v 22.526243 2.300248 17.749897
v 22.526243 2.300248 17.749897
v 24.215387 2.300248 17.749899
v 24.215387 2.300248 17.749899
v 24.215387 2.300248 17.749899
v 24.215384 2.300250 22.531719
v 24.215384 2.300250 22.531719
v 24.215384 2.300250 22.531719
v 24.215384 2.300250 22.531719
v 22.526239 2.839034 22.531717
v 22.526239 2.839034 22.531717
v 22.526239 2.839034 22.531717
v 24.215384 2.839034 22.531719
v 24.215384 2.839034 22.531719
v 24.215384 2.839034 22.531719
v 24.215384 2.839034 22.531719
v 24.215387 2.839034 17.749899
v 24.215387 2.839034 17.749899
v 24.215387 2.839034 17.749899
v 22.526243 2.839034 17.749897
v 22.526243 2.839034 17.749897
v 22.526243 2.839034 17.749897
v 22.526243 2.839034 17.749897
v 24.896200 0.677970 22.531719
v 24.896200 0.677970 22.531719
v 24.896200 0.677970 22.531719
v 24.896204 0.677970 17.749899
v 24.896204 0.677970 17.749899
v 24.896204 0.677970 17.749899
v 24.896204 0.677970 17.749899
v 26.585348 0.677970 17.749901
v 26.585348 0.677970 17.749901
v 26.585348 0.677970 17.749901
v 26.585344 0.677970 22.531721
v 26.585344 0.677970 22.531721
v 26.585344 0.677970 22.531721
v 26.585344 0.677970 22.531721
v 24.896200 1.216754 22.531719
v 24.896200 1.216754 22.531719
v 24.896200 1.216754 22.531719
v 26.585344 1.216754 22.531721
v 26.585344 1.216754 22.531721
v 26.585344 1.216754 22.531721
v 26.585344 1.216754 22.531721
v 26.585348 1.216754 17.749901
v 26.585348 1.216754 17.749901
v 26.585348 1.216754 17.749901
v 24.896204 1.216754 17.749899
v 24.896204 1.216754 17.749899
v 24.896204 1.216754 17.749899
v 24.896204 1.216754 17.749899
v 23.730684 1.489108 22.531719
v 23.730684 1.489108 22.531719
v 23.730684 1.489108 22.531719
v 23.730688 1.489110 17.749899
v 23.730688 1.489110 17.749899
v 23.730688 1.489110 17.749899
v 23.730688 1.489110 17.749899
v 25.419832 1.489110 17.749901
v 25.419832 1.489110 17.749901
v 25.419832 1.489110 17.749901
v 25.419828 1.489108 22.531721
v 25.419828 1.489108 22.531721
v 25.419828 1.489108 22.531721
v 25.419828 1.489108 22.531721
v 23.730684 2.027894 22.531719
v 23.730684 2.027894 22.531719
v 23.730684 2.027894 22.531719
v 25.419828 2.027894 22.531721
v 25.419828 2.027894 22.531721
v 25.419828 2.027894 22.531721
v 25.419828 2.027894 22.531721
v 25.419832 2.027894 17.749901
v 25.419832 2.027894 17.749901
v 25.419832 2.027894 17.749901
v 23.730688 2.027894 17.749899
v 23.730688 2.027894 17.749899
v 23.730688 2.027894 17.749899
v 23.730688 2.027894 17.749899
v 25.955330 0.015340 22.531721
v 25.955330 0.015340 22.531721
v 25.955330 0.015340 22.531721
v 25.955334 0.015340 17.749901
v 25.955334 0.015340 17.749901
v 25.955334 0.015340 17.749901
v 25.955334 0.015340 17.749901
v 27.644480 0.015340 17.749903
v 27.644480 0.015340 17.749903
v 27.644480 0.015340 17.749903
v 27.644476 0.015340 22.531723
v 27.644476 0.015340 22.531723
v 27.644476 0.015340 22.531723
v 27.644476 0.015340 22.531723
v 25.955330 0.554124 22.531721
v 25.955330 0.554124 22.531721
v 25.955330 0.554124 22.531721
v 27.644476 0.554124 22.531723
v 27.644476 0.554124 22.531723
v 27.644476 0.554124 22.531723
v 27.644476 0.554124 22.531723
v 27.644480 0.554124 17.749903
v 27.644480 0.554124 17.749903
v 27.644480 0.554124 17.749903
v 25.955334 0.554124 17.749901
v 25.955334 0.554124 17.749901
v 25.955334 0.554124 17.749901
v 25.955334 0.554124 17.749901
v -8.827127 18.502964 16.166849
v -8.827127 18.502964 16.166849
v -8.827127 18.502964 16.166849
v -8.827127 18.502964 16.166849
v -8.827127 18.502964 16.166849
v -14.462250 18.502964 16.166843
v -14.462250 18.502964 16.166843
v -14.462250 18.502964 16.166843
v -14.462250 18.502964 16.166843
v -13.323371 17.364084 16.166845
v -13.323371 17.364084 16.166845
v -13.323371 17.364084 16.166845
v -13.323371 17.364084 16.166845
v -13.323371 17.364084 16.166845
v -13.323371 17.364084 16.166845
v -9.966005 17.364082 16.166847
v -9.966005 17.364082 16.166847
v -9.966005 17.364082 16.166847
v -9.966005 17.364082 16.166847
v -9.966005 17.364082 16.166847
v -13.323370 17.364082 15.620278
v -13.323370 17.364082 15.620278
v -13.323370 17.364082 15.620278
v -13.323370 17.364082 15.620278
v -9.966004 17.364084 15.620281
v -9.966004 17.364084 15.620281
v -9.966004 17.364084 15.620281
v -8.827126 18.502964 15.210843
v -8.827126 18.502964 15.210843
v -14.462249 18.502964 15.210838
v -14.462249 18.502964 15.210838
v -14.462250 11.589089 16.166843
v -14.462250 11.589089 16.166843
v -14.462250 11.589089 16.166843
v -14.462250 11.589089 16.166843
v -14.462250 11.589089 16.166843
v -13.323371 12.727969 16.166845
v -13.323371 12.727969 16.166845
v -13.323371 12.727969 16.166845
v -13.323371 12.727969 16.166845
v -13.323371 12.727969 16.166845
v -13.323370 12.727969 15.620278
v -13.323370 12.727969 15.620278
v -13.323370 12.727969 15.620278
v -14.462249 11.589089 15.210838
v -14.462249 11.589089 15.210838
v -8.827127 11.589089 16.166849
v -8.827127 11.589089 16.166849
v -8.827127 11.589089 16.166849
v -8.827127 11.589089 16.166849
v -8.827127 11.589089 16.166849
v -8.827127 11.589089 16.166849
v -9.966005 12.727969 16.166847
v -9.966005 12.727969 16.166847
v -9.966005 12.727969 16.166847
v -9.966005 12.727969 16.166847
v -9.966004 12.727970 15.620281
v -9.966004 12.727970 15.620281
v -9.966004 12.727970 15.620281
v -9.966004 12.727970 15.620281
v -8.827126 11.589089 15.210843
v -8.827126 11.589089 15.210843
v -3.682941 5.780303 -15.120790
v -3.682941 18.560749 -15.120790
v -3.682941 18.560749 -15.120790
v 3.749463 18.560749 -15.120784
v 3.749463 18.560749 -15.120784
v 3.749464 18.560749 -16.488764
v 3.749464 18.560749 -16.488764
v 3.749464 18.560749 -16.488764
v 3.749464 18.560749 -16.488764
v 3.749464 5.780303 -16.488766
v 3.749464 5.780303 -16.488766
v 3.749464 5.780303 -16.488766
v -3.682940 18.560749 -16.488771
v -3.682940 18.560749 -16.488771
v -3.682940 18.560749 -16.488771
v -3.682940 18.560749 -16.488771
v -3.682940 18.560749 -16.488771
v -3.682940 5.780303 -16.488773
v -3.682940 5.780303 -16.488773
v 2.609772 17.421057 -16.488766
v 2.609772 17.421057 -16.488766
v 2.609772 17.421057 -16.488766
v 2.609772 17.421057 -16.488766
v 2.609772 17.421057 -16.488766
v 2.609772 17.421057 -16.488766
v 2.609772 5.780477 -16.488768
v -2.543248 17.421057 -16.488770
v -2.543248 17.421057 -16.488770
v -2.543248 17.421057 -16.488770
v -2.543248 17.421057 -16.488770
v -2.543248 17.421057 -16.488770
v -2.543248 5.780477 -16.488771
v -2.543248 5.780477 -16.488771
v 2.609772 5.780476 -15.928637
v 2.609772 5.780476 -15.928637
v 2.609772 5.780476 -15.928637
v -2.543248 5.780476 -15.928640
v 2.609772 17.421057 -15.928636
v 2.609772 17.421057 -15.928636
v 2.609772 17.421057 -15.928636
v -2.543248 17.421057 -15.928639
v -2.543248 17.421057 -15.928639
v -2.543248 17.421057 -15.928639
v -2.543248 17.421057 -15.928639
v 5.057744 5.249654 -23.074642
v 5.057744 5.249654 -23.074642
v 5.057744 5.249654 -23.074642
v 5.057737 5.249654 -17.151367
v 5.057737 5.249654 -17.151367
v 5.057737 5.249654 -17.151367
v 5.057737 5.249654 -17.151367
v 3.368592 5.249654 -17.151367
v 3.368592 5.249654 -17.151367
v 3.368592 5.249654 -17.151367
v 3.368598 5.249654 -23.074642
v 3.368598 5.249654 -23.074642
v 3.368598 5.249654 -23.074642
v 3.368598 5.249654 -23.074642
v 5.057744 5.788440 -23.074642
v 5.057744 5.788440 -23.074642
v 5.057744 5.788440 -23.074642
v 3.368598 5.788440 -23.074642
v 3.368598 5.788440 -23.074642
v 3.368598 5.788440 -23.074642
v 3.368598 5.788440 -23.074642
v 3.368592 5.788438 -17.151367
v 3.368592 5.788438 -17.151367
v 3.368592 5.788438 -17.151367
v 5.057737 5.788438 -17.151367
v 5.057737 5.788438 -17.151367
v 5.057737 5.788438 -17.151367
v 5.057737 5.788438 -17.151367
v 3.338054 5.249654 -23.074642
v 3.338054 5.249654 -23.074642
v 3.338054 5.249654 -23.074642
v 3.338048 5.249654 -17.151367
v 3.338048 5.249654 -17.151367
v 3.338048 5.249654 -17.151367
v 3.338048 5.249654 -17.151367
v 1.648902 5.249654 -17.151369
v 1.648902 5.249654 -17.151369
v 1.648902 5.249654 -17.151369
v 1.648908 5.249654 -23.074644
v 1.648908 5.249654 -23.074644
v 1.648908 5.249654 -23.074644
v 1.648908 5.249654 -23.074644
v 3.338054 5.788440 -23.074642
v 3.338054 5.788440 -23.074642
v 3.338054 5.788440 -23.074642
v 1.648908 5.788440 -23.074644
v 1.648908 5.788440 -23.074644
v 1.648908 5.788440 -23.074644
v 1.648908 5.788440 -23.074644
v 1.648902 5.788438 -17.151369
v 1.648902 5.788438 -17.151369
v 1.648902 5.788438 -17.151369
v 3.338048 5.788438 -17.151367
v 3.338048 5.788438 -17.151367
v 3.338048 5.788438 -17.151367
v 3.338048 5.788438 -17.151367
v 1.618363 5.249654 -23.074644
v 1.618363 5.249654 -23.074644
v 1.618363 5.249654 -23.074644
v 1.618357 5.249654 -17.151369
v 1.618357 5.249654 -17.151369
v 1.618357 5.249654 -17.151369
v 1.618357 5.249654 -17.151369
v -0.070789 5.249654 -17.151371
v -0.070789 5.249654 -17.151371
v -0.070789 5.249654 -17.151371
v -0.070783 5.249654 -23.074646
v -0.070783 5.249654 -23.074646
v -0.070783 5.249654 -23.074646
v -0.070783 5.249654 -23.074646
v 1.618363 5.788440 -23.074644
v 1.618363 5.788440 -23.074644
v 1.618363 5.788440 -23.074644
v -0.070783 5.788440 -23.074646
v -0.070783 5.788440 -23.074646
v -0.070783 5.788440 -23.074646
v -0.070783 5.788440 -23.074646
v -0.070789 5.788438 -17.151371
v -0.070789 5.788438 -17.151371
v -0.070789 5.788438 -17.151371
v 1.618357 5.788438 -17.151369
v 1.618357 5.788438 -17.151369
v 1.618357 5.788438 -17.151369
v 1.618357 5.788438 -17.151369
v -0.101326 5.249654 -23.074646
v -0.101326 5.249654 -23.074646
v -0.101326 5.249654 -23.074646
v -0.101332 5.249654 -17.151371
v -0.101332 5.249654 -17.151371
v -0.101332 5.249654 -17.151371
v -0.101332 5.249654 -17.151371
v -1.790478 5.249654 -17.151373
v -1.790478 5.249654 -17.151373
v -1.790478 5.249654 -17.151373
v -1.790472 5.249654 -23.074648
v -1.790472 5.249654 -23.074648
v -1.790472 5.249654 -23.074648
v -1.790472 5.249654 -23.074648
v -0.101326 5.788440 -23.074646
v -0.101326 5.788440 -23.074646
v -0.101326 5.788440 -23.074646
v -1.790472 5.788440 -23.074648
v -1.790472 5.788440 -23.074648
v -1.790472 5.788440 -23.074648
v -1.790472 5.788440 -23.074648
v -1.790478 5.788438 -17.151373
v -1.790478 5.788438 -17.151373
v -1.790478 5.788438 -17.151373
v -0.101332 5.788438 -17.151371
v -0.101332 5.788438 -17.151371
v -0.101332 5.788438 -17.151371
v -0.101332 5.788438 -17.151371
v -1.821017 5.249654 -23.074648
v -1.821017 5.249654 -23.074648
v -1.821017 5.249654 -23.074648
v -1.821023 5.249654 -17.151373
v -1.821023 5.249654 -17.151373
v -1.821023 5.249654 -17.151373
v -1.821023 5.249654 -17.151373
v -3.510169 5.249654 -17.151375
v -3.510169 5.249654 -17.151375
v -3.510169 5.249654 -17.151375
v -3.510163 5.249654 -23.074650
v -3.510163 5.249654 -23.074650
v -3.510163 5.249654 -23.074650
v -3.510163 5.249654 -23.074650
v -1.821017 5.788440 -23.074648
v -1.821017 5.788440 -23.074648
v -1.821017 5.788440 -23.074648
v -3.510163 5.788440 -23.074650
v -3.510163 5.788440 -23.074650
v -3.510163 5.788440 -23.074650
v -3.510163 5.788440 -23.074650
v -3.510169 5.788438 -17.151375
v -3.510169 5.788438 -17.151375
v -3.510169 5.788438 -17.151375
v -1.821023 5.788438 -17.151373
v -1.821023 5.788438 -17.151373
v -1.821023 5.788438 -17.151373
v -1.821023 5.788438 -17.151373
v -3.540706 5.249654 -23.074650
v -3.540706 5.249654 -23.074650
v -3.540706 5.249654 -23.074650
v -3.540711 5.249654 -17.151375
v -3.540711 5.249654 -17.151375
v -3.540711 5.249654 -17.151375
v -3.540711 5.249654 -17.151375
v -5.229858 5.249654 -17.151375
v -5.229858 5.249654 -17.151375
v -5.229858 5.249654 -17.151375
v -5.229852 5.249654 -23.074650
v -5.229852 5.249654 -23.074650
v -5.229852 5.249654 -23.074650
v -5.229852 5.249654 -23.074650
v -3.540706 5.788440 -23.074650
v -3.540706 5.788440 -23.074650
v -3.540706 5.788440 -23.074650
v -5.229852 5.788440 -23.074650
v -5.229852 5.788440 -23.074650
v -5.229852 5.788440 -23.074650
v -5.229852 5.788440 -23.074650
v -5.229858 5.788438 -17.151375
v -5.229858 5.788438 -17.151375
v -5.229858 5.788438 -17.151375
v -3.540711 5.788438 -17.151375
v -3.540711 5.788438 -17.151375
v -3.540711 5.788438 -17.151375
v -3.540711 5.788438 -17.151375
v 4.357556 8.712580 -17.623564
v 4.357556 8.712580 -17.623564
v 4.357556 8.712580 -17.623564
v 4.357556 8.712580 -17.623564
v 4.357556 8.712580 -17.623564
v 4.357556 -0.008725 -17.623562
v 4.456293 8.712580 -17.385193
v 4.456293 8.712580 -17.385193
v 4.456293 8.712580 -17.385193
v 4.456293 8.712580 -17.385193
v 4.456293 8.712580 -17.385193
v 4.456293 8.712580 -17.385193
v 4.456293 -0.008725 -17.385191
v 4.456293 -0.008725 -17.385191
v 4.694664 8.712580 -17.286455
v 4.694664 8.712580 -17.286455
v 4.694664 8.712580 -17.286455
v 4.694664 -0.008725 -17.286455
v 4.694664 -0.008725 -17.286455
v 4.933036 8.712580 -17.385191
v 4.933036 8.712580 -17.385191
v 4.933036 8.712580 -17.385191
v 4.933036 8.712580 -17.385191
v 4.933036 -0.008725 -17.385191
v 4.933036 -0.008725 -17.385191
v 5.031773 8.712580 -17.623562
v 5.031773 8.712580 -17.623562
v 5.031773 8.712580 -17.623562
v 5.031773 8.712580 -17.623562
v 5.031773 -0.008725 -17.623562
v 5.031773 -0.008725 -17.623562
v 4.933036 8.712580 -17.861935
v 4.933036 8.712580 -17.861935
v 4.933036 8.712580 -17.861935
v 4.933036 8.712580 -17.861935
v 4.933036 8.712580 -17.861935
v 4.933036 8.712580 -17.861935
v 4.933036 -0.008725 -17.861935
v 4.933036 -0.008725 -17.861935
v 4.694665 8.712580 -17.960672
v 4.694665 8.712580 -17.960672
v 4.694665 8.712580 -17.960672
v 4.694665 -0.008725 -17.960672
v 4.694665 -0.008725 -17.960672
v 4.456293 8.712580 -17.861937
v 4.456293 8.712580 -17.861937
v 4.456293 8.712580 -17.861937
v 4.456293 -0.008725 -17.861935
v 4.456293 -0.008725 -17.861935
v 4.456293 -0.008725 -17.861935
v 4.357561 -0.008725 -22.602444
v 4.357561 -0.008725 -22.602444
v 4.357561 8.712580 -22.602444
v 4.357561 8.712580 -22.602444
v 4.357561 8.712580 -22.602444
v 4.357561 8.712580 -22.602444
v 4.456298 8.712580 -22.840816
v 4.456298 8.712580 -22.840816
v 4.456298 8.712580 -22.840816
v 4.456298 8.712580 -22.840816
v 4.456298 -0.008725 -22.840816
v 4.456298 -0.008725 -22.840816
v 4.694670 8.712580 -22.939554
v 4.694670 8.712580 -22.939554
v 4.694670 8.712580 -22.939554
v 4.694670 -0.008725 -22.939552
v 4.694670 -0.008725 -22.939552
v 4.933041 8.712580 -22.840816
v 4.933041 8.712580 -22.840816
v 4.933041 8.712580 -22.840816
v 4.933041 8.712580 -22.840816
v 4.933041 8.712580 -22.840816
v 4.933041 8.712580 -22.840816
v 4.933041 8.712580 -22.840816
v 4.933041 8.712580 -22.840816
v 4.933041 -0.008725 -22.840816
v 4.933041 -0.008725 -22.840816
v 5.031778 8.712580 -22.602444
v 5.031778 8.712580 -22.602444
v 5.031778 8.712580 -22.602444
v 5.031778 -0.008725 -22.602444
v 5.031778 -0.008725 -22.602444
v 4.933041 8.712580 -22.364073
v 4.933041 8.712580 -22.364073
v 4.933041 8.712580 -22.364073
v 4.933041 8.712580 -22.364073
v 4.933041 -0.008725 -22.364073
v 4.933041 -0.008725 -22.364073
v 4.694669 8.712580 -22.265337
v 4.694669 8.712580 -22.265337
v 4.694669 8.712580 -22.265337
v 4.694669 8.712580 -22.265337
v 4.694669 -0.008725 -22.265337
v 4.694669 -0.008725 -22.265337
v 4.456297 8.712580 -22.364073
v 4.456297 8.712580 -22.364073
v 4.456297 8.712580 -22.364073
v 4.456297 8.712580 -22.364073
v 4.456297 -0.008725 -22.364073
v 4.456297 -0.008725 -22.364073
v -4.359614 8.712580 -22.602455
v -4.359614 8.712580 -22.602455
v -4.359614 8.712580 -22.602455
v -4.359614 8.712580 -22.602455
v -4.359614 -0.008725 -22.602451
v -4.359614 -0.008725 -22.602451
v -4.458351 8.712580 -22.840826
v -4.458351 8.712580 -22.840826
v -4.458351 8.712580 -22.840826
v -4.458351 8.712580 -22.840826
v -4.458351 -0.008725 -22.840824
v -4.458351 -0.008725 -22.840824
v -4.696722 8.712580 -22.939562
v -4.696722 8.712580 -22.939562
v -4.696722 8.712580 -22.939562
v -4.696722 8.712580 -22.939562
v -4.696722 -0.008725 -22.939562
v -4.696722 -0.008725 -22.939562
v -4.935094 8.712580 -22.840826
v -4.935094 8.712580 -22.840826
v -4.935094 8.712580 -22.840826
v -4.935094 8.712580 -22.840826
v -4.935094 -0.008725 -22.840826
v -4.935094 -0.008725 -22.840826
v -5.033831 8.712580 -22.602455
v -5.033831 8.712580 -22.602455
v -5.033831 8.712580 -22.602455
v -5.033831 -0.008725 -22.602451
v -5.033831 -0.008725 -22.602451
v -4.935094 8.712580 -22.364082
v -4.935094 8.712580 -22.364082
v -4.935094 8.712580 -22.364082
v -4.935094 8.712580 -22.364082
v -4.935094 8.712580 -22.364082
v -4.935094 8.712580 -22.364082
v -4.935094 8.712580 -22.364082
v -4.935094 8.712580 -22.364082
v -4.935094 -0.008725 -22.364082
v -4.935094 -0.008725 -22.364082
v -4.696723 8.712580 -22.265345
v -4.696723 8.712580 -22.265345
v -4.696723 8.712580 -22.265345
v -4.696723 -0.008725 -22.265345
v -4.696723 -0.008725 -22.265345
v -4.458351 8.712580 -22.364082
v -4.458351 8.712580 -22.364082
v -4.458351 8.712580 -22.364082
v -4.458351 8.712580 -22.364082
v -4.458351 -0.008725 -22.364082
v -4.458351 -0.008725 -22.364082
v -5.267149 5.272353 -22.931667
v -5.267149 5.272353 -22.931667
v -5.267149 5.272353 -22.931667
v -5.267149 5.272353 -22.931667
v -13.120604 0.018418 -22.931675
v -13.120604 0.018418 -22.931675
v -13.120604 0.018418 -22.931675
v -14.984717 0.017255 -22.931677
v -14.984717 0.017255 -22.931677
v -14.984717 0.017255 -22.931677
v -14.984717 0.017255 -22.931677
v -5.267200 6.540921 -22.931667
v -5.267200 6.540921 -22.931667
v -5.267200 6.540921 -22.931667
v -14.984718 0.017255 -22.444174
v -14.984718 0.017255 -22.444174
v -5.267200 6.540921 -22.444164
v -5.267200 6.540921 -22.444164
v -5.267200 6.540921 -22.444164
v -5.267200 6.540921 -22.444164
v -5.267200 6.540921 -22.444164
v -13.120605 0.018418 -22.444172
v -13.120605 0.018418 -22.444172
v -13.120605 0.018418 -22.444172
v -13.120605 0.018418 -22.444172
v -13.120605 0.018418 -22.444172
v -5.267149 5.272353 -22.444164
v -5.267149 5.272353 -22.444164
v -13.120609 0.018418 -17.221268
v -13.120609 0.018418 -17.221268
v -13.120609 0.018418 -17.221268
v -13.120609 0.018418 -17.221268
v -5.267155 5.272353 -17.221260
v -5.267155 5.272353 -17.221260
v -5.267155 5.272353 -17.221260
v -14.984723 0.017255 -17.221270
v -14.984723 0.017255 -17.221270
v -14.984723 0.017255 -17.221270
v -14.984723 0.017255 -17.221270
v -5.267206 6.540921 -17.221260
v -5.267206 6.540921 -17.221260
v -5.267206 6.540921 -17.221260
v -14.984723 0.017255 -17.708775
v -14.984723 0.017255 -17.708775
v -5.267205 6.540921 -17.708763
v -5.267205 6.540921 -17.708763
v -5.267205 6.540921 -17.708763
v -5.267205 6.540921 -17.708763
v -5.267205 6.540921 -17.708763
v -13.120609 0.018418 -17.708773
v -13.120609 0.018418 -17.708773
v -13.120609 0.018418 -17.708773
v -13.120609 0.018418 -17.708773
v -5.267155 5.272353 -17.708763
v -5.267155 5.272353 -17.708763
v -5.267155 5.272353 -17.708763
v -5.274992 4.733670 -22.471447
v -5.274992 4.733670 -22.471447
v -5.274992 4.733670 -22.471447
v -5.274997 4.733670 -17.689629
v -5.274997 4.733670 -17.689629
v -5.274997 4.733670 -17.689629
v -5.274997 4.733670 -17.689629
v -6.964142 4.733670 -17.689631
v -6.964142 4.733670 -17.689631
v -6.964142 4.733670 -17.689631
v -6.964136 4.733670 -22.471449
v -6.964136 4.733670 -22.471449
v -6.964136 4.733670 -22.471449
v -6.964136 4.733670 -22.471449
v -5.274992 5.272456 -22.471447
v -5.274992 5.272456 -22.471447
v -5.274992 5.272456 -22.471447
v -5.274992 5.272456 -22.471447
v -6.964136 5.272456 -22.471449
v -6.964136 5.272456 -22.471449
v -6.964136 5.272456 -22.471449
v -6.964142 5.272456 -17.689631
v -6.964142 5.272456 -17.689631
v -6.964142 5.272456 -17.689631
v -6.964142 5.272456 -17.689631
v -5.274997 5.272456 -17.689629
v -5.274997 5.272456 -17.689629
v -5.274997 5.272456 -17.689629
v -6.536816 3.922530 -22.471449
v -6.536816 3.922530 -22.471449
v -6.536816 3.922530 -22.471449
v -6.536821 3.922530 -17.689631
v -6.536821 3.922530 -17.689631
v -6.536821 3.922530 -17.689631
v -6.536821 3.922530 -17.689631
v -8.225965 3.922530 -17.689632
v -8.225965 3.922530 -17.689632
v -8.225965 3.922530 -17.689632
v -8.225961 3.922530 -22.471451
v -8.225961 3.922530 -22.471451
v -8.225961 3.922530 -22.471451
v -8.225961 3.922530 -22.471451
v -6.536816 4.461316 -22.471449
v -6.536816 4.461316 -22.471449
v -6.536816 4.461316 -22.471449
v -8.225961 4.461316 -22.471451
v -8.225961 4.461316 -22.471451
v -8.225961 4.461316 -22.471451
v -8.225961 4.461316 -22.471451
v -8.225965 4.461316 -17.689632
v -8.225965 4.461316 -17.689632
v -8.225965 4.461316 -17.689632
v -6.536821 4.461316 -17.689631
v -6.536821 4.461316 -17.689631
v -6.536821 4.461316 -17.689631
v -6.536821 4.461316 -17.689631
v -7.740988 3.111392 -22.471451
v -7.740988 3.111392 -22.471451
v -7.740988 3.111392 -22.471451
v -7.740993 3.111392 -17.689632
v -7.740993 3.111392 -17.689632
v -7.740993 3.111392 -17.689632
v -7.740993 3.111392 -17.689632
v -9.430138 3.111392 -17.689632
v -9.430138 3.111392 -17.689632
v -9.430138 3.111392 -17.689632
v -9.430133 3.111392 -22.471451
v -9.430133 3.111392 -22.471451
v -9.430133 3.111392 -22.471451
v -9.430133 3.111392 -22.471451
v -7.740988 3.650176 -22.471451
v -7.740988 3.650176 -22.471451
v -7.740988 3.650176 -22.471451
v -9.430133 3.650176 -22.471451
v -9.430133 3.650176 -22.471451
v -9.430133 3.650176 -22.471451
v -9.430133 3.650176 -22.471451
v -9.430138 3.650176 -17.689632
v -9.430138 3.650176 -17.689632
v -9.430138 3.650176 -17.689632
v -7.740993 3.650176 -17.689632
v -7.740993 3.650176 -17.689632
v -7.740993 3.650176 -17.689632
v -7.740993 3.650176 -17.689632
v -8.945164 2.300252 -22.471451
v -8.945164 2.300252 -22.471451
v -8.945164 2.300252 -22.471451
v -8.945164 2.300252 -22.471451
v -8.945168 2.300250 -17.689632
v -8.945168 2.300250 -17.689632
v -8.945168 2.300250 -17.689632
v -10.634313 2.300250 -17.689634
v -10.634313 2.300250 -17.689634
v -10.634313 2.300250 -17.689634
v -10.634313 2.300250 -17.689634
v -10.634308 2.300252 -22.471457
v -10.634308 2.300252 -22.471457
v -10.634308 2.300252 -22.471457
v -8.945164 2.839036 -22.471451
v -8.945164 2.839036 -22.471451
v -8.945164 2.839036 -22.471451
v -8.945164 2.839036 -22.471451
v -10.634308 2.839036 -22.471457
v -10.634308 2.839036 -22.471457
v -10.634308 2.839036 -22.471457
v -10.634313 2.839036 -17.689634
v -10.634313 2.839036 -17.689634
v -10.634313 2.839036 -17.689634
v -10.634313 2.839036 -17.689634
v -8.945168 2.839036 -17.689632
v -8.945168 2.839036 -17.689632
v -8.945168 2.839036 -17.689632
v -11.315123 0.677972 -22.471457
v -11.315123 0.677972 -22.471457
v -11.315123 0.677972 -22.471457
v -11.315128 0.677972 -17.689634
v -11.315128 0.677972 -17.689634
v -11.315128 0.677972 -17.689634
v -11.315128 0.677972 -17.689634
v -13.004272 0.677972 -17.689636
v -13.004272 0.677972 -17.689636
v -13.004272 0.677972 -17.689636
v -13.004267 0.677972 -22.471458
v -13.004267 0.677972 -22.471458
v -13.004267 0.677972 -22.471458
v -13.004267 0.677972 -22.471458
v -11.315123 1.216756 -22.471457
v -11.315123 1.216756 -22.471457
v -11.315123 1.216756 -22.471457
v -13.004267 1.216756 -22.471458
v -13.004267 1.216756 -22.471458
v -13.004267 1.216756 -22.471458
v -13.004267 1.216756 -22.471458
v -13.004272 1.216756 -17.689636
v -13.004272 1.216756 -17.689636
v -13.004272 1.216756 -17.689636
v -11.315128 1.216756 -17.689634
v -11.315128 1.216756 -17.689634
v -11.315128 1.216756 -17.689634
v -11.315128 1.216756 -17.689634
v -10.149609 1.489110 -22.471453
v -10.149609 1.489110 -22.471453
v -10.149609 1.489110 -22.471453
v -10.149609 1.489110 -22.471453
v -10.149614 1.489112 -17.689634
v -10.149614 1.489112 -17.689634
v -10.149614 1.489112 -17.689634
v -11.838758 1.489112 -17.689634
v -11.838758 1.489112 -17.689634
v -11.838758 1.489112 -17.689634
v -11.838758 1.489112 -17.689634
v -11.838753 1.489110 -22.471457
v -11.838753 1.489110 -22.471457
v -11.838753 1.489110 -22.471457
v -10.149609 2.027896 -22.471457
v -10.149609 2.027896 -22.471457
v -10.149609 2.027896 -22.471457
v -11.838753 2.027896 -22.471457
v -11.838753 2.027896 -22.471457
v -11.838753 2.027896 -22.471457
v -11.838753 2.027896 -22.471457
v -11.838758 2.027896 -17.689634
v -11.838758 2.027896 -17.689634
v -11.838758 2.027896 -17.689634
v -10.149614 2.027896 -17.689634
v -10.149614 2.027896 -17.689634
v -10.149614 2.027896 -17.689634
v -10.149614 2.027896 -17.689634
v -12.374253 0.015342 -22.471458
v -12.374253 0.015342 -22.471458
v -12.374253 0.015342 -22.471458
v -12.374259 0.015342 -17.689636
v -12.374259 0.015342 -17.689636
v -12.374259 0.015342 -17.689636
v -12.374259 0.015342 -17.689636
v -14.063404 0.015342 -17.689636
v -14.063404 0.015342 -17.689636
v -14.063404 0.015342 -17.689636
v -14.063399 0.015342 -22.471458
v -14.063399 0.015342 -22.471458
v -14.063399 0.015342 -22.471458
v -14.063399 0.015342 -22.471458
v -12.374253 0.554126 -22.471458
v -12.374253 0.554126 -22.471458
v -12.374253 0.554126 -22.471458
v -14.063399 0.554126 -22.471458
v -14.063399 0.554126 -22.471458
v -14.063399 0.554126 -22.471458
v -14.063399 0.554126 -22.471458
v -14.063404 0.554126 -17.689636
v -14.063404 0.554126 -17.689636
v -14.063404 0.554126 -17.689636
v -12.374259 0.554126 -17.689636
v -12.374259 0.554126 -17.689636
v -12.374259 0.554126 -17.689636
v -12.374259 0.554126 -17.689636
v -22.779739 18.502964 -5.099240
v -22.779739 18.502964 -5.099240
v -22.779739 18.502964 -5.099240
v -22.779739 18.502964 -5.099240
v -22.779739 18.502964 -5.099240
v -22.779739 18.502964 -5.099240
v -22.779734 18.502964 -10.734365
v -22.779734 18.502964 -10.734365
v -22.779734 18.502964 -10.734365
v -22.779734 18.502964 -10.734365
v -22.779736 17.364086 -9.595485
v -22.779736 17.364086 -9.595485
v -22.779736 17.364086 -9.595485
v -22.779736 17.364086 -9.595485
v -22.779736 17.364086 -9.595485
v -22.779736 17.364086 -9.595485
v -22.779737 17.364084 -6.238120
v -22.779737 17.364084 -6.238120
v -22.779737 17.364084 -6.238120
v -22.779737 17.364084 -6.238120
v -22.233168 17.364084 -9.595484
v -22.233168 17.364084 -9.595484
v -22.233168 17.364084 -9.595484
v -22.233168 17.364084 -9.595484
v -22.233170 17.364086 -6.238120
v -22.233170 17.364086 -6.238120
v -22.233170 17.364086 -6.238120
v -21.823732 18.502964 -5.099240
v -21.823732 18.502964 -5.099240
v -21.823727 18.502964 -10.734364
v -21.823727 18.502964 -10.734364
v -22.779734 11.589092 -10.734365
v -22.779734 11.589092 -10.734365
v -22.779734 11.589092 -10.734365
v -22.779734 11.589092 -10.734365
v -22.779734 11.589092 -10.734365
v -22.779736 12.727971 -9.595485
v -22.779736 12.727971 -9.595485
v -22.779736 12.727971 -9.595485
v -22.779736 12.727971 -9.595485
v -22.779736 12.727971 -9.595485
v -22.233168 12.727971 -9.595484
v -22.233168 12.727971 -9.595484
v -22.233168 12.727971 -9.595484
v -21.823727 11.589092 -10.734364
v -21.823727 11.589092 -10.734364
v -22.779739 11.589092 -5.099241
v -22.779739 11.589092 -5.099241
v -22.779739 11.589092 -5.099241
v -22.779739 11.589092 -5.099241
v -22.779739 11.589092 -5.099241
v -22.779737 12.727971 -6.238121
v -22.779737 12.727971 -6.238121
v -22.779737 12.727971 -6.238121
v -22.779737 12.727971 -6.238121
v -22.779737 12.727971 -6.238121
v -22.233170 12.727972 -6.238120
v -22.233170 12.727972 -6.238120
v -22.233170 12.727972 -6.238120
v -22.233170 12.727972 -6.238120
v -21.823732 11.589092 -5.099240
v -21.823732 11.589092 -5.099240
v -22.779757 18.502964 10.836981
v -22.779757 18.502964 10.836981
v -22.779757 18.502964 10.836981
v -22.779757 18.502964 10.836981
v -22.779757 18.502964 10.836981
v -22.779751 18.502964 5.201856
v -22.779751 18.502964 5.201856
v -22.779751 18.502964 5.201856
v -22.779751 18.502964 5.201856
v -22.779751 18.502964 5.201856
v -22.779751 18.502964 5.201856
v -22.779753 17.364084 6.340736
v -22.779753 17.364084 6.340736
v -22.779753 17.364084 6.340736
v -22.779753 17.364084 6.340736
v -22.779753 17.364084 6.340736
v -22.779755 17.364084 9.698102
v -22.779755 17.364084 9.698102
v -22.779755 17.364084 9.698102
v -22.779755 17.364084 9.698102
v -22.233183 17.364084 6.340737
v -22.233183 17.364084 6.340737
v -22.233183 17.364084 6.340737
v -22.233185 17.364084 9.698103
v -22.233185 17.364084 9.698103
v -22.233185 17.364084 9.698103
v -22.233185 17.364084 9.698103
v -21.823748 18.502964 10.836982
v -21.823748 18.502964 10.836982
v -21.823748 18.502964 10.836982
v -21.823740 18.502964 5.201857
v -22.779747 11.589090 5.201856
v -22.779747 11.589090 5.201856
v -22.779747 11.589090 5.201856
v -22.779747 11.589090 5.201856
v -22.779749 12.727971 6.340736
v -22.779749 12.727971 6.340736
v -22.779749 12.727971 6.340736
v -22.779749 12.727971 6.340736
v -22.779749 12.727971 6.340736
v -22.779749 12.727971 6.340736
v -22.779749 12.727971 6.340736
v -22.233183 12.727971 6.340736
v -22.233183 12.727971 6.340736
v -22.233183 12.727971 6.340736
v -21.823740 11.589090 5.201856
v -21.823740 11.589090 5.201856
v -22.779757 11.589090 10.836981
v -22.779757 11.589090 10.836981
v -22.779757 11.589090 10.836981
v -22.779757 11.589090 10.836981
v -22.779757 11.589090 10.836981
v -22.779755 12.727971 9.698102
v -22.779755 12.727971 9.698102
v -22.779755 12.727971 9.698102
v -22.779755 12.727971 9.698102
v -22.233185 12.727971 9.698103
v -22.233185 12.727971 9.698103
v -22.233185 12.727971 9.698103
v -22.233185 12.727971 9.698103
v -21.823746 11.589090 10.836982
v -21.823746 11.589090 10.836982
v -15.580050 18.502964 -16.086889
v -15.580050 18.502964 -16.086889
v -15.580050 18.502964 -16.086889
v -15.580050 18.502964 -16.086889
v -15.580050 18.502964 -16.086889
v -9.944926 18.502964 -16.086884
v -9.944926 18.502964 -16.086884
v -9.944926 18.502964 -16.086884
v -9.944926 18.502964 -16.086884
v -11.083806 17.364086 -16.086884
v -11.083806 17.364086 -16.086884
v -11.083806 17.364086 -16.086884
v -11.083806 17.364086 -16.086884
v -11.083806 17.364086 -16.086884
v -11.083806 17.364086 -16.086884
v -14.441171 17.364084 -16.086889
v -14.441171 17.364084 -16.086889
v -14.441171 17.364084 -16.086889
v -14.441171 17.364084 -16.086889
v -14.441171 17.364084 -16.086889
v -11.083807 17.364084 -15.540314
v -11.083807 17.364084 -15.540314
v -11.083807 17.364084 -15.540314
v -11.083807 17.364084 -15.540314
v -14.441172 17.364086 -15.540317
v -14.441172 17.364086 -15.540317
v -14.441172 17.364086 -15.540317
v -15.580050 18.502964 -15.130878
v -15.580050 18.502964 -15.130878
v -9.944927 18.502964 -15.130874
v -9.944927 18.502964 -15.130874
v -9.944926 11.589093 -16.086884
v -9.944926 11.589093 -16.086884
v -9.944926 11.589093 -16.086884
v -9.944926 11.589093 -16.086884
v -9.944926 11.589093 -16.086884
v -11.083806 12.727972 -16.086884
v -11.083806 12.727972 -16.086884
v -11.083806 12.727972 -16.086884
v -11.083806 12.727972 -16.086884
v -11.083806 12.727972 -16.086884
v -11.083807 12.727972 -15.540314
v -11.083807 12.727972 -15.540314
v -11.083807 12.727972 -15.540314
v -9.944927 11.589093 -15.130873
v -9.944927 11.589093 -15.130873
v -15.580050 11.589093 -16.086889
v -15.580050 11.589093 -16.086889
v -15.580050 11.589093 -16.086889
v -15.580050 11.589093 -16.086889
v -15.580050 11.589093 -16.086889
v -15.580050 11.589093 -16.086889
v -14.441171 12.727972 -16.086889
v -14.441171 12.727972 -16.086889
v -14.441171 12.727972 -16.086889
v -14.441171 12.727972 -16.086889
v -14.441172 12.727973 -15.540317
v -14.441172 12.727973 -15.540317
v -14.441172 12.727973 -15.540317
v -14.441172 12.727973 -15.540317
v -15.580050 11.589093 -15.130878
v -15.580050 11.589093 -15.130878
v 8.309118 18.502964 -16.086868
v 8.309118 18.502964 -16.086868
v 8.309118 18.502964 -16.086868
v 8.309118 18.502964 -16.086868
v 8.309118 18.502964 -16.086868
v 8.309118 18.502964 -16.086868
v 13.944242 18.502964 -16.086863
v 13.944242 18.502964 -16.086863
v 13.944242 18.502964 -16.086863
v 13.944242 18.502964 -16.086863
v 13.944242 18.502964 -16.086863
v 12.805363 17.364086 -16.086863
v 12.805363 17.364086 -16.086863
v 12.805363 17.364086 -16.086863
v 12.805363 17.364086 -16.086863
v 12.805363 17.364086 -16.086863
v 9.447998 17.364084 -16.086868
v 9.447998 17.364084 -16.086868
v 9.447998 17.364084 -16.086868
v 9.447998 17.364084 -16.086868
v 12.805362 17.364084 -15.540293
v 12.805362 17.364084 -15.540293
v 12.805362 17.364084 -15.540293
v 12.805362 17.364084 -15.540293
v 9.447997 17.364086 -15.540296
v 9.447997 17.364086 -15.540296
v 9.447997 17.364086 -15.540296
v 8.309117 18.502964 -15.130857
v 8.309117 18.502964 -15.130857
v 13.944241 18.502964 -15.130853
v 13.944241 18.502964 -15.130853
v 13.944242 11.589093 -16.086863
v 13.944242 11.589093 -16.086863
v 13.944242 11.589093 -16.086863
v 13.944242 11.589093 -16.086863
v 13.944242 11.589093 -16.086863
v 12.805363 12.727972 -16.086863
v 12.805363 12.727972 -16.086863
v 12.805363 12.727972 -16.086863
v 12.805363 12.727972 -16.086863
v 12.805363 12.727972 -16.086863
v 12.805362 12.727972 -15.540293
v 12.805362 12.727972 -15.540293
v 12.805362 12.727972 -15.540293
v 13.944241 11.589093 -15.130852
v 13.944241 11.589093 -15.130852
v 8.309118 11.589093 -16.086868
v 8.309118 11.589093 -16.086868
v 8.309118 11.589093 -16.086868
v 8.309118 11.589093 -16.086868
v 9.447998 12.727972 -16.086868
v 9.447998 12.727972 -16.086868
v 9.447998 12.727972 -16.086868
v 9.447998 12.727972 -16.086868
v 9.447998 12.727972 -16.086868
v 9.447998 12.727972 -16.086868
v 9.447997 12.727973 -15.540296
v 9.447997 12.727973 -15.540296
v 9.447997 12.727973 -15.540296
v 9.447997 12.727973 -15.540296
v 8.309117 11.589093 -15.130857
v 8.309117 11.589093 -15.130857
v 22.779758 18.502964 -10.734324
v 22.779758 18.502964 -10.734324
v 22.779758 18.502964 -10.734324
v 22.779758 18.502964 -10.734324
v 22.779758 18.502964 -10.734324
v 22.779753 18.502964 -5.099201
v 22.779753 18.502964 -5.099201
v 22.779753 18.502964 -5.099201
v 22.779753 18.502964 -5.099201
v 22.779753 18.502964 -5.099201
v 22.779753 18.502964 -5.099201
v 22.779757 17.364086 -9.595445
v 22.779757 17.364086 -9.595445
v 22.779757 17.364086 -9.595445
v 22.779757 17.364086 -9.595445
v 22.779757 17.364086 -9.595445
v 22.779755 17.364084 -6.238081
v 22.779755 17.364084 -6.238081
v 22.779755 17.364084 -6.238081
v 22.779755 17.364084 -6.238081
v 22.233189 17.364084 -9.595446
v 22.233189 17.364084 -9.595446
v 22.233189 17.364084 -9.595446
v 22.233189 17.364084 -9.595446
v 22.233187 17.364086 -6.238081
v 22.233187 17.364086 -6.238081
v 22.233187 17.364086 -6.238081
v 21.823751 18.502964 -10.734325
v 21.823751 18.502964 -10.734325
v 21.823746 18.502964 -5.099202
v 21.823746 18.502964 -5.099202
v 22.779758 11.589092 -10.734324
v 22.779758 11.589092 -10.734324
v 22.779758 11.589092 -10.734324
v 22.779758 11.589092 -10.734324
v 22.779757 12.727971 -9.595445
v 22.779757 12.727971 -9.595445
v 22.779757 12.727971 -9.595445
v 22.779757 12.727971 -9.595445
v 22.779757 12.727971 -9.595445
v 22.779757 12.727971 -9.595445
v 22.233189 12.727971 -9.595446
v 22.233189 12.727971 -9.595446
v 22.233189 12.727971 -9.595446
v 21.823751 11.589092 -10.734325
v 21.823751 11.589092 -10.734325
v 22.779753 11.589092 -5.099202
v 22.779753 11.589092 -5.099202
v 22.779753 11.589092 -5.099202
v 22.779753 11.589092 -5.099202
v 22.779753 11.589092 -5.099202
v 22.779755 12.727971 -6.238081
v 22.779755 12.727971 -6.238081
v 22.779755 12.727971 -6.238081
v 22.779755 12.727971 -6.238081
v 22.779755 12.727971 -6.238081
v 22.233187 12.727972 -6.238082
v 22.233187 12.727972 -6.238082
v 22.233187 12.727972 -6.238082
v 22.233187 12.727972 -6.238082
v 21.823746 11.589092 -5.099202
v 21.823746 11.589092 -5.099202
v 22.779747 18.502964 5.201895
v 22.779747 18.502964 5.201895
v 22.779747 18.502964 5.201895
v 22.779747 18.502964 5.201895
v 22.779747 18.502964 5.201895
v 22.779741 18.502964 10.837021
v 22.779741 18.502964 10.837021
v 22.779741 18.502964 10.837021
v 22.779741 18.502964 10.837021
v 22.779741 18.502964 10.837021
v 22.779741 18.502964 10.837021
v 22.779745 17.364084 6.340775
v 22.779745 17.364084 6.340775
v 22.779745 17.364084 6.340775
v 22.779745 17.364084 6.340775
v 22.779745 17.364084 6.340775
v 22.779743 17.364084 9.698142
v 22.779743 17.364084 9.698142
v 22.779743 17.364084 9.698142
v 22.779743 17.364084 9.698142
v 22.233175 17.364084 6.340775
v 22.233175 17.364084 6.340775
v 22.233175 17.364084 6.340775
v 22.233173 17.364084 9.698141
v 22.233173 17.364084 9.698141
v 22.233173 17.364084 9.698141
v 22.233173 17.364084 9.698141
v 21.823738 18.502964 5.201895
v 21.823738 18.502964 5.201895
v 21.823732 18.502964 10.837020
v 21.823732 18.502964 10.837020
v 22.779745 11.589090 5.201895
v 22.779745 11.589090 5.201895
v 22.779745 11.589090 5.201895
v 22.779745 11.589090 5.201895
v 22.779743 12.727971 6.340775
v 22.779743 12.727971 6.340775
v 22.779743 12.727971 6.340775
v 22.779743 12.727971 6.340775
v 22.779743 12.727971 6.340775
v 22.779743 12.727971 6.340775
v 22.233175 12.727971 6.340775
v 22.233175 12.727971 6.340775
v 22.233175 12.727971 6.340775
v 22.233175 12.727971 6.340775
v 21.823738 11.589090 5.201894
v 21.823738 11.589090 5.201894
v 22.779741 11.589090 10.837021
v 22.779741 11.589090 10.837021
v 22.779741 11.589090 10.837021
v 22.779741 11.589090 10.837021
v 22.779741 11.589090 10.837021
v 22.779743 12.727971 9.698142
v 22.779743 12.727971 9.698142
v 22.779743 12.727971 9.698142
v 22.779743 12.727971 9.698142
v 22.779743 12.727971 9.698142
v 22.233173 12.727971 9.698141
v 22.233173 12.727971 9.698141
v 22.233173 12.727971 9.698141
v 21.823732 11.589090 10.837020
v 21.823732 11.589090 10.837020
v 13.519864 24.345814 -17.337715
v 9.642351 24.345814 -17.337723
v 9.642351 24.345814 -17.337723
v 9.642351 24.345814 -17.337723
v 9.642351 33.105045 -17.337723
v 9.642351 33.105045 -17.337723
v 9.642351 33.105045 -17.337723
v 13.519864 33.105045 -17.337715
v 13.519864 33.105045 -17.337715
v 13.519864 33.105045 -17.337715
v 13.519864 33.105045 -17.337715
v 8.784762 33.962635 -16.729834
v 8.784762 33.962635 -16.729834
v 8.784763 33.962635 -17.759207
v 8.784763 33.962635 -17.759207
v 8.784763 33.962635 -17.759207
v 8.784763 33.962635 -17.759207
v 8.784763 33.962635 -17.759207
v 8.784763 24.345682 -17.759205
v 8.784763 24.345682 -17.759205
v 8.784763 24.345682 -17.759205
v 14.377451 33.962635 -16.729824
v 14.377451 33.962635 -16.729824
v 14.377454 33.962635 -17.759199
v 14.377454 33.962635 -17.759199
v 14.377454 33.962635 -17.759199
v 14.377454 33.962635 -17.759199
v 14.377451 24.345682 -16.729824
v 14.377454 24.345682 -17.759195
v 14.377454 24.345682 -17.759195
v 9.642351 33.105045 -17.759207
v 9.642351 33.105045 -17.759207
v 9.642351 33.105045 -17.759207
v 9.642351 33.105045 -17.759207
v 9.642351 33.105045 -17.759207
v 9.642351 24.345814 -17.759205
v 13.519864 33.105045 -17.759201
v 13.519864 33.105045 -17.759201
v 13.519864 33.105045 -17.759201
v 13.519864 33.105045 -17.759201
v 13.519864 33.105045 -17.759201
v 13.519864 33.105045 -17.759201
v 13.519864 24.345814 -17.759197
v 13.519864 24.345814 -17.759197
vt 0.136418 0.545611
vt 0.004187 0.441212
vt 0.136418 0.441212
vt 0.522686 0.435429
vt 0.147511 0.427147
vt 0.522686 0.427147
vt 0.147511 0.435429
vt 0.004586 0.427147
vt 0.147511 0.407192
vt 0.504653 0.545611
vt 0.504653 0.441212
vt 0.636884 0.441212
vt 0.636925 0.427147
vt 0.522686 0.438320
vt 0.522686 0.407192
vt 0.005752 0.395761
vt 0.135614 0.252236
vt 0.135614 0.395761
vt 0.504574 0.252236
vt 0.504574 0.395761
vt 0.504574 0.236398
vt 0.005752 0.236398
vt 0.135614 0.236398
vt 0.504574 0.188151
vt 0.135614 0.188151
vt 0.004586 0.435429
vt 0.147511 0.438320
vt 0.004586 0.438320
vt 0.636925 0.435429
vt 0.636925 0.438320
vt 0.634436 0.252236
vt 0.634436 0.395761
vt 0.634436 0.236398
vt 0.634436 0.188151
vt 0.628993 0.692609
vt 0.012527 0.994713
vt 0.012527 0.692609
vt 0.628993 0.685250
vt 0.005685 0.994713
vt 0.005685 0.692609
vt 0.896324 0.595633
vt 0.981915 0.637127
vt 0.896324 0.637127
vt 0.635835 0.994713
vt 0.628993 0.994713
vt 0.005752 0.252236
vt 0.012516 0.994793
vt 0.629003 0.692622
vt 0.012516 0.692622
vt 0.629003 0.685261
vt 0.005673 0.994793
vt 0.635845 0.994793
vt 0.629003 0.994793
vt 0.521942 0.587961
vt 0.444086 0.577964
vt 0.444086 0.587961
vt 0.444086 0.617951
vt 0.511298 0.607705
vt 0.444086 0.607705
vt 0.444086 0.597708
vt 0.511298 0.597708
vt 0.434026 0.597708
vt 0.521500 0.617951
vt 0.422470 0.598168
vt 0.432406 0.608104
vt 0.432406 0.598168
vt 0.115775 0.608102
vt 0.125712 0.598167
vt 0.115776 0.598166
vt 0.422470 0.578296
vt 0.125711 0.588231
vt 0.422470 0.588232
vt 0.422470 0.608104
vt 0.125711 0.618039
vt 0.422470 0.618040
vt 0.125711 0.608103
vt 0.512772 0.652146
vt 0.500049 0.664870
vt 0.512772 0.664870
vt 0.125135 0.664870
vt 0.112411 0.652146
vt 0.112411 0.664870
vt 0.125135 0.677593
vt 0.500049 0.677593
vt 0.500048 0.652146
vt 0.500049 0.639424
vt 0.125135 0.652146
vt 0.500049 0.626700
vt 0.125135 0.639424
vt 0.507561 0.179630
vt 0.144752 0.183532
vt 0.144752 0.179629
vt 0.507561 0.171830
vt 0.144752 0.171829
vt 0.634508 0.179733
vt 0.507561 0.183533
vt 0.634508 0.171728
vt 0.144752 0.167927
vt 0.017805 0.171727
vt 0.017805 0.167724
vt 0.507561 0.167927
vt 0.516332 0.161022
vt 0.135829 0.165251
vt 0.135829 0.161022
vt 0.516332 0.153510
vt 0.135829 0.153510
vt 0.634306 0.161022
vt 0.516332 0.165251
vt 0.634306 0.153510
vt 0.017805 0.179731
vt 0.017805 0.183733
vt 0.634508 0.167726
vt 0.017727 0.161022
vt 0.017727 0.165251
vt 0.017727 0.153510
vt 0.013411 0.153279
vt 0.008177 0.184227
vt 0.008177 0.153279
vt 0.015933 0.153279
vt 0.013411 0.184227
vt 0.005655 0.184227
vt 0.005655 0.153279
vt 0.763621 0.197261
vt 0.685079 0.379100
vt 0.685079 0.197261
vt 0.806297 0.400661
vt 0.784162 0.197261
vt 0.806297 0.197261
vt 0.664538 0.422299
vt 0.784162 0.400661
vt 0.784162 0.422299
vt 0.642403 0.197261
vt 0.664538 0.400661
vt 0.642403 0.400661
vt 0.767892 0.382908
vt 0.767892 0.197261
vt 0.664538 0.197261
vt 0.680808 0.382908
vt 0.763621 0.379100
vt 0.680808 0.197261
vt 0.930551 0.397766
vt 0.850123 0.379010
vt 0.911795 0.379010
vt 0.908780 0.375994
vt 0.831367 0.414684
vt 0.930551 0.414684
vt 0.831367 0.276136
vt 0.831367 0.397766
vt 0.850123 0.294893
vt 0.853139 0.375994
vt 0.814449 0.276136
vt 0.814449 0.397766
vt 0.930551 0.276136
vt 0.911795 0.294893
vt 0.853139 0.297908
vt 0.930551 0.259219
vt 0.831367 0.259219
vt 0.908780 0.297908
vt 0.947469 0.397766
vt 0.947469 0.276136
vt 0.987247 0.726414
vt 0.644922 0.994336
vt 0.644923 0.726414
vt 0.644977 0.994290
vt 0.987298 0.726499
vt 0.987298 0.994290
vt 0.987247 0.994336
vt 0.993114 0.726413
vt 0.993114 0.994336
vt 0.639055 0.994336
vt 0.639055 0.726413
vt 0.987247 0.720547
vt 0.463632 0.021270
vt 0.005871 0.005001
vt 0.463632 0.005003
vt 0.013246 0.037536
vt 0.005872 0.021269
vt 0.463634 0.053804
vt 0.463633 0.037537
vt 0.463635 0.070071
vt 0.013248 0.053802
vt 0.642078 0.479930
vt 0.798029 0.496331
vt 0.642078 0.496331
vt 0.642078 0.503055
vt 0.798029 0.472586
vt 0.642078 0.472586
vt 0.993563 0.479930
vt 0.798029 0.479930
vt 0.993563 0.496331
vt 0.798029 0.503055
vt 0.993563 0.472586
vt 0.798029 0.468372
vt 0.642078 0.468372
vt 0.642078 0.506673
vt 0.798029 0.506673
vt 0.993563 0.506673
vt 0.642078 0.544733
vt 0.798029 0.544733
vt 0.798029 0.430045
vt 0.993563 0.468372
vt 0.993563 0.430045
vt 0.773445 0.713940
vt 0.888951 0.702571
vt 0.888951 0.713940
vt 0.762385 0.550724
vt 0.773445 0.702571
vt 0.762385 0.702571
vt 0.646878 0.550724
vt 0.773445 0.550724
vt 0.888951 0.550724
vt 0.626487 0.085345
vt 0.343036 0.089031
vt 0.343036 0.085346
vt 0.626487 0.089031
vt 0.343036 0.092715
vt 0.626487 0.092715
vt 0.343036 0.096400
vt 0.626487 0.096400
vt 0.343036 0.100084
vt 0.626487 0.100085
vt 0.343036 0.103769
vt 0.626487 0.103769
vt 0.343036 0.107453
vt 0.626487 0.107453
vt 0.343036 0.111138
vt 0.626487 0.111138
vt 0.343036 0.114822
vt 0.314568 0.099964
vt 0.318333 0.090874
vt 0.327422 0.087110
vt 0.629394 0.099459
vt 0.633465 0.089630
vt 0.653122 0.109288
vt 0.741509 0.031645
vt 0.720378 0.069599
vt 0.720378 0.031645
vt 0.741509 0.154592
vt 0.692168 0.132514
vt 0.703487 0.124578
vt 0.678830 0.154592
vt 0.712416 0.112481
vt 0.718274 0.097147
vt 0.781507 0.031645
vt 0.802638 0.069599
vt 0.781507 0.154592
vt 0.819529 0.124578
vt 0.830847 0.132514
vt 0.844186 0.154592
vt 0.810600 0.112481
vt 0.804742 0.097147
vt 0.779380 0.032129
vt 0.743208 0.014169
vt 0.779380 0.014169
vt 0.779380 0.064387
vt 0.743208 0.032129
vt 0.779380 0.126348
vt 0.743208 0.114599
vt 0.779380 0.114599
vt 0.779380 0.154281
vt 0.743208 0.137940
vt 0.779380 0.137940
vt 0.743208 0.126348
vt 0.743208 0.101820
vt 0.779380 0.101820
vt 0.743208 0.087869
vt 0.779380 0.087869
vt 0.743208 0.064387
vt 0.678830 0.135365
vt 0.844185 0.135365
vt 0.860520 0.040015
vt 0.985717 0.004313
vt 0.985717 0.040015
vt 0.985717 0.087104
vt 0.860520 0.051402
vt 0.985716 0.051402
vt 0.997105 0.087104
vt 0.997104 0.051401
vt 0.860520 0.098492
vt 0.985717 0.098492
vt 0.849132 0.051401
vt 0.860520 0.087104
vt 0.849131 0.087104
vt 0.977213 0.206628
vt 0.981968 0.367354
vt 0.981968 0.206628
vt 0.972458 0.206628
vt 0.977213 0.367354
vt 0.967703 0.206628
vt 0.972458 0.367354
vt 0.962948 0.206628
vt 0.967703 0.367354
vt 0.958194 0.206628
vt 0.962948 0.367354
vt 0.953439 0.206628
vt 0.958194 0.367354
vt 0.986723 0.206628
vt 0.991477 0.367354
vt 0.991477 0.206628
vt 0.986723 0.367354
vt 0.984639 0.400209
vt 0.989659 0.388090
vt 0.984639 0.375970
vt 0.960400 0.400209
vt 0.955380 0.388090
vt 0.960400 0.375970
vt 0.674214 0.015021
vt 0.481088 0.034911
vt 0.494539 0.014934
vt 0.703650 0.034815
vt 0.481088 0.044132
vt 0.674207 0.063872
vt 0.494532 0.064161
vt 0.674214 0.005708
vt 0.494539 0.005707
vt 0.473388 0.029749
vt 0.679397 0.007336
vt 0.708813 0.027116
vt 0.703650 0.044133
vt 0.872409 0.139931
vt 0.966752 0.104926
vt 0.966752 0.139931
vt 0.966752 0.186100
vt 0.872409 0.151096
vt 0.966751 0.151096
vt 0.977918 0.186100
vt 0.977916 0.151095
vt 0.872409 0.197265
vt 0.966752 0.197265
vt 0.861244 0.151095
vt 0.872409 0.186100
vt 0.861244 0.186100
vt 0.872409 0.104926
vt 0.004187 0.680857
vt 0.004586 0.407192
vt 0.636884 0.680857
vt 0.636925 0.407192
vt 0.005752 0.188151
vt 0.012527 0.685250
vt 0.981915 0.595633
vt 0.635835 0.692609
vt 0.012516 0.685261
vt 0.005673 0.692622
vt 0.635845 0.692622
vt 0.521942 0.577964
vt 0.434026 0.607705
vt 0.125711 0.578295
vt 0.125135 0.626700
vt 0.634508 0.183735
vt 0.634306 0.165251
vt 0.015933 0.184227
vt 0.644977 0.726499
vt 0.644923 0.720547
vt 0.005874 0.070070
vt 0.993563 0.503055
vt 0.993563 0.544733
vt 0.642078 0.430045
vt 0.646878 0.702571
vt 0.626487 0.114822
vt 0.336512 0.090874
vt 0.340277 0.099964
vt 0.336512 0.109053
vt 0.327422 0.112818
vt 0.318333 0.109053
vt 0.643294 0.085559
vt 0.653122 0.089630
vt 0.657193 0.099459
vt 0.643294 0.113359
vt 0.633465 0.109288
vt 0.802638 0.031645
vt 0.743208 0.154281
vt 0.860520 0.004313
vt 0.953439 0.367354
vt 0.972519 0.370950
vt 0.972519 0.405229
vt 0.486861 0.009740
f 1336/1 1378/2 1338/3
f 1342/4 1352/5 1355/6
f 1347/7 1441/8 1351/5
f 1445/8 1365/9 1353/5
f 1385/10 1339/3 1340/11
f 1386/12 8/10 9/11
f 1391/13 1344/4 1356/6
f 1399/14 1346/7 1341/4
f 1367/9 1358/6 4/5
f 1371/15 1395/13 1357/6
f 1448/16 1404/17 1366/18
f 1364/18 1410/19 1370/20
f 1405/17 1424/21 1411/19
f 1406/17 1461/22 1420/23
f 1421/23 1436/24 1425/21
f 1465/22 1434/25 1422/23
f 1361/26 1375/27 1377/28
f 1400/14 1455/29 1387/30
f 1372/20 1417/31 1401/32
f 1412/19 1431/33 1415/31
f 1426/21 1440/34 1429/33
f 1473/35 1493/36 1469/37
f 1471/37 1481/38 1475/35
f 1470/37 1486/39 1485/40
f 1482/41 1487/42 1498/43
f 1474/35 1499/44 1477/45
f 1380/2 1505/1 1503/3
f 1522/5 1507/4 1512/6
f 1443/8 1517/7 1521/5
f 1526/9 1446/8 1523/5
f 1504/3 1531/10 1534/11
f 42/10 1389/12 41/11
f 1510/4 1393/13 1513/6
f 1516/7 1535/14 1508/4
f 1515/6 1528/9 37/5
f 1396/13 1541/15 1514/6
f 1546/17 1450/16 1525/18
f 1552/19 1527/18 1540/20
f 1561/21 1547/17 1551/19
f 1545/17 1462/22 1459/46
f 1568/24 1557/23 1560/21
f 1565/25 1463/22 1558/23
f 1360/26 1539/27 1518/7
f 1456/29 1537/14 1390/30
f 1418/31 1542/20 1403/32
f 1432/33 1553/19 1416/31
f 59/34 1562/21 1430/33
f 1496/47 1569/48 1573/49
f 1580/50 1575/49 1571/48
f 1576/49 1488/51 1495/47
f 1490/42 1581/41 1500/43
f 1501/52 1570/48 1479/53
f 69/54 1594/55 1584/56
f 1593/57 1602/58 1591/59
f 72/58 1588/60 1590/59
f 71/61 1583/56 1587/60
f 1585/62 1592/59 1589/60
f 1616/55 77/54 1609/56
f 1617/57 1622/58 78/63
f 1606/60 1624/58 1612/59
f 1608/56 79/61 1605/60
f 1614/59 1610/62 1607/60
f 1638/55 85/54 1631/56
f 1639/57 1644/58 86/63
f 1628/60 1646/58 1634/59
f 1630/56 87/61 1627/60
f 1636/59 1632/62 1629/60
f 93/54 1660/55 1650/56
f 1659/57 1668/58 1657/59
f 96/58 1654/60 1656/59
f 95/61 1649/56 1653/60
f 1651/62 1658/59 1655/60
f 1673/64 1682/65 1671/66
f 1689/67 1697/68 1685/69
f 1683/70 1686/71 1672/72
f 1679/73 1691/74 1681/75
f 1674/64 1694/76 1678/73
f 1675/64 1687/71 1698/68
f 1702/77 1710/78 1699/79
f 1716/80 1724/81 1713/82
f 1711/78 1714/83 1700/84
f 1707/85 1718/80 1709/78
f 1703/86 1721/87 1706/85
f 1701/88 1725/89 1704/86
f 1738/78 1727/77 1731/79
f 1752/81 1741/80 1745/82
f 1746/83 1739/78 1732/84
f 1743/80 1735/85 1737/78
f 1749/87 1728/86 1734/85
f 1753/89 1733/88 1729/86
f 1766/65 1755/64 1759/66
f 1780/68 1769/67 1773/69
f 1774/71 1767/70 1760/72
f 1771/74 1763/73 1765/75
f 1777/76 1756/64 1762/73
f 1781/68 1761/72 1757/64
f 1799/90 1787/91 1783/92
f 1806/93 1784/92 1791/94
f 1811/95 1804/96 1800/90
f 1855/97 1801/90 1807/93
f 1819/98 1795/99 1863/100
f 1808/93 1818/98 1820/101
f 1833/102 1827/103 1823/104
f 1840/105 1824/104 1832/106
f 1842/107 1838/108 1834/102
f 1871/109 1835/102 1841/105
f 1851/110 1788/91 1816/111
f 1790/94 1849/110 1794/99
f 1856/97 1821/101 1822/112
f 1866/113 1828/103 1847/114
f 1831/106 1867/113 1830/115
f 1887/91 1875/90 1880/92
f 1881/92 1893/93 1889/94
f 1884/96 1812/95 1876/90
f 1877/90 1857/97 1894/93
f 1898/98 1796/99 1890/94
f 1900/98 1895/93 1901/101
f 1915/103 1903/102 1908/104
f 1909/104 1917/105 1919/106
f 1912/108 1843/107 1904/102
f 1905/102 1872/109 1918/105
f 1850/110 152/91 1882/92
f 1852/110 1891/94 1798/99
f 1859/97 158/101 1896/93
f 1865/113 162/103 1910/104
f 1868/113 1920/106 147/115
f 1924/116 175/117 1922/118
f 1925/119 176/120 1923/116
f 1921/118 177/121 173/122
f 1934/116 183/117 1932/118
f 1935/119 184/120 1933/116
f 1931/118 185/121 181/122
f 1944/116 191/117 1942/118
f 1945/119 192/120 1943/116
f 1941/118 193/121 189/122
f 1954/116 199/117 1952/118
f 1955/119 200/120 1953/116
f 1951/118 201/121 197/122
f 1964/116 207/117 1962/118
f 1965/119 208/120 1963/116
f 1961/118 209/121 205/122
f 215/117 1975/116 1972/118
f 216/120 1973/119 1974/116
f 217/121 1971/118 213/122
f 223/117 1985/116 1982/118
f 224/120 1983/119 1984/116
f 225/121 1981/118 221/122
f 231/117 1995/116 1992/118
f 232/120 1993/119 1994/116
f 233/121 1991/118 229/122
f 239/117 2005/116 2002/118
f 240/120 2003/119 2004/116
f 241/121 2001/118 237/122
f 247/117 2015/116 2012/118
f 248/120 2013/119 2014/116
f 249/121 2011/118 245/122
f 2024/116 255/117 2022/118
f 2025/119 256/120 2023/116
f 2021/118 257/121 253/122
f 2034/116 263/117 2032/118
f 2035/119 264/120 2033/116
f 2031/118 265/121 261/122
f 2044/116 271/117 2042/118
f 2045/119 272/120 2043/116
f 2041/118 273/121 269/122
f 2054/116 279/117 2052/118
f 2055/119 280/120 2053/116
f 2051/118 281/121 277/122
f 2064/116 287/117 2062/118
f 2065/119 288/120 2063/116
f 2061/118 289/121 285/122
f 295/117 2075/116 2072/118
f 296/120 2073/119 2074/116
f 297/121 2071/118 293/122
f 303/117 2085/116 2082/118
f 304/120 2083/119 2084/116
f 305/121 2081/118 301/122
f 311/117 2095/116 2092/118
f 312/120 2093/119 2094/116
f 313/121 2091/118 309/122
f 319/117 2105/116 2102/118
f 320/120 2103/119 2104/116
f 321/121 2101/118 317/122
f 327/117 2115/116 2112/118
f 328/120 2113/119 2114/116
f 329/121 2111/118 325/122
f 2155/123 2162/124 2154/125
f 2125/126 2127/127 332/128
f 2122/129 2131/130 2124/131
f 2123/132 2135/133 2121/134
f 2128/127 2141/135 2140/136
f 2133/133 2143/135 2130/130
f 2138/137 2149/138 2134/133
f 2144/135 2157/123 340/136
f 2147/138 2159/139 2142/135
f 2152/140 2163/124 2148/138
f 2166/141 2175/142 2180/143
f 2177/142 2190/144 2181/143
f 2194/145 2167/141 2192/146
f 2196/147 2174/142 2171/148
f 2202/149 2185/150 2176/142
f 2209/151 2172/148 2195/152
f 2211/153 2201/149 2197/147
f 2218/154 2206/155 2203/149
f 2225/156 2198/147 2210/157
f 2212/153 2182/143 2217/154
f 2183/143 2221/158 2219/154
f 2193/159 2213/153 2226/160
f 2186/150 2223/158 2189/144
f 2228/161 2233/162 2234/163
f 2240/164 2247/165 2238/166
f 2231/167 2242/168 2241/169
f 2235/163 367/170 2248/171
f 2236/163 2244/172 2229/161
f 2255/173 375/174 2252/175
f 2256/173 2260/176 376/177
f 2250/178 2262/176 2253/179
f 2251/180 377/181 2249/178
f 2266/182 2273/183 2278/184
f 2275/183 2286/185 380/184
f 2291/186 2267/182 2295/187
f 2299/188 2272/183 2269/189
f 2326/190 2279/191 2274/183
f 2334/192 2270/189 2292/186
f 2305/193 2296/187 2297/194
f 2310/195 2281/191 2287/196
f 2283/191 2311/197 2288/196
f 2290/196 392/198 390/195
f 2315/197 2319/199 2289/196
f 389/194 2323/200 2306/193
f 2337/192 2307/193 2341/201
f 2343/201 2321/200 2324/202
f 2346/203 2355/204 2350/205
f 2365/206 2359/207 2347/208
f 2348/208 2353/209 2368/206
f 2356/204 2362/210 2370/211
f 2378/174 2371/173 2374/175
f 2373/173 2380/176 2379/179
f 404/176 2383/178 403/179
f 2385/181 2375/180 2384/178
f 2391/182 2394/183 2387/189
f 2408/185 2395/183 2400/184
f 2393/182 2411/186 2409/187
f 2397/183 2300/188 2389/189
f 2401/191 2328/190 2396/183
f 2388/189 2335/192 2412/186
f 2415/193 413/187 2413/186
f 2423/195 2402/191 2407/185
f 2313/197 2404/191 2425/196
f 425/198 2426/196 2424/195
f 2429/199 2316/197 2427/196
f 2433/200 2422/194 2416/193
f 2338/192 2418/193 2414/186
f 430/202 2417/193 2342/201
f 2443/204 2435/203 2434/205
f 2439/207 2366/206 2436/208
f 437/209 2437/208 2369/206
f 2363/210 2444/204 438/211
f 2452/212 2461/213 2445/214
f 2457/215 2468/216 2460/213
f 2464/217 2476/218 2467/216
f 2472/219 2484/220 2475/218
f 2481/221 2495/222 2483/220
f 2487/223 2503/224 2494/222
f 2500/225 2511/226 2502/224
f 2507/227 2446/228 2510/226
f 2504/229 2512/230 2450/231
f 2463/232 2458/233 2489/234
f 2516/235 2524/236 2513/237
f 2520/238 2528/239 2533/240
f 2538/241 2530/239 2521/238
f 2522/238 2534/240 2543/242
f 464/238 2544/242 2547/243
f 2519/238 2548/243 2523/236
f 2556/244 2563/245 2551/246
f 2567/247 2571/248 2552/246
f 2574/248 2580/249 2553/246
f 2581/250 2568/247 2554/246
f 2585/251 2582/250 2555/246
f 2564/245 2586/251 474/246
f 2515/252 2558/253 463/254
f 2526/255 2560/256 2514/252
f 2531/257 2569/258 2535/259
f 2537/260 2577/261 2540/262
f 2541/262 2573/263 2529/257
f 2536/259 2583/264 2545/265
f 2546/265 2587/266 2549/267
f 2550/267 2565/268 2525/255
f 2592/235 2600/236 2589/237
f 2596/238 2604/239 2610/240
f 2615/241 2607/239 2597/238
f 2598/238 2611/240 2619/242
f 484/238 2620/242 2623/243
f 2595/238 2624/243 2599/236
f 2632/244 2639/245 2627/246
f 2643/247 2647/248 2628/246
f 2649/248 2656/249 2629/246
f 2657/250 2644/247 2630/246
f 2661/251 2658/250 2631/246
f 2640/245 2662/251 494/246
f 2591/252 2634/253 483/254
f 2602/255 2636/256 2590/252
f 2608/257 2645/258 2612/259
f 2614/260 2653/261 2617/262
f 2606/257 2651/261 2648/263
f 2613/259 2659/264 2621/265
f 2622/265 2663/266 2625/267
f 2626/267 2641/268 2601/255
f 2668/235 2676/236 2665/237
f 2672/238 2680/239 2684/240
f 2690/241 2682/239 2673/238
f 2674/238 2685/240 2695/242
f 504/238 2696/242 2699/243
f 2671/238 2700/243 2675/236
f 2708/244 2715/245 2703/246
f 2719/247 2722/248 2704/246
f 2725/248 2732/249 2705/246
f 2733/250 2720/247 2706/246
f 2737/251 2734/250 2707/246
f 2716/245 2738/251 514/246
f 2667/252 2710/253 503/254
f 2678/255 2712/256 2666/252
f 2686/259 2726/263 2721/258
f 2689/260 2729/261 2692/262
f 2693/262 2724/263 2681/257
f 2687/259 2735/264 2697/265
f 2698/265 2739/266 2701/267
f 2702/267 2717/268 2677/255
f 2744/235 2752/236 2741/237
f 2748/238 2756/239 2761/240
f 2766/241 2758/239 2749/238
f 2750/238 2762/240 2771/242
f 524/238 2772/242 2775/243
f 2747/238 2776/243 2751/236
f 2784/244 2791/245 2779/246
f 2795/247 2799/248 2780/246
f 2802/248 2808/249 2781/246
f 2809/250 2796/247 2782/246
f 2813/251 2810/250 2783/246
f 2792/245 2814/251 534/246
f 2743/252 2786/253 523/254
f 2754/255 2788/256 2742/252
f 2759/257 2797/258 2763/259
f 2765/260 2805/261 2768/262
f 2769/262 2801/263 2757/257
f 2764/259 2811/264 2773/265
f 2774/265 2815/266 2777/267
f 2778/267 2793/268 2753/255
f 2820/235 2828/236 2817/237
f 2824/238 2832/239 2837/240
f 2842/241 2834/239 2825/238
f 2826/238 2838/240 2847/242
f 544/238 2848/242 2851/243
f 2823/238 2852/243 2827/236
f 2860/244 2867/245 2855/246
f 2871/247 2875/248 2856/246
f 2878/248 2884/249 2857/246
f 2885/250 2872/247 2858/246
f 2889/251 2886/250 2859/246
f 2868/245 2890/251 554/246
f 2819/252 2862/253 543/254
f 2830/255 2864/256 2818/252
f 2835/257 2873/258 2839/259
f 2841/260 2881/261 2844/262
f 2845/262 2877/263 2833/257
f 2840/259 2887/264 2849/265
f 2850/265 2891/266 2853/267
f 2854/267 2869/268 2829/255
f 2904/236 2893/235 2895/237
f 2900/238 2913/240 2908/239
f 2920/241 2909/239 2917/269
f 2902/238 2923/242 2914/240
f 564/238 2927/243 2924/242
f 2899/238 2903/236 2928/243
f 2943/245 2931/244 2934/246
f 2952/247 2935/246 2947/248
f 2948/248 2959/249 2956/270
f 2961/250 2937/246 2953/247
f 2965/251 2938/246 2962/250
f 2944/245 574/246 2966/251
f 2933/253 2897/252 563/254
f 2940/256 2906/255 2896/252
f 2954/258 2911/257 2915/259
f 2957/261 555/260 2918/262
f 2949/263 2919/262 2910/257
f 2963/264 2916/259 2925/265
f 2967/266 2926/265 2929/267
f 2945/268 2930/267 2905/255
f 2980/236 2969/235 2971/237
f 2976/238 2989/240 2984/239
f 2996/241 2985/239 2993/269
f 2978/238 2999/242 2990/240
f 584/238 3003/243 3000/242
f 2975/238 2979/236 3004/243
f 3019/245 3007/244 3010/246
f 3028/247 3011/246 3023/248
f 3024/248 3035/249 3032/270
f 3037/250 3013/246 3029/247
f 3041/251 3014/246 3038/250
f 3020/245 594/246 3042/251
f 3009/253 2973/252 583/254
f 3016/256 2982/255 2972/252
f 3030/258 2987/257 2991/259
f 3033/261 575/260 2994/262
f 3025/263 2995/262 2986/257
f 3039/264 2992/259 3001/265
f 3043/266 3002/265 3005/267
f 3021/268 3006/267 2981/255
f 3056/236 3045/235 3047/237
f 3052/238 3064/240 3060/239
f 3072/241 3061/239 3069/269
f 3054/238 3075/242 3065/240
f 604/238 3079/243 3076/242
f 3051/238 3055/236 3080/243
f 3095/245 3083/244 3086/246
f 3105/247 3087/246 3099/248
f 3100/248 3111/249 3108/270
f 3113/250 3089/246 3106/247
f 3117/251 3090/246 3114/250
f 3096/245 614/246 3118/251
f 3085/253 3049/252 603/254
f 3092/256 3058/255 3048/252
f 3067/259 3101/263 3062/257
f 3109/261 595/260 3070/262
f 3102/263 3071/262 597/257
f 3115/264 3068/259 3077/265
f 3119/266 3078/265 3081/267
f 3097/268 3082/267 3057/255
f 3132/236 3121/235 3123/237
f 3128/238 3141/240 3136/239
f 3148/241 3137/239 3145/269
f 3130/238 3151/242 3142/240
f 624/238 3155/243 3152/242
f 3127/238 3131/236 3156/243
f 3171/245 3159/244 3162/246
f 3180/247 3163/246 3175/248
f 3176/248 3187/249 3184/270
f 3189/250 3165/246 3181/247
f 3193/251 3166/246 3190/250
f 3172/245 634/246 3194/251
f 3161/253 3125/252 623/254
f 3168/256 3134/255 3124/252
f 3182/258 3139/257 3143/259
f 3185/261 615/260 3146/262
f 3177/263 3147/262 3138/257
f 3191/264 3144/259 3153/265
f 3195/266 3154/265 3157/267
f 3173/268 3158/267 3133/255
f 3208/236 3197/235 3199/237
f 3204/238 3217/240 3212/239
f 3224/241 3213/239 3221/269
f 3206/238 3227/242 3218/240
f 644/238 3231/243 3228/242
f 3203/238 3207/236 3232/243
f 3247/245 3235/244 3238/246
f 3256/247 3239/246 3251/248
f 3252/248 3263/249 3260/270
f 3265/250 3241/246 3257/247
f 3269/251 3242/246 3266/250
f 3248/245 654/246 3270/251
f 3237/253 3201/252 643/254
f 3244/256 3210/255 3200/252
f 3258/258 3215/257 3219/259
f 3261/261 635/260 3222/262
f 3253/263 3223/262 3214/257
f 3267/264 3220/259 3229/265
f 3271/266 3230/265 3233/267
f 3249/268 3234/267 3209/255
f 3284/236 3273/235 3275/237
f 3280/238 3293/240 3288/239
f 3300/241 3289/239 3297/269
f 3282/238 3303/242 3294/240
f 664/238 3307/243 3304/242
f 3279/238 3283/236 3308/243
f 3323/245 3311/244 3314/246
f 3332/247 3315/246 3327/248
f 3328/248 3339/249 3336/270
f 3341/250 3317/246 3333/247
f 3345/251 3318/246 3342/250
f 3324/245 674/246 3346/251
f 3313/253 3277/252 663/254
f 3320/256 3286/255 3276/252
f 3334/258 3291/257 3295/259
f 3337/261 655/260 3298/262
f 3329/263 3299/262 3290/257
f 3343/264 3296/259 3305/265
f 3347/266 3306/265 3309/267
f 3325/268 3310/267 3285/255
f 3360/236 3349/235 3351/237
f 3356/238 3369/240 3364/239
f 3376/241 3365/239 3373/269
f 3358/238 3379/242 3370/240
f 684/238 3383/243 3380/242
f 3355/238 3359/236 3384/243
f 3399/245 3387/244 3390/246
f 3408/247 3391/246 3403/248
f 3404/248 3415/249 3412/270
f 3417/250 3393/246 3409/247
f 3421/251 3394/246 3418/250
f 3400/245 694/246 3422/251
f 3389/253 3353/252 683/254
f 3396/256 3362/255 3352/252
f 3410/258 3367/257 3371/259
f 3413/261 675/260 3374/262
f 3405/263 3375/262 3366/257
f 3419/264 3372/259 3381/265
f 3423/266 3382/265 3385/267
f 3401/268 3386/267 3361/255
f 3436/236 3425/235 3427/237
f 3432/238 3445/240 3440/239
f 3452/241 3441/239 3449/269
f 3434/238 3455/242 3446/240
f 704/238 3459/243 3456/242
f 3431/238 3435/236 3460/243
f 3475/245 3463/244 3466/246
f 3484/247 3467/246 3479/248
f 3480/248 3491/249 3488/270
f 3493/250 3469/246 3485/247
f 3497/251 3470/246 3494/250
f 3476/245 714/246 3498/251
f 3465/253 3429/252 703/254
f 3472/256 3438/255 3428/252
f 3486/258 3443/257 3447/259
f 3489/261 695/260 3450/262
f 3481/263 3451/262 3442/257
f 3495/264 3448/259 3457/265
f 3499/266 3458/265 3461/267
f 3477/268 3462/267 3437/255
f 3512/236 3501/235 3503/237
f 3508/238 3521/240 3516/239
f 3528/241 3517/239 3525/269
f 3510/238 3531/242 3522/240
f 724/238 3535/243 3532/242
f 3507/238 3511/236 3536/243
f 3551/245 3539/244 3542/246
f 3560/247 3543/246 3555/248
f 3556/248 3567/249 3564/270
f 3569/250 3545/246 3561/247
f 3573/251 3546/246 3570/250
f 3552/245 734/246 3574/251
f 3541/253 3505/252 723/254
f 3548/256 3514/255 3504/252
f 3562/258 3519/257 3523/259
f 3565/261 715/260 3526/262
f 3557/263 3527/262 3518/257
f 3571/264 3524/259 3533/265
f 3575/266 3534/265 3537/267
f 3553/268 3538/267 3513/255
f 3588/236 3577/235 3579/237
f 3584/238 3597/240 3592/239
f 3604/241 3593/239 3601/269
f 3586/238 3607/242 3598/240
f 744/238 3611/243 3608/242
f 3583/238 3587/236 3612/243
f 3627/245 3615/244 3618/246
f 3636/247 3619/246 3631/248
f 3632/248 3643/249 3640/270
f 3645/250 3621/246 3637/247
f 3649/251 3622/246 3646/250
f 3628/245 754/246 3650/251
f 3617/253 3581/252 743/254
f 3624/256 3590/255 3580/252
f 3638/258 3595/257 3599/259
f 3641/261 735/260 3602/262
f 3633/263 3603/262 3594/257
f 3647/264 3600/259 3609/265
f 3651/266 3610/265 3613/267
f 3629/268 3614/267 3589/255
f 3656/235 3664/236 3653/237
f 3660/238 3668/239 3673/240
f 3678/241 3670/239 3661/238
f 3662/238 3674/240 3683/242
f 764/238 3684/242 3687/243
f 3659/238 3688/243 3663/236
f 3696/244 3703/245 3691/246
f 3707/247 3711/248 3692/246
f 3714/248 3720/249 3693/246
f 3721/250 3708/247 3694/246
f 3725/251 3722/250 3695/246
f 3704/245 3726/251 774/246
f 3655/252 3698/253 763/254
f 3666/255 3700/256 3654/252
f 3671/257 3709/258 3675/259
f 3677/260 3717/261 3680/262
f 3681/262 3713/263 3669/257
f 3676/259 3723/264 3685/265
f 3686/265 3727/266 3689/267
f 3690/267 3705/268 3665/255
f 3732/235 3740/236 3729/237
f 3736/238 3744/239 3749/240
f 3754/241 3746/239 3737/238
f 3738/238 3750/240 3759/242
f 784/238 3760/242 3763/243
f 3735/238 3764/243 3739/236
f 3772/244 3779/245 3767/246
f 3783/247 3787/248 3768/246
f 3790/248 3796/249 3769/246
f 3797/250 3784/247 3770/246
f 3801/251 3798/250 3771/246
f 3780/245 3802/251 794/246
f 3731/252 3774/253 783/254
f 3742/255 3776/256 3730/252
f 3747/257 3785/258 3751/259
f 3753/260 3793/261 3756/262
f 3757/262 3789/263 3745/257
f 3752/259 3799/264 3761/265
f 3762/265 3803/266 3765/267
f 3766/267 3781/268 3741/255
f 3808/235 3816/236 3805/237
f 3812/238 3820/239 3825/240
f 3830/241 3822/239 3813/238
f 3814/238 3826/240 3835/242
f 804/238 3836/242 3839/243
f 3811/238 3840/243 3815/236
f 3848/244 3855/245 3843/246
f 3859/247 3863/248 3844/246
f 3866/248 3872/249 3845/246
f 3873/250 3860/247 3846/246
f 3877/251 3874/250 3847/246
f 3856/245 3878/251 814/246
f 3807/252 3850/253 803/254
f 3818/255 3852/256 3806/252
f 3823/257 3861/258 3827/259
f 3829/260 3869/261 3832/262
f 3833/262 3865/263 3821/257
f 3828/259 3875/264 3837/265
f 3838/265 3879/266 3841/267
f 3842/267 3857/268 3817/255
f 3884/235 3892/236 3881/237
f 3888/238 3896/239 3901/240
f 3906/241 3898/239 3889/238
f 3890/238 3902/240 3911/242
f 824/238 3912/242 3915/243
f 3887/238 3916/243 3891/236
f 3924/244 3931/245 3919/246
f 3935/247 3939/248 3920/246
f 3942/248 3948/249 3921/246
f 3949/250 3936/247 3922/246
f 3953/251 3950/250 3923/246
f 3932/245 3954/251 834/246
f 3883/252 3926/253 823/254
f 3894/255 3928/256 3882/252
f 3899/257 3937/258 3903/259
f 3905/260 3945/261 3908/262
f 3909/262 3941/263 3897/257
f 3904/259 3951/264 3913/265
f 3914/265 3955/266 3917/267
f 3918/267 3933/268 3893/255
f 3960/235 3968/236 3957/237
f 3964/238 3972/239 3977/240
f 3982/241 3974/239 3965/238
f 3966/238 3978/240 3987/242
f 844/238 3988/242 3991/243
f 3963/238 3992/243 3967/236
f 4000/244 4007/245 3995/246
f 4011/247 4015/248 3996/246
f 4018/248 4024/249 3997/246
f 4025/250 4012/247 3998/246
f 4029/251 4026/250 3999/246
f 4008/245 4030/251 854/246
f 3959/252 4002/253 843/254
f 3970/255 4004/256 3958/252
f 3975/257 4013/258 3979/259
f 3981/260 4021/261 3984/262
f 3985/262 4017/263 3973/257
f 3980/259 4027/264 3989/265
f 3990/265 4031/266 3993/267
f 3994/267 4009/268 3969/255
f 4036/271 4044/272 4033/273
f 4050/274 4058/275 4047/276
f 4045/277 4048/276 4034/278
f 4041/279 4052/274 4043/280
f 4037/281 4055/282 4040/283
f 4035/273 4059/275 4038/271
f 4064/271 4072/272 4061/273
f 4078/274 4086/275 4075/276
f 4073/277 4076/276 4062/278
f 4069/279 4080/274 4071/280
f 4065/281 4083/282 4068/283
f 4063/273 4087/275 4066/271
f 4092/271 4100/272 4089/273
f 4106/274 4114/275 4103/276
f 4101/277 4104/276 4090/278
f 4097/279 4108/274 4099/280
f 4093/281 4111/282 4096/283
f 4091/273 4115/275 4094/271
f 4120/271 4128/272 4117/273
f 4134/274 4142/275 4131/276
f 4129/277 4132/276 4118/278
f 4125/279 4136/274 4127/280
f 4121/281 4139/282 4124/283
f 4119/273 4143/275 4122/271
f 4148/271 4156/272 4145/273
f 4162/274 4170/275 4159/276
f 4157/277 4160/276 4146/278
f 4153/279 4164/274 4155/280
f 4149/281 4167/282 4152/283
f 4147/273 4171/275 4150/271
f 4176/271 4184/272 4173/273
f 4190/274 4198/275 4187/276
f 4185/277 4188/276 4174/278
f 4181/279 4192/274 4183/280
f 4177/281 4195/282 4180/283
f 4175/273 4199/275 4178/271
f 4215/284 4201/285 4204/286
f 4220/287 4207/288 4214/284
f 4226/289 4217/290 4219/287
f 4232/291 4222/292 4225/289
f 4238/293 4228/294 4231/291
f 4244/295 4234/296 4237/293
f 4250/297 4240/298 4243/299
f 4205/286 4246/300 4249/297
f 4247/301 4202/302 4206/303
f 4253/285 4262/284 4251/286
f 4258/288 4267/287 4261/284
f 4264/290 4277/289 4266/287
f 4269/292 4282/291 4276/289
f 4279/294 4288/293 4281/291
f 4284/296 4294/295 4287/293
f 4290/298 4300/297 4293/299
f 4296/300 4252/286 4299/297
f 4283/304 4278/305 4270/306
f 4315/284 4301/285 4304/286
f 4320/287 4307/288 4314/284
f 4326/289 4317/290 4319/287
f 4332/291 4322/292 4325/289
f 4338/293 4328/294 4331/291
f 4344/295 4334/296 4337/293
f 4350/297 4340/298 4343/299
f 4305/286 4346/300 4349/297
f 4347/301 4302/302 4306/303
f 4355/307 4363/308 4351/309
f 4359/310 4368/311 4362/308
f 4369/311 4373/312 4377/313
f 4375/314 4352/309 4378/315
f 4370/316 4353/309 4364/308
f 4360/310 4372/317 4365/318
f 4391/308 4379/307 4382/309
f 4396/311 4387/310 4390/308
f 4395/311 4400/312 4394/319
f 4383/309 4401/314 4405/315
f 4384/309 4398/316 960/308
f 4403/317 4388/310 4393/318
f 4410/320 4418/321 4407/322
f 4424/323 4432/324 4421/325
f 4419/326 4422/325 4408/327
f 4415/328 4426/323 4417/329
f 4411/330 4429/331 4414/332
f 4409/322 4433/324 4412/320
f 4438/320 4446/321 4435/322
f 4452/323 4460/324 4449/325
f 4447/326 4450/325 4436/327
f 4443/328 4454/323 4445/329
f 4439/330 4457/331 4442/332
f 4437/322 4461/324 4440/320
f 4466/320 4474/321 4463/322
f 4480/323 4488/324 4477/325
f 4475/326 4478/325 4464/327
f 4471/328 4482/323 4473/329
f 4467/330 4485/331 4470/332
f 4465/322 4489/324 4468/320
f 4494/320 4502/321 4491/322
f 4508/323 4516/324 4505/325
f 4503/326 4506/325 4492/327
f 4499/328 4510/323 4501/329
f 4495/330 4513/331 4498/332
f 4493/322 4517/324 4496/320
f 4522/320 4530/321 4519/322
f 4536/323 4544/324 4533/325
f 4531/326 4534/325 4520/327
f 4527/328 4538/323 4529/329
f 4523/330 4541/331 4526/332
f 4521/322 4545/324 4524/320
f 4550/320 4558/321 4547/322
f 4564/323 4572/324 4561/325
f 4559/326 4562/325 4548/327
f 4555/328 4566/323 4557/329
f 4551/330 4569/331 4554/332
f 4549/322 4573/324 4552/320
f 4578/320 4586/321 4575/322
f 4592/323 4600/324 4589/325
f 4587/326 4590/325 4576/327
f 4583/328 4594/323 4585/329
f 4579/330 4597/331 4582/332
f 4577/322 4601/324 4580/320
f 4604/141 4613/142 4618/143
f 4615/142 4628/144 4619/143
f 4632/145 4605/141 4630/146
f 4634/147 4612/142 4609/148
f 4640/149 4623/150 4614/142
f 4647/151 4610/148 4633/152
f 4649/153 4639/149 4635/147
f 4656/154 4644/155 4641/149
f 4663/156 4636/147 4648/157
f 4650/153 4620/143 4655/154
f 4621/143 4659/158 4657/154
f 4631/159 4651/153 4664/160
f 4624/150 4661/158 4627/144
f 4706/124 4698/123 4701/125
f 4675/127 4669/126 1040/128
f 4672/130 4667/129 4668/131
f 4679/133 4665/132 4666/134
f 4674/127 4686/135 4670/130
f 4687/135 4677/133 4671/130
f 4693/138 4682/137 4678/133
f 4700/123 4684/135 4690/136
f 4703/139 4691/138 4685/135
f 4707/124 4696/140 4692/138
f 4712/271 4720/272 4709/273
f 4726/274 4734/275 4723/276
f 4721/277 4724/276 4710/278
f 4717/279 4728/274 4719/280
f 4713/281 4731/282 4716/283
f 4711/273 4735/275 4714/271
f 4740/271 4748/272 4737/273
f 4754/274 4762/275 4751/276
f 4749/277 4752/276 4738/278
f 4745/279 4756/274 4747/280
f 4741/281 4759/282 4744/283
f 4739/273 4763/275 4742/271
f 4768/271 4776/272 4765/273
f 4782/274 4790/275 4779/276
f 4777/277 4780/276 4766/278
f 4773/279 4784/274 4775/280
f 4769/281 4787/282 4772/283
f 4767/273 4791/275 4770/271
f 4796/271 4804/272 4793/273
f 4810/274 4818/275 4807/276
f 4805/277 4808/276 4794/278
f 4801/279 4812/274 4803/280
f 4797/281 4815/282 4800/283
f 4795/273 4819/275 4798/271
f 4824/271 4832/272 4821/273
f 4838/274 4846/275 4835/276
f 4833/277 4836/276 4822/278
f 4829/279 4840/274 4831/280
f 4825/281 4843/282 4828/283
f 4823/273 4847/275 4826/271
f 4852/271 4860/272 4849/273
f 4866/274 4874/275 4863/276
f 4861/277 4864/276 4850/278
f 4857/279 4868/274 4859/280
f 4853/281 4871/282 4856/283
f 4851/273 4875/275 4854/271
f 4890/284 4877/285 4882/286
f 4895/287 4884/288 4889/284
f 4901/289 4892/290 4894/287
f 4907/291 4897/292 4900/289
f 4915/293 4903/294 4906/291
f 4920/295 4909/296 4914/293
f 4925/297 4917/298 4919/299
f 4924/297 4879/285 4922/300
f 4878/302 4883/303 4911/304
f 4929/285 4938/284 4927/286
f 4934/288 4943/287 4937/284
f 4940/290 4953/289 4942/287
f 4945/292 4958/291 4952/289
f 4955/294 4964/293 4957/291
f 4960/296 4970/295 4963/293
f 4966/298 4976/297 4969/299
f 4972/300 4928/286 4975/297
f 4959/304 4954/305 4946/306
f 4988/284 4977/285 4981/286
f 4994/287 4984/288 4987/284
f 5000/289 4990/290 4993/287
f 5005/291 4996/292 4999/289
f 5015/293 5002/294 5004/291
f 5020/295 5007/296 5014/293
f 5026/297 5017/298 5019/299
f 4982/286 5022/300 5025/297
f 4978/302 4983/303 5009/304
f 5031/307 5039/308 5027/309
f 5035/310 5044/311 5038/308
f 5045/311 5049/312 5053/313
f 5051/314 5028/309 5054/315
f 5046/316 5029/309 5040/308
f 5036/310 5048/317 5041/318
f 5067/308 5055/307 5059/309
f 5072/311 5063/310 5066/308
f 5071/311 5076/312 5070/319
f 5080/315 5057/307 5077/314
f 5061/309 5074/316 1160/308
f 5078/317 5064/310 5069/318
f 5086/320 5094/321 5083/322
f 5098/325 5105/331 5108/324
f 5095/326 5099/325 5084/327
f 5091/328 5102/323 5093/329
f 5087/330 5106/331 5090/332
f 5085/322 5109/324 5088/320
f 5114/320 5122/321 5111/322
f 5128/323 5136/324 5125/325
f 5123/326 5126/325 5112/327
f 5119/328 5130/323 5121/329
f 5115/330 5133/331 5118/332
f 5113/322 5137/324 5116/320
f 5142/320 5150/321 5139/322
f 5156/323 5164/324 5153/325
f 5151/326 5154/325 5140/327
f 5147/328 5158/323 5149/329
f 5143/330 5161/331 5146/332
f 5141/322 5165/324 5144/320
f 5168/322 5175/333 5178/321
f 5182/325 5189/331 5192/324
f 5180/326 5183/325 5169/327
f 5176/328 5186/323 5179/329
f 5172/330 5190/331 5174/332
f 5167/322 5193/324 5171/320
f 5198/320 5206/321 5195/322
f 5212/323 5220/324 5209/325
f 5207/326 5210/325 5196/327
f 5203/328 5214/323 5205/329
f 5199/330 5217/331 5202/332
f 5197/322 5221/324 5200/320
f 5224/322 5231/333 5234/321
f 5240/323 5248/324 5237/325
f 5236/326 5238/325 5225/327
f 5232/328 5242/323 5235/329
f 5228/330 5245/331 5230/332
f 5223/322 5249/324 5227/320
f 5254/320 5262/321 5251/322
f 5268/323 5276/324 5265/325
f 5263/326 5266/325 5252/327
f 5259/328 5270/323 5261/329
f 5255/330 5273/331 5258/332
f 5253/322 5277/324 5256/320
f 5280/141 5290/142 5295/143
f 5292/142 5304/144 5296/143
f 5308/145 5281/141 5306/146
f 5310/147 5289/142 5286/148
f 5316/149 5299/150 5291/142
f 5323/151 5287/148 5309/152
f 5325/153 5315/149 5311/147
f 5331/154 5320/155 5317/149
f 5339/156 5312/147 5324/157
f 5282/141 5330/154 5326/153
f 5297/143 5335/158 5332/154
f 5307/159 5327/153 5340/160
f 5300/150 5337/158 5303/144
f 5342/141 5353/142 5357/143
f 5355/142 5365/144 5358/143
f 5369/146 5346/148 5341/141
f 5347/148 5377/149 5352/142
f 5380/149 5361/150 5354/142
f 5386/151 5348/148 1246/152
f 5388/153 5376/149 5373/147
f 5378/149 5398/158 5383/155
f 5401/156 5374/147 5387/157
f 5343/141 5393/154 5389/153
f 5359/143 5397/158 5395/154
f 5370/159 5390/153 5402/160
f 5384/155 5364/144 5362/150
f 5404/141 5413/142 5418/143
f 5415/142 5428/144 5419/143
f 5432/145 5405/141 5430/146
f 5434/147 5412/142 5409/148
f 5440/149 5423/150 5414/142
f 5447/151 5410/148 5433/152
f 5449/153 5439/149 5435/147
f 5456/154 5444/155 5441/149
f 5463/156 5436/147 5448/157
f 5450/153 5420/143 5455/154
f 5421/143 5459/158 5457/154
f 5431/159 5451/153 5464/160
f 5424/150 5461/158 5427/144
f 5466/141 5477/142 5481/143
f 5479/142 5490/144 5482/143
f 5494/145 5467/141 5492/146
f 5472/148 5502/149 5476/142
f 5504/149 5485/150 5478/142
f 5509/151 5473/148 5495/152
f 5497/147 5516/154 5501/149
f 5518/154 5506/155 5503/149
f 5525/156 5498/147 5510/157
f 5468/141 5515/154 5512/153
f 5483/143 5521/158 5517/154
f 5493/159 5513/153 5526/160
f 5486/150 5523/158 5489/144
f 5532/141 5538/142 5527/148
f 5552/144 5539/142 5543/143
f 5534/141 5554/145 5556/146
f 5529/148 5562/149 5558/147
f 5547/150 5563/149 5540/142
f 5528/148 5571/151 5555/152
f 5565/149 5573/153 5560/147
f 5568/155 5579/154 5564/149
f 5559/147 5587/156 5572/157
f 5578/154 5535/141 5574/153
f 5583/158 5545/143 5580/154
f 5575/153 5557/159 5588/160
f 5549/150 5584/158 5569/155
f 5594/141 5600/142 5589/148
f 5613/144 5601/142 5605/143
f 5596/141 5616/145 5618/146
f 5591/148 5624/149 5620/147
f 5609/150 5625/149 5602/142
f 5590/148 5634/151 5617/152
f 5627/149 5636/153 5622/147
f 5630/155 5642/154 5626/149
f 5621/147 5649/156 5635/157
f 5641/154 5597/141 5637/153
f 5646/158 5607/143 5643/154
f 5638/153 5619/159 5650/160
f 5612/144 5631/155 5610/150
f 5652/123 5659/124 5651/125
f 5662/126 5670/127 1323/128
f 5672/129 5664/130 5663/131
f 5678/132 5674/133 5673/134
f 5671/127 5682/135 5686/136
f 5667/130 5688/138 5681/135
f 5680/137 5687/138 5676/133
f 5684/135 5654/123 1332/136
f 5690/138 5656/139 5683/135
f 5694/140 5660/124 5689/138
f 1335/1 1337/334 1379/2
f 1345/4 1350/7 1354/5
f 1348/7 1359/26 1442/8
f 1444/8 1449/335 6/9
f 1384/10 1/1 3/3
f 1388/12 1382/336 1383/10
f 1394/13 1453/29 1343/4
f 1398/14 1376/27 1349/7
f 1368/9 1373/15 11/6
f 1374/15 1402/337 1392/13
f 1451/16 1458/46 1407/17
f 1369/18 1408/17 1413/19
f 1409/17 1423/23 1427/21
f 14/17 1460/46 1466/22
f 16/23 1435/25 1437/24
f 1464/22 1468/338 18/25
f 1362/26 5/7 7/27
f 12/14 10/4 1457/29
f 13/20 1414/19 1419/31
f 15/19 1428/21 1433/33
f 17/21 19/24 1438/34
f 1476/35 1478/45 1494/36
f 1472/37 1484/339 1480/38
f 25/37 1497/36 1491/39
f 26/41 27/340 1492/42
f 24/35 1483/341 1502/44
f 33/2 2/334 1506/1
f 1524/5 1520/7 35/4
f 1447/8 1363/26 1519/7
f 1529/9 1452/335 20/8
f 31/3 32/1 1532/10
f 1533/10 21/336 23/12
f 1509/4 1454/29 22/13
f 36/7 1538/27 1536/14
f 34/6 46/15 1530/9
f 1397/13 47/337 1543/15
f 1549/17 48/46 39/16
f 50/19 49/17 40/18
f 52/21 1556/23 1548/17
f 1550/17 1559/23 1467/22
f 1567/24 1566/25 51/23
f 54/25 56/338 53/22
f 38/26 1381/28 45/27
f 43/29 1511/4 44/14
f 57/31 1554/19 1544/20
f 58/33 1563/21 1555/19
f 1439/34 55/24 1564/21
f 29/47 28/53 1572/48
f 1579/50 1577/342 1574/49
f 60/49 1578/343 1489/51
f 64/42 62/340 1582/41
f 30/52 63/344 61/48
f 1597/54 1599/345 1595/55
f 66/57 70/63 1600/58
f 1601/58 1603/61 67/60
f 1604/61 1598/54 65/56
f 1586/62 1596/346 68/59
f 74/55 1619/345 1620/54
f 1615/57 1613/59 80/58
f 75/60 1625/61 1623/58
f 73/56 1621/54 1626/61
f 76/59 1618/346 1611/62
f 82/55 1641/345 1642/54
f 1637/57 1635/59 88/58
f 83/60 1647/61 1645/58
f 81/56 1643/54 1648/61
f 84/59 1640/346 1633/62
f 1663/54 1665/345 1661/55
f 90/57 94/63 1666/58
f 1667/58 1669/61 91/60
f 1670/61 1664/54 89/56
f 1652/62 1662/346 92/59
f 1677/64 1680/73 1684/65
f 1690/67 1693/76 1696/68
f 98/70 102/347 101/71
f 100/73 104/76 1692/74
f 99/64 103/68 1695/76
f 1676/64 97/72 1688/71
f 1705/77 1708/85 1712/78
f 1717/80 1720/87 1723/81
f 106/78 110/80 109/83
f 108/85 112/87 1719/80
f 107/86 111/89 1722/87
f 105/88 1715/348 1726/89
f 1740/78 1736/85 1730/77
f 1751/81 1748/87 1742/80
f 117/83 118/80 114/78
f 1744/80 120/87 116/85
f 1750/87 1754/89 115/86
f 119/89 1747/348 113/88
f 1768/65 1764/73 1758/64
f 1779/68 1776/76 1770/67
f 125/71 126/347 122/70
f 1772/74 128/76 124/73
f 1778/76 1782/68 123/64
f 127/68 1775/71 121/72
f 1803/90 1805/96 1789/91
f 1809/93 1802/90 129/92
f 1813/95 1862/349 134/96
f 1858/97 1814/95 131/90
f 1817/98 1792/94 1797/99
f 1810/93 130/94 135/98
f 1837/102 1839/108 1829/103
f 140/105 1836/102 137/104
f 1844/107 1874/350 142/108
f 1873/109 1845/107 139/102
f 1848/110 1785/92 133/91
f 1793/94 1786/92 1853/110
f 1860/97 132/93 136/101
f 1864/113 1825/104 141/103
f 138/106 1826/104 1869/113
f 1886/91 1885/96 150/90
f 149/92 1879/90 1897/93
f 151/96 145/349 155/95
f 1878/90 1815/95 1861/97
f 1899/98 146/100 157/99
f 156/98 153/94 154/93
f 1914/103 1913/108 160/102
f 159/104 1907/102 164/105
f 161/108 148/350 165/107
f 1906/102 1846/107 166/109
f 1854/110 167/111 1888/91
f 143/110 1883/92 1892/94
f 144/97 168/112 1902/101
f 1870/113 170/114 1916/103
f 169/113 1911/104 163/106
f 172/116 1926/120 1928/117
f 174/119 178/351 1927/120
f 171/118 1929/117 1930/121
f 180/116 1936/120 1938/117
f 182/119 186/351 1937/120
f 179/118 1939/117 1940/121
f 188/116 1946/120 1948/117
f 190/119 194/351 1947/120
f 187/118 1949/117 1950/121
f 196/116 1956/120 1958/117
f 198/119 202/351 1957/120
f 195/118 1959/117 1960/121
f 204/116 1966/120 1968/117
f 206/119 210/351 1967/120
f 203/118 1969/117 1970/121
f 1976/117 1978/120 212/116
f 1979/120 218/351 214/119
f 1980/121 1977/117 211/118
f 1986/117 1988/120 220/116
f 1989/120 226/351 222/119
f 1990/121 1987/117 219/118
f 1996/117 1998/120 228/116
f 1999/120 234/351 230/119
f 2000/121 1997/117 227/118
f 2006/117 2008/120 236/116
f 2009/120 242/351 238/119
f 2010/121 2007/117 235/118
f 2016/117 2018/120 244/116
f 2019/120 250/351 246/119
f 2020/121 2017/117 243/118
f 252/116 2026/120 2028/117
f 254/119 258/351 2027/120
f 251/118 2029/117 2030/121
f 260/116 2036/120 2038/117
f 262/119 266/351 2037/120
f 259/118 2039/117 2040/121
f 268/116 2046/120 2048/117
f 270/119 274/351 2047/120
f 267/118 2049/117 2050/121
f 276/116 2056/120 2058/117
f 278/119 282/351 2057/120
f 275/118 2059/117 2060/121
f 284/116 2066/120 2068/117
f 286/119 290/351 2067/120
f 283/118 2069/117 2070/121
f 2076/117 2078/120 292/116
f 2079/120 298/351 294/119
f 2080/121 2077/117 291/118
f 2086/117 2088/120 300/116
f 2089/120 306/351 302/119
f 2090/121 2087/117 299/118
f 2096/117 2098/120 308/116
f 2099/120 314/351 310/119
f 2100/121 2097/117 307/118
f 2106/117 2108/120 316/116
f 2109/120 322/351 318/119
f 2110/121 2107/117 315/118
f 2116/117 2118/120 324/116
f 2119/120 330/351 326/119
f 2120/121 2117/117 323/118
f 2156/123 2158/139 2161/124
f 334/126 2129/130 2126/127
f 333/129 2136/133 2132/130
f 331/132 2139/137 2137/133
s 0
f 336/127 338/130 2145/135
f 337/133 2150/138 2146/135
f 335/137 2153/140 2151/138
f 341/135 2160/139 344/123
f 342/138 2164/124 345/139
f 339/140 343/125 346/124
s 1
f 2165/141 2170/148 2178/142
f 2179/142 2188/150 2191/144
f 354/145 2173/148 2169/141
f 2200/147 2204/149 352/142
f 2205/149 2207/155 2187/150
f 358/151 2199/147 351/148
f 359/153 2220/154 356/149
f 360/154 2222/158 2208/155
f 362/156 2216/153 355/147
f 2214/153 2168/141 2184/143
f 348/143 349/144 2224/158
f 350/159 347/141 2215/153
s 0
f 353/150 357/155 361/158
s 1
f 2227/161 2230/167 2232/162
f 369/164 2243/352 2246/165
f 365/167 366/161 2245/168
f 2237/163 363/162 2239/170
f 364/163 368/353 370/172
f 372/173 2257/177 2258/174
f 2254/173 374/179 378/176
f 373/178 2263/181 2261/176
f 371/180 2259/354 2264/181
f 2265/182 2268/189 2276/183
f 2277/183 2280/191 2285/185
f 2294/186 2271/189 379/182
f 2301/188 2327/190 384/183
f 2329/190 2331/355 2282/191
f 2336/192 2302/188 383/189
f 2304/193 2293/186 382/187
f 2309/195 381/185 2284/191
f 385/191 2333/355 2312/197
s 0
f 387/196 2318/199 2320/198
f 2314/197 2345/356 393/199
f 2298/194 391/357 2322/200
s 1
f 2339/192 386/186 2308/193
s 0
f 2344/201 388/193 394/200
s 1
f 396/203 2357/207 2354/204
f 2367/206 2360/210 2358/207
f 2349/208 395/358 2351/209
f 397/204 398/207 2364/210
f 2377/174 2376/177 2372/173
f 400/173 401/177 2381/176
f 2382/176 2386/181 405/178
f 406/181 402/354 399/180
f 2392/182 410/184 2399/183
f 412/185 2406/191 409/183
f 407/182 408/189 414/186
f 2398/183 2330/190 415/188
f 2403/191 2332/355 416/190
f 2390/189 2303/188 2340/192
f 419/193 2421/194 2410/187
f 421/195 2428/196 411/191
f 2317/197 417/355 2405/191
s 0
f 2431/198 2430/199 422/196
f 424/199 426/356 423/197
f 2432/200 427/357 420/194
s 1
f 418/192 429/201 2420/193
s 0
f 2325/202 428/200 2419/193
s 1
f 2442/204 2440/207 432/203
f 2441/207 2361/210 435/206
f 2352/209 431/358 2438/208
f 436/210 433/207 434/204
f 2453/212 2456/215 440/213
f 448/215 2466/217 441/216
f 2465/217 2471/219 442/218
f 2473/219 2480/221 2485/220
f 2482/221 2486/223 444/222
f 2488/223 2499/225 445/224
f 2501/225 2506/227 446/226
f 2508/227 2454/359 2451/228
f 2447/231 2462/360 2469/361
f 2470/361 2477/362 2448/231
f 2478/362 443/363 2496/364
f 2449/231 2479/362 2497/364
f 2498/364 2505/229 439/231
f 2459/233 2455/365 2490/234
f 447/365 2509/366 2491/234
f 454/366 453/367 452/234
f 2492/234 451/368 2474/369
f 450/369 449/232 2493/234
f 2517/235 2518/238 2527/236
f 455/241 2542/269 2532/239
f 2557/244 2559/370 2562/245
f 2572/248 2576/270 2579/249
f 462/252 2561/256 473/253
f 461/255 2566/268 472/256
f 457/257 2575/263 2570/258
f 2539/260 465/371 2578/261
f 456/262 466/261 467/263
f 458/259 468/258 2584/264
f 459/265 469/264 2588/266
f 460/267 470/266 471/268
f 2593/235 2594/238 2603/236
f 475/241 2618/269 2605/239
f 2633/244 2635/370 2638/245
f 487/248 2652/270 2655/249
f 482/252 2637/256 493/253
f 481/255 2642/268 492/256
f 477/257 2650/263 2646/258
f 2616/260 485/371 486/261
f 2609/257 476/262 2654/261
f 478/259 488/258 2660/264
f 479/265 489/264 2664/266
f 480/267 490/266 491/268
f 2669/235 2670/238 2679/236
f 495/241 2694/269 497/239
f 2709/244 2711/370 2714/245
f 2723/248 2728/270 2731/249
f 502/252 2713/256 513/253
f 501/255 2718/268 512/256
f 2688/259 2683/257 2727/263
f 2691/260 505/371 2730/261
f 496/262 506/261 507/263
f 498/259 508/258 2736/264
f 499/265 509/264 2740/266
f 500/267 510/266 511/268
f 2745/235 2746/238 2755/236
f 515/241 2770/269 2760/239
f 2785/244 2787/370 2790/245
f 2800/248 2804/270 2807/249
f 522/252 2789/256 533/253
f 521/255 2794/268 532/256
f 517/257 2803/263 2798/258
f 2767/260 525/371 2806/261
f 516/262 526/261 527/263
f 518/259 528/258 2812/264
f 519/265 529/264 2816/266
f 520/267 530/266 531/268
f 2821/235 2822/238 2831/236
f 535/241 2846/269 2836/239
f 2861/244 2863/370 2866/245
f 2876/248 2880/270 2883/249
f 542/252 2865/256 553/253
f 541/255 2870/268 552/256
f 537/257 2879/263 2874/258
f 2843/260 545/371 2882/261
f 536/262 546/261 547/263
f 538/259 548/258 2888/264
f 539/265 549/264 2892/266
f 540/267 550/266 551/268
f 2907/236 2898/238 2894/235
f 2921/241 2901/238 2912/239
f 2942/245 2939/370 2932/244
f 567/248 2936/246 2960/249
f 573/253 2941/256 562/252
f 572/256 2946/268 561/255
f 2955/258 2950/263 557/257
f 566/261 565/371 2922/260
f 2951/263 2958/261 556/262
f 2964/264 568/258 558/259
f 2968/266 569/264 559/265
f 571/268 570/266 560/267
f 2983/236 2974/238 2970/235
f 2997/241 2977/238 2988/239
f 3018/245 3015/370 3008/244
f 587/248 3012/246 3036/249
f 593/253 3017/256 582/252
f 592/256 3022/268 581/255
f 3031/258 3026/263 577/257
f 586/261 585/371 2998/260
f 3027/263 3034/261 576/262
f 3040/264 588/258 578/259
f 3044/266 589/264 579/265
f 591/268 590/266 580/267
f 3059/236 3050/238 3046/235
f 3073/241 3053/238 3063/239
f 3094/245 3091/370 3084/244
f 607/248 3088/246 3112/249
f 613/253 3093/256 602/252
f 612/256 3098/268 601/255
f 3066/259 3107/258 3103/263
f 606/261 605/371 3074/260
f 3104/263 3110/261 596/262
f 3116/264 608/258 598/259
f 3120/266 609/264 599/265
f 611/268 610/266 600/267
f 3135/236 3126/238 3122/235
f 3149/241 3129/238 3140/239
f 3170/245 3167/370 3160/244
f 627/248 3164/246 3188/249
f 633/253 3169/256 622/252
f 632/256 3174/268 621/255
f 3183/258 3178/263 617/257
f 626/261 625/371 3150/260
f 3179/263 3186/261 616/262
f 3192/264 628/258 618/259
f 3196/266 629/264 619/265
f 631/268 630/266 620/267
f 3211/236 3202/238 3198/235
f 3225/241 3205/238 3216/239
f 3246/245 3243/370 3236/244
f 647/248 3240/246 3264/249
f 653/253 3245/256 642/252
f 652/256 3250/268 641/255
f 3259/258 3254/263 637/257
f 646/261 645/371 3226/260
f 3255/263 3262/261 636/262
f 3268/264 648/258 638/259
f 3272/266 649/264 639/265
f 651/268 650/266 640/267
f 3287/236 3278/238 3274/235
f 3301/241 3281/238 3292/239
f 3322/245 3319/370 3312/244
f 667/248 3316/246 3340/249
f 673/253 3321/256 662/252
f 672/256 3326/268 661/255
f 3335/258 3330/263 657/257
f 666/261 665/371 3302/260
f 3331/263 3338/261 656/262
f 3344/264 668/258 658/259
f 3348/266 669/264 659/265
f 671/268 670/266 660/267
f 3363/236 3354/238 3350/235
f 3377/241 3357/238 3368/239
f 3398/245 3395/370 3388/244
f 687/248 3392/246 3416/249
f 693/253 3397/256 682/252
f 692/256 3402/268 681/255
f 3411/258 3406/263 677/257
f 686/261 685/371 3378/260
f 3407/263 3414/261 676/262
f 3420/264 688/258 678/259
f 3424/266 689/264 679/265
f 691/268 690/266 680/267
f 3439/236 3430/238 3426/235
f 3453/241 3433/238 3444/239
f 3474/245 3471/370 3464/244
f 707/248 3468/246 3492/249
f 713/253 3473/256 702/252
f 712/256 3478/268 701/255
f 3487/258 3482/263 697/257
f 706/261 705/371 3454/260
f 3483/263 3490/261 696/262
f 3496/264 708/258 698/259
f 3500/266 709/264 699/265
f 711/268 710/266 700/267
f 3515/236 3506/238 3502/235
f 3529/241 3509/238 3520/239
f 3550/245 3547/370 3540/244
f 727/248 3544/246 3568/249
f 733/253 3549/256 722/252
f 732/256 3554/268 721/255
f 3563/258 3558/263 717/257
f 726/261 725/371 3530/260
f 3559/263 3566/261 716/262
f 3572/264 728/258 718/259
f 3576/266 729/264 719/265
f 731/268 730/266 720/267
f 3591/236 3582/238 3578/235
f 3605/241 3585/238 3596/239
f 3626/245 3623/370 3616/244
f 747/248 3620/246 3644/249
f 753/253 3625/256 742/252
f 752/256 3630/268 741/255
f 3639/258 3634/263 737/257
f 746/261 745/371 3606/260
f 3635/263 3642/261 736/262
f 3648/264 748/258 738/259
f 3652/266 749/264 739/265
f 751/268 750/266 740/267
f 3657/235 3658/238 3667/236
f 755/241 3682/269 3672/239
f 3697/244 3699/370 3702/245
f 3712/248 3716/270 3719/249
f 762/252 3701/256 773/253
f 761/255 3706/268 772/256
f 757/257 3715/263 3710/258
f 3679/260 765/371 3718/261
f 756/262 766/261 767/263
f 758/259 768/258 3724/264
f 759/265 769/264 3728/266
f 760/267 770/266 771/268
f 3733/235 3734/238 3743/236
f 775/241 3758/269 3748/239
f 3773/244 3775/370 3778/245
f 3788/248 3792/270 3795/249
f 782/252 3777/256 793/253
f 781/255 3782/268 792/256
f 777/257 3791/263 3786/258
f 3755/260 785/371 3794/261
f 776/262 786/261 787/263
f 778/259 788/258 3800/264
f 779/265 789/264 3804/266
f 780/267 790/266 791/268
f 3809/235 3810/238 3819/236
f 795/241 3834/269 3824/239
f 3849/244 3851/370 3854/245
f 3864/248 3868/270 3871/249
f 802/252 3853/256 813/253
f 801/255 3858/268 812/256
f 797/257 3867/263 3862/258
f 3831/260 805/371 3870/261
f 796/262 806/261 807/263
f 798/259 808/258 3876/264
f 799/265 809/264 3880/266
f 800/267 810/266 811/268
f 3885/235 3886/238 3895/236
f 815/241 3910/269 3900/239
f 3925/244 3927/370 3930/245
f 3940/248 3944/270 3947/249
f 822/252 3929/256 833/253
f 821/255 3934/268 832/256
f 817/257 3943/263 3938/258
f 3907/260 825/371 3946/261
f 816/262 826/261 827/263
f 818/259 828/258 3952/264
f 819/265 829/264 3956/266
f 820/267 830/266 831/268
f 3961/235 3962/238 3971/236
f 835/241 3986/269 3976/239
f 4001/244 4003/370 4006/245
f 4016/248 4020/270 4023/249
f 842/252 4005/256 853/253
f 841/255 4010/268 852/256
f 837/257 4019/263 4014/258
f 3983/260 845/371 4022/261
f 836/262 846/261 847/263
f 838/259 848/258 4028/264
f 839/265 849/264 4032/266
f 840/267 850/266 851/268
f 4039/271 4042/372 4046/272
f 4051/274 4054/282 4057/275
f 856/277 860/274 859/276
f 858/279 862/282 4053/274
f 857/281 861/275 4056/282
f 855/273 4049/276 4060/275
f 4067/271 4070/372 4074/272
f 4079/274 4082/282 4085/275
f 864/277 868/274 867/276
f 866/279 870/282 4081/274
f 865/281 869/275 4084/282
f 863/273 4077/276 4088/275
f 4095/271 4098/372 4102/272
f 4107/274 4110/282 4113/275
f 872/277 876/274 875/276
f 874/279 878/282 4109/274
f 873/281 877/275 4112/282
f 871/273 4105/276 4116/275
f 4123/271 4126/372 4130/272
f 4135/274 4138/282 4141/275
f 880/277 884/274 883/276
f 882/279 886/282 4137/274
f 881/281 885/275 4140/282
f 879/273 4133/276 4144/275
f 4151/271 4154/372 4158/272
f 4163/274 4166/282 4169/275
f 888/277 892/274 891/276
f 890/279 894/282 4165/274
f 889/281 893/275 4168/282
f 887/273 4161/276 4172/275
f 4179/271 4182/372 4186/272
f 4191/274 4194/282 4197/275
f 896/277 900/274 899/276
f 898/279 902/282 4193/274
f 897/281 901/275 4196/282
f 895/273 4189/276 4200/275
f 904/284 4213/288 911/285
f 905/287 4216/290 4208/288
f 906/289 4221/292 4218/290
f 907/291 4227/294 4223/292
f 908/293 4233/296 4229/294
f 909/295 4239/373 4235/296
f 910/297 4245/300 4241/298
f 903/286 4203/285 4248/300
f 4209/303 913/374 4224/306
f 914/306 4230/305 4210/303
f 915/305 4236/304 4211/303
f 916/304 4242/375 4212/303
f 917/375 918/301 912/303
f 4254/285 4257/288 920/284
f 4259/288 4263/290 921/287
f 4265/290 4268/292 922/289
f 4275/292 4280/294 923/291
f 931/294 932/296 924/293
f 4285/296 4289/373 925/295
f 4291/298 4295/300 926/297
f 4297/300 4255/285 919/286
f 4271/306 929/374 4260/303
f 928/303 4256/302 4272/306
f 927/302 4298/301 4273/306
f 934/301 4292/375 4274/306
f 933/375 4286/304 930/306
f 936/284 4313/288 943/285
f 937/287 4316/290 4308/288
f 938/289 4321/292 4318/290
f 939/291 4327/294 4323/292
f 940/293 4333/296 4329/294
f 941/295 4339/373 4335/296
f 942/297 4345/300 4341/298
f 935/286 4303/285 4348/300
f 4309/303 945/374 4324/306
f 946/306 4330/305 4310/303
f 947/305 4336/304 4311/303
f 948/304 4342/375 4312/303
f 949/375 950/301 944/303
f 4356/307 4358/310 952/308
f 956/310 4366/319 4367/311
f 953/311 957/319 958/312
f 4374/314 4357/307 4354/309
f 4371/316 954/376 951/309
f 4361/310 955/307 4376/317
f 4392/308 4386/310 4380/307
f 961/311 965/319 964/310
f 4397/311 4406/313 966/312
f 4385/309 4381/307 4402/314
f 959/309 962/376 4399/316
f 4404/317 963/307 4389/310
f 4413/320 4416/333 4420/321
f 4425/323 4428/331 4431/324
f 968/326 972/323 971/325
f 970/328 974/331 4427/323
f 969/330 973/324 4430/331
f 967/322 4423/325 4434/324
f 4441/320 4444/333 4448/321
f 4453/323 4456/331 4459/324
f 976/326 980/323 979/325
f 978/328 982/331 4455/323
f 977/330 981/324 4458/331
f 975/322 4451/325 4462/324
f 4469/320 4472/333 4476/321
f 4481/323 4484/331 4487/324
f 984/326 988/323 987/325
f 986/328 990/331 4483/323
f 985/330 989/324 4486/331
f 983/322 4479/325 4490/324
f 4497/320 4500/333 4504/321
f 4509/323 4512/331 4515/324
f 992/326 996/323 995/325
f 994/328 998/331 4511/323
f 993/330 997/324 4514/331
f 991/322 4507/325 4518/324
f 4525/320 4528/333 4532/321
f 4537/323 4540/331 4543/324
f 1000/326 1004/323 1003/325
f 1002/328 1006/331 4539/323
f 1001/330 1005/324 4542/331
f 999/322 4535/325 4546/324
f 4553/320 4556/333 4560/321
f 4565/323 4568/331 4571/324
f 1008/326 1012/323 1011/325
f 1010/328 1014/331 4567/323
f 1009/330 1013/324 4570/331
f 1007/322 4563/325 4574/324
f 4581/320 4584/333 4588/321
f 4593/323 4596/331 4599/324
f 1016/326 1020/323 1019/325
f 1018/328 1022/331 4595/323
f 1017/330 1021/324 4598/331
f 1015/322 4591/325 4602/324
f 4603/141 4608/148 4616/142
f 4617/142 4626/150 4629/144
f 1030/145 4611/148 4607/141
f 4638/147 4642/149 1028/142
f 4643/149 4645/155 4625/150
f 1034/151 4637/147 1027/148
f 1035/153 4658/154 1032/149
f 1036/154 4660/158 4646/155
f 1038/156 4654/153 1031/147
f 4652/153 4606/141 4622/143
f 1024/143 1025/144 4662/158
f 1026/159 1023/141 4653/153
f 1029/150 1033/155 1037/158
f 4705/124 4702/139 4699/123
f 1044/127 1046/130 1042/126
f 4673/130 4681/133 1041/129
f 4680/133 4683/137 1039/132
f 4676/127 1048/136 4688/135
f 4689/135 4694/138 1045/133
f 4695/138 4697/140 1043/137
f 1052/123 4704/139 1049/135
f 1053/139 4708/124 1050/138
f 1054/124 1051/125 1047/140
f 4715/271 4718/372 4722/272
f 4727/274 4730/282 4733/275
f 1056/277 1060/274 1059/276
f 1058/279 1062/282 4729/274
f 1057/281 1061/275 4732/282
f 1055/273 4725/276 4736/275
f 4743/271 4746/372 4750/272
f 4755/274 4758/282 4761/275
f 1064/277 1068/274 1067/276
f 1066/279 1070/282 4757/274
f 1065/281 1069/275 4760/282
f 1063/273 4753/276 4764/275
f 4771/271 4774/372 4778/272
f 4783/274 4786/282 4789/275
f 1072/277 1076/274 1075/276
f 1074/279 1078/282 4785/274
f 1073/281 1077/275 4788/282
f 1071/273 4781/276 4792/275
f 4799/271 4802/372 4806/272
f 4811/274 4814/282 4817/275
f 1080/277 1084/274 1083/276
f 1082/279 1086/282 4813/274
f 1081/281 1085/275 4816/282
f 1079/273 4809/276 4820/275
f 4827/271 4830/372 4834/272
f 4839/274 4842/282 4845/275
f 1088/277 1092/274 1091/276
f 1090/279 1094/282 4841/274
f 1089/281 1093/275 4844/282
f 1087/273 4837/276 4848/275
f 4855/271 4858/372 4862/272
f 4867/274 4870/282 4873/275
f 1096/277 1100/274 1099/276
f 1098/279 1102/282 4869/274
f 1097/281 1101/275 4872/282
f 1095/273 4865/276 4876/275
f 1104/284 4888/288 4881/285
f 1105/287 4891/290 4885/288
f 1106/289 4896/292 4893/290
f 1107/291 4902/294 4898/292
f 1108/293 4908/296 4904/294
f 1109/295 4916/373 4910/296
f 1110/297 4921/300 4918/298
f 4926/297 1103/286 4880/285
f 4886/303 1113/374 4899/306
f 1114/306 4905/305 4887/303
f 1115/305 1116/304 1112/303
f 4912/304 1117/375 4923/301
f 1118/301 1111/302 4913/304
f 4930/285 4933/288 1120/284
f 4935/288 4939/290 1121/287
f 4941/290 4944/292 1122/289
f 4951/292 4956/294 1123/291
f 1131/294 1132/296 1124/293
f 4961/296 4965/373 1125/295
f 4967/298 4971/300 1126/297
f 4973/300 4931/285 1119/286
f 4947/306 1129/374 4936/303
f 1128/303 4932/302 4948/306
f 1127/302 4974/301 4949/306
f 1134/301 4968/375 4950/306
f 1133/375 4962/304 1130/306
f 1136/284 4986/288 4980/285
f 1137/287 4989/290 4985/288
f 1138/289 4995/292 4991/290
f 1139/291 5001/294 4997/292
f 1140/293 5006/296 5003/294
f 1141/295 5016/373 5008/296
f 1142/297 5021/300 5018/298
f 1135/286 4979/285 5023/300
f 1144/303 4992/374 5010/304
f 1145/374 4998/306 5011/304
f 1146/306 1147/305 1148/304
f 5012/304 1149/375 5024/301
f 1150/301 1143/302 5013/304
f 5032/307 5034/310 1152/308
f 1156/310 5042/319 5043/311
f 1153/311 1157/319 1158/312
f 5050/314 5033/307 5030/309
f 5047/316 1154/376 1151/309
f 5037/310 1155/307 5052/317
f 5068/308 5062/310 5056/307
f 1161/311 1165/319 1164/310
f 5073/311 5081/313 1166/312
f 5082/315 5060/309 5058/307
f 1159/309 1162/376 5075/316
f 5079/317 1163/307 5065/310
f 5089/320 5092/333 5096/321
f 5097/325 5101/323 5104/331
f 1168/326 1172/323 1171/325
f 1170/328 1174/331 5103/323
f 1169/330 1173/324 5107/331
f 1167/322 5100/325 5110/324
f 5117/320 5120/333 5124/321
f 5129/323 5132/331 5135/324
f 1176/326 1180/323 1179/325
f 1178/328 1182/331 5131/323
f 1177/330 1181/324 5134/331
f 1175/322 5127/325 5138/324
f 5145/320 5148/333 5152/321
f 5157/323 5160/331 5163/324
f 1184/326 1188/323 1187/325
f 1186/328 1190/331 5159/323
f 1185/330 1189/324 5162/331
f 1183/322 5155/325 5166/324
f 5170/322 5173/320 5177/333
f 5181/325 5185/323 5188/331
f 1192/326 1196/323 1195/325
f 1194/328 1198/331 5187/323
f 1193/330 1197/324 5191/331
f 1191/322 5184/325 5194/324
f 5201/320 5204/333 5208/321
f 5213/323 5216/331 5219/324
f 1200/326 1204/323 1203/325
f 1202/328 1206/331 5215/323
f 1201/330 1205/324 5218/331
f 1199/322 5211/325 5222/324
f 5226/322 5229/320 5233/333
f 5241/323 5244/331 5247/324
f 1208/326 1212/323 1211/325
f 1210/328 1214/331 5243/323
f 1209/330 1213/324 5246/331
f 1207/322 5239/325 5250/324
f 5257/320 5260/333 5264/321
f 5269/323 5272/331 5275/324
f 1216/326 1220/323 1219/325
f 1218/328 1222/331 5271/323
f 1217/330 1221/324 5274/331
f 1215/322 5267/325 5278/324
f 5279/141 5285/148 5293/142
f 5294/142 5302/150 5305/144
f 1230/145 5288/148 5283/141
f 5314/147 5318/149 1228/142
f 5319/149 5321/155 5301/150
f 1234/151 5313/147 1227/148
f 1235/153 5334/154 1232/149
f 1236/154 5336/158 5322/155
f 1238/156 5329/153 1231/147
f 5284/141 5298/143 5333/154
f 1224/143 1225/144 5338/158
f 1226/159 1223/141 5328/153
f 1229/150 1233/155 1237/158
f 5344/141 5350/148 5356/142
f 1244/142 5363/150 5367/144
f 5368/146 5371/145 5351/148
f 5349/148 5372/147 5381/149
f 5382/149 5385/155 1245/150
f 1250/151 5375/147 1243/148
f 1251/153 5394/154 5379/149
f 1248/149 1252/154 1253/158
f 1254/156 5392/153 1247/147
f 5345/141 5360/143 5396/154
f 1240/143 5366/144 5399/158
f 1242/159 1239/141 5391/153
f 1249/155 5400/158 1241/144
f 5403/141 5408/148 5416/142
f 5417/142 5426/150 5429/144
f 1262/145 5411/148 5407/141
f 5438/147 5442/149 1260/142
f 5443/149 5445/155 5425/150
f 1266/151 5437/147 1259/148
f 1267/153 5458/154 1264/149
f 1268/154 5460/158 5446/155
f 1270/156 5454/153 1263/147
f 5452/153 5406/141 5422/143
f 1256/143 1257/144 5462/158
f 1258/159 1255/141 5453/153
f 1261/150 1265/155 1269/158
f 5465/141 5471/148 5480/142
f 1276/142 5488/150 5491/144
f 1278/145 5475/148 5469/141
f 5474/148 5496/147 5505/149
f 1280/149 5507/155 5487/150
f 1282/151 5500/147 1275/148
f 5499/147 5511/153 5520/154
f 1284/154 5522/158 5508/155
f 1286/156 1283/153 1279/147
f 5470/141 5484/143 5519/154
f 1272/143 1273/144 5524/158
f 1274/159 1271/141 5514/153
f 1277/150 1281/155 1285/158
f 5533/141 5544/143 5542/142
f 5551/144 5548/150 1292/142
f 5536/141 5530/148 1294/145
f 5531/148 5541/142 5566/149
f 1293/150 5570/155 5567/149
f 1291/148 5561/147 1298/151
f 1296/149 5582/154 1299/153
f 1297/155 1301/158 1300/154
f 1295/147 5577/153 1302/156
f 5581/154 5546/143 5537/141
f 5585/158 5553/144 1288/143
f 5576/153 1287/141 1290/159
f 5550/150 1289/144 5586/158
f 5595/141 5606/143 5604/142
f 5615/144 5611/150 1308/142
f 5598/141 5592/148 1310/145
f 5593/148 5603/142 5628/149
f 1309/150 5633/155 5629/149
f 1307/148 5623/147 1314/151
f 1312/149 5645/154 1315/153
f 5632/155 5647/158 1316/154
f 1311/147 5640/153 1318/156
f 5644/154 5608/143 5599/141
f 5648/158 5614/144 1304/143
f 5639/153 1303/141 1306/159
f 1305/144 1317/158 1313/155
f 5653/123 5655/139 5658/124
f 1324/126 5665/130 5669/127
f 1327/129 5675/133 5666/130
f 1329/132 5679/137 1328/133
f 1326/127 5668/130 1331/135
f 1325/130 5677/133 5692/138
f 1330/137 5693/140 1333/138
f 5685/135 5657/139 1320/123
f 5691/138 1322/124 1321/139
f 1334/140 1319/125 5661/124
s