v -14.588911 0.002023 -18.217089
v 14.588905 0.002025 -18.217093
v -14.588911 22.166780 -18.217087
v 14.588905 22.166780 -18.217091
v 14.588908 0.002024 -0.000002
v -14.588908 0.002023 0.000002
v 14.588908 22.166780 -0.000001
v -0.000003 35.519363 -18.217089
v -15.537975 11.410265 0.000003
v -15.537978 11.410266 -19.166157
v -15.537978 10.134324 -19.166157
v 15.537972 11.410266 -19.166161
v 15.537972 10.134324 -19.166161
v 15.537975 11.410265 -0.000002
v 15.537975 10.134323 -0.000002
v -14.588911 11.410266 -18.217089
v -14.588908 11.410265 0.000003
v -14.588911 10.134324 -18.217089
v 14.588905 11.410266 -18.217093
v 14.588905 10.134324 -18.217093
v 14.588908 10.134323 -0.000002
v -15.537975 0.002030 0.000003
v -15.537978 1.314722 -19.166157
v -15.537978 0.002031 -19.166157
v 15.537972 1.314723 -19.166161
v 15.537972 0.002033 -19.166161
v 15.537975 1.314723 -0.000002
v 15.537975 0.002032 -0.000003
v -14.588911 1.314722 -18.217089
v 14.588905 1.314723 -18.217093
v 14.588908 1.314723 -0.000002
v -14.588905 0.002022 18.217093
v -14.588908 22.166780 0.000003
v -14.588905 22.166780 18.217094
v 14.588911 0.002023 18.217089
v 14.588911 22.166780 18.217091
v 0.000003 35.519363 18.217093
v -15.537972 11.410264 19.166161
v -15.537972 10.134322 19.166161
v -15.537975 10.134323 0.000003
v -14.588905 10.134322 18.217093
v -14.588908 10.134323 0.000003
v 15.537978 11.410264 19.166157
v 15.537978 10.134322 19.166157
v 14.588911 10.134322 18.217089
v -14.588905 11.410264 18.217093
v 14.588911 11.410264 18.217089
v 14.588908 11.410265 -0.000002
v -15.537975 1.314721 0.000003
v -15.537972 1.314721 19.166161
v -15.537972 0.002030 19.166161
v 15.537978 1.314722 19.166157
v 15.537978 0.002031 19.166157
v -14.588905 1.314721 18.217093
v -14.588908 1.314721 0.000002
v 14.588911 1.314722 18.217089
v -10.796427 0.002022 -8.374908
v -10.796427 1.314590 -8.374908
v -34.350109 0.002021 -8.374905
v -34.350109 1.314590 -8.374905
v -33.401039 1.314590 -7.425838
v -10.796427 1.314590 -7.425842
v -10.796425 0.002021 8.355970
v -34.350109 0.002020 8.355974
v -34.350109 1.314589 8.355974
v -10.796425 1.314590 8.355970
v -33.401039 1.314589 7.406907
v -10.796425 1.314590 7.406903
v -34.350109 0.002020 -0.009465
v -34.350109 1.314589 -0.009465
v -33.401039 1.314589 -0.009465
v -33.401039 0.002021 -7.425838
v -33.401039 13.803712 -7.425838
v -10.796427 0.002022 -7.425842
v -10.796427 13.803712 -7.425841
v -33.934361 0.002021 -7.923790
v -33.934361 0.002021 -6.817820
v -32.828388 0.002021 -7.923791
v -32.828388 0.002021 -6.817821
v -33.934361 13.514904 -7.923790
v -33.934361 14.221488 -6.817820
v -32.828388 13.514904 -7.923790
v -32.828388 14.221488 -6.817820
v -34.215950 13.122257 -9.174576
v -10.796428 13.122257 -9.174580
v -34.215950 12.803665 -8.968142
v -10.796428 12.803665 -8.968145
v -34.215950 19.033659 -0.009465
v -34.215950 18.607924 -0.009465
v -33.401039 13.803712 7.406907
v -33.401039 0.002020 7.406907
v -33.401039 0.002020 -0.009466
v -33.401039 18.608522 -0.009465
v -10.796425 13.803712 7.406904
v -10.796425 0.002021 7.406903
v -33.934361 0.002020 7.904860
v -33.934361 0.002020 6.798890
v -33.934361 14.221488 6.798890
v -33.934361 13.514904 7.904860
v -32.828388 0.002020 6.798889
v -32.828388 14.221488 6.798890
v -32.828388 0.002020 7.904860
v -32.828388 13.514904 7.904860
v -34.215950 13.122257 9.155647
v -10.796426 19.033659 -0.009468
v -10.796424 13.122257 9.155643
v -10.796426 18.607924 -0.009468
v -10.796424 12.803665 8.949209
v -34.215950 12.803665 8.949213
v -33.283478 0.002019 -2.226378
v -33.283478 0.002019 2.261145
v -33.283478 8.339016 -2.226378
v -33.283478 8.339016 2.261146
v -34.927807 0.002019 -2.226378
v -34.927807 0.002019 2.261146
v -34.927807 8.339016 -2.226378
v -34.927807 8.339016 2.261146
v -34.927807 0.002019 -1.593667
v -34.927807 0.002019 1.628434
v -34.927807 7.706305 1.628435
v -34.927807 7.706305 -1.593667
v -34.546673 0.002019 -1.593667
v -34.546673 0.002019 1.628434
v -34.546673 7.706305 1.628435
v -34.546673 7.706305 -1.593667
v 14.491602 0.002022 -2.226386
v 14.491602 0.002021 2.261137
v 14.491602 8.339016 -2.226386
v 14.491602 8.339016 2.261138
v 16.135929 0.002022 -2.226387
v 16.135929 0.002021 2.261137
v 16.135929 8.339016 -2.226386
v 16.135929 8.339016 2.261138
v 16.135929 0.002022 -1.593675
v 16.135929 0.002022 1.628426
v 16.135929 7.706305 1.628426
v 16.135927 7.706305 -1.593675
v 15.754796 0.002022 -1.593675
v 15.754796 0.002022 1.628426
v 15.754796 7.706305 1.628426
v 15.754796 7.706305 -1.593675
v -17.034267 21.141432 21.633297
v -17.034271 21.141432 -21.151852
v -16.820707 20.908035 21.633297
v -16.820711 20.908035 -21.151852
v -0.036077 36.583214 -21.151850
v -15.571851 22.049534 19.941364
v -15.571856 22.049532 -19.459909
v -0.036077 36.168507 -19.459911
v -15.206100 21.580729 19.941362
v -15.206104 21.580727 -19.459911
v -0.036077 35.515850 19.941362
v 16.962116 21.141432 -21.151848
v 16.962112 21.141432 21.633297
v -0.036077 36.583206 21.633301
v 16.748556 20.908035 -21.151848
v 16.748552 20.908035 21.633297
v -0.036077 36.168507 -21.151850
v 15.133946 21.580729 19.941364
v 15.133950 21.580727 -19.459911
v -0.036077 35.515854 -19.459911
v -0.036077 36.168499 21.633301
v 15.499702 22.049532 -19.459909
v 15.499696 22.049534 19.941366
v -0.036077 36.168499 19.941362
v 4.598352 21.562042 -18.160015
v 4.598351 19.325197 -23.076920
v -4.630181 21.562040 -18.160015
v -4.630182 19.325197 -23.076920
v 4.598352 21.187698 -17.989714
v 4.598351 18.950851 -22.906618
v -4.630181 21.187695 -17.989714
v -4.630182 18.950851 -22.906618
v 3.972126 12.453082 -18.222588
v -3.909268 12.453082 -18.222588
v 3.972126 21.085871 -18.222588
v -3.909267 21.085871 -18.222589
v 3.972125 12.453082 -21.996775
v -3.909268 12.453082 -21.996778
v 3.972125 19.372868 -21.996775
v -3.909268 19.372868 -21.996778
v -4.631039 11.577654 -23.020128
v -4.631038 11.577654 -18.175735
v 4.595750 11.577654 -23.020128
v 4.595751 11.577654 -18.175735
v -4.631039 12.450971 -23.020128
v -4.631038 12.450971 -18.175735
v 4.595750 12.450971 -23.020128
v 4.595751 12.450971 -18.175735
v -4.377176 12.457270 -22.434566
v -4.377175 12.457270 -21.504910
v -3.447519 12.457270 -22.434566
v -3.447519 12.457270 -21.504910
v -4.377176 19.174368 -22.434566
v -4.377176 19.608585 -21.504910
v -3.447520 19.174368 -22.434566
v -3.447520 19.608585 -21.504910
v 4.344489 12.457270 -22.434566
v 4.344490 12.457270 -21.504910
v 3.414833 12.457270 -22.434566
v 3.414833 12.457270 -21.504910
v 4.344489 19.174368 -22.434566
v 4.344489 19.608583 -21.504910
v 3.414832 19.174366 -22.434566
v 3.414832 19.608583 -21.504910
v 1.673275 13.738563 -21.971363
v -1.454184 13.738563 -21.971363
v 1.673275 17.961628 -21.971363
v -1.454183 17.961628 -21.971363
v 1.673275 13.738563 -22.611980
v -1.454184 13.738563 -22.611980
v 1.673275 17.961628 -22.611980
v -1.454184 17.961628 -22.611980
v 1.265678 14.146158 -22.611980
v -1.046587 14.146158 -22.611980
v -1.046587 17.554031 -22.611980
v 1.265678 17.554031 -22.611980
v 1.265679 14.146158 -22.224504
v -1.046587 14.146158 -22.224504
v -1.046587 17.554031 -22.224504
v 1.265679 17.554031 -22.224504
v 2.107572 13.299525 -21.971268
v -1.776851 13.299523 -21.971268
v 2.107572 13.737767 -21.971268
v -1.776851 13.737767 -21.971268
v 2.107572 13.299523 -23.106590
v -1.776851 13.299523 -23.106590
v 2.107572 13.737767 -23.106590
v -1.776851 13.737767 -23.106590
v -0.032259 36.246719 -22.077944
v -0.375062 36.338573 -22.077944
v -0.626011 36.589523 -22.077944
v -0.717865 36.932327 -22.077944
v -0.626011 37.275131 -22.077944
v -0.375062 37.526077 -22.077944
v -0.032259 37.617931 -22.077944
v 0.310544 37.526077 -22.077944
v 0.561493 37.275131 -22.077944
v 0.653347 36.932327 -22.077944
v 0.561493 36.589523 -22.077944
v 0.310544 36.338573 -22.077944
v -0.032252 36.246719 22.864471
v -0.375055 36.338573 22.864471
v -0.626004 36.589523 22.864471
v -0.717858 36.932327 22.864471
v -0.626004 37.275131 22.864471
v -0.375055 37.526077 22.864471
v -0.032252 37.617931 22.864471
v 0.310551 37.526077 22.864471
v 0.561500 37.275131 22.864471
v 0.653354 36.932327 22.864471
v 0.561500 36.589523 22.864471
v 0.310551 36.338573 22.864471
v -13.112915 24.137955 -7.547706
v -13.112915 29.767097 -7.547705
v -1.556830 24.137955 -7.547707
v -1.556830 29.767097 -7.547707
v -13.646235 24.137756 -8.045658
v -13.646235 24.137756 -6.939688
v -12.540265 24.137756 -8.045658
v -12.540265 24.137756 -6.939688
v -13.646235 29.478291 -8.045658
v -13.646235 30.184875 -6.939687
v -12.540265 29.478291 -8.045658
v -12.540265 30.184875 -6.939688
v -13.927825 29.149860 -9.174580
v -1.556830 29.149860 -9.174582
v -13.927825 28.831266 -8.968145
v -1.556830 28.831266 -8.968147
v -13.927823 35.061504 -0.009467
v -1.556828 35.061504 -0.009469
v -13.112913 29.767097 7.528770
v -13.112913 24.137955 7.528769
v -13.112914 24.137955 -0.009468
v -13.112914 34.671188 -0.009467
v -1.556827 29.767097 7.528769
v -1.556827 24.137955 7.528768
v -13.646234 24.137756 8.026722
v -13.646234 24.137756 6.920753
v -13.646234 30.184875 6.920753
v -13.646234 29.478291 8.026722
v -12.540263 24.137756 6.920752
v -12.540263 30.184875 6.920753
v -12.540263 24.137756 8.026722
v -12.540263 29.478291 8.026722
v -13.927821 29.149860 9.155643
v -1.556827 29.149860 9.155642
v -1.556828 34.635754 -0.009469
v -1.556827 28.831266 8.949207
v -13.927821 28.831266 8.949209
v -13.927823 34.635754 -0.009467
v -26.663189 4.229043 -7.371614
v -29.790648 4.229042 -7.371614
v -26.663189 8.452106 -7.371614
v -29.790648 8.452106 -7.371613
v -26.663189 4.229042 -8.012231
v -29.790648 4.229042 -8.012231
v -26.663189 8.452106 -8.012231
v -29.790648 8.452106 -8.012231
v -27.070786 4.636639 -8.012231
v -29.383049 4.636639 -8.012231
v -29.383049 8.044510 -8.012231
v -27.070786 8.044510 -8.012231
v -27.070786 4.636639 -7.624754
v -29.383049 4.636639 -7.624753
v -29.383049 8.044510 -7.624753
v -27.070786 8.044510 -7.624753
v -26.228893 3.790004 -7.371518
v -30.113314 3.790004 -7.371517
v -26.228893 4.228247 -7.371518
v -30.113314 4.228247 -7.371517
v -26.228889 3.790004 -8.506840
v -30.113314 3.790004 -8.506840
v -26.228889 4.228247 -8.506840
v -30.113314 4.228247 -8.506840
v -18.240629 4.229043 -7.371616
v -21.368088 4.229042 -7.371615
v -18.240629 8.452106 -7.371615
v -21.368088 8.452106 -7.371616
v -18.240629 4.229042 -8.012234
v -21.368088 4.229042 -8.012233
v -18.240629 8.452106 -8.012234
v -21.368088 8.452106 -8.012233
v -18.648226 4.636639 -8.012234
v -20.960491 4.636639 -8.012233
v -20.960491 8.044510 -8.012233
v -18.648226 8.044510 -8.012234
v -18.648226 4.636639 -7.624756
v -20.960491 4.636639 -7.624756
v -20.960491 8.044510 -7.624756
v -18.648226 8.044510 -7.624756
v -17.806332 3.790004 -7.371520
v -21.690754 3.790004 -7.371520
v -17.806332 4.228247 -7.371520
v -21.690754 4.228247 -7.371520
v -17.806332 3.790004 -8.506842
v -21.690754 3.790004 -8.506842
v -17.806332 4.228247 -8.506842
v -21.690754 4.228247 -8.506842
v -13.115874 26.144171 -1.573231
v -13.115874 26.144171 1.554228
v -13.115874 30.367235 -1.573231
v -13.115874 30.367235 1.554228
v -13.756491 26.144171 -1.573231
v -13.756491 26.144171 1.554228
v -13.756491 30.367235 -1.573231
v -13.756491 30.367235 1.554228
v -13.756491 26.551767 -1.165634
v -13.756491 26.551767 1.146631
v -13.756491 29.959639 1.146631
v -13.756491 29.959639 -1.165634
v -13.369014 26.551767 -1.165634
v -13.369014 26.551767 1.146631
v -13.369014 29.959639 1.146631
v -13.369014 29.959639 -1.165634
v -13.115778 25.705132 -2.007528
v -13.115778 25.705132 1.876895
v -13.115778 26.143373 -2.007528
v -13.115778 26.143373 1.876895
v -14.251100 25.705132 -2.007528
v -14.251101 25.705132 1.876895
v -14.251100 26.143373 -2.007528
v -14.251101 26.143373 1.876895
v -15.448496 34.926895 -0.005527
v -15.448496 35.018749 0.337276
v -15.448496 35.269695 0.588225
v -15.448496 35.612499 0.680079
v -15.448496 35.955303 0.588225
v -15.448496 36.206253 0.337276
v -15.448496 36.298107 -0.005527
v -15.448496 36.206253 -0.348330
v -15.448496 35.955303 -0.599279
v -15.448496 35.612499 -0.691133
v -15.448496 35.269695 -0.599279
v -15.448496 35.018749 -0.348330
v 0.056638 34.926895 -0.005530
v 0.056638 35.018749 0.337273
v 0.056638 35.269695 0.588222
v 0.056638 35.612499 0.680076
v 0.056638 35.955303 0.588222
v 0.056638 36.206253 0.337273
v 0.056638 36.298107 -0.005530
v 0.056638 36.206253 -0.348333
v 0.056637 35.955303 -0.599282
v 0.056637 35.612499 -0.691136
v 0.056637 35.269695 -0.599282
v 0.056638 35.018749 -0.348333
v -35.612408 18.870937 -0.005524
v -35.612408 18.962790 0.337279
v -35.612408 19.213739 0.588228
v -35.612408 19.556541 0.680081
v -35.612408 19.899345 0.588228
v -35.612408 20.150293 0.337279
v -35.612408 20.242147 -0.005524
v -35.612408 20.150293 -0.348327
v -35.612408 19.899345 -0.599276
v -35.612408 19.556541 -0.691130
v -35.612408 19.213739 -0.599277
v -35.612408 18.962790 -0.348327
v -10.894080 18.870937 -0.005530
v -10.894080 18.962790 0.337273
v -10.894080 19.213739 0.588223
v -10.894080 19.556541 0.680076
v -10.894080 19.899345 0.588223
v -10.894080 20.150293 0.337274
v -10.894080 20.242147 -0.005529
v -10.894080 20.150293 -0.348332
v -10.894080 19.899345 -0.599282
v -10.894080 19.556541 -0.691135
v -10.894080 19.213739 -0.599282
v -10.894080 18.962790 -0.348332
v 4.598358 21.562042 18.160015
v 4.598359 19.325193 23.076920
v -4.630175 21.562040 18.160015
v -4.630174 19.325193 23.076920
v 4.598358 21.187698 17.989714
v 4.598359 18.950848 22.906618
v -4.630175 21.187695 17.989714
v -4.630174 18.950848 22.906618
v 3.972131 12.453080 18.222588
v -3.909262 12.453080 18.222588
v 3.972132 21.085871 18.222588
v -3.909262 21.085871 18.222589
v 3.972132 12.453080 21.996775
v -3.909261 12.453080 21.996778
v 3.972132 19.372864 21.996775
v -3.909261 19.372864 21.996778
v -4.631032 11.577652 23.020128
v -4.631032 11.577652 18.175735
v 4.595758 11.577652 23.020128
v 4.595757 11.577652 18.175735
v -4.631032 12.450969 23.020128
v -4.631032 12.450969 18.175735
v 4.595758 12.450969 23.020128
v 4.595757 12.450969 18.175735
v -4.377168 12.457268 22.434566
v -4.377169 12.457268 21.504910
v -3.447512 12.457268 22.434566
v -3.447512 12.457268 21.504910
v -4.377169 19.174364 22.434566
v -4.377169 19.608585 21.504910
v -3.447513 19.174364 22.434566
v -3.447513 19.608585 21.504910
v 4.344497 12.457268 22.434566
v 4.344496 12.457268 21.504910
v 3.414840 12.457268 22.434566
v 3.414840 12.457268 21.504910
v 4.344496 19.174364 22.434566
v 4.344496 19.608583 21.504910
v 3.414840 19.174362 22.434566
v 3.414840 19.608583 21.504910
v 1.673282 13.738561 21.971363
v -1.454177 13.738561 21.971363
v 1.673282 17.961624 21.971363
v -1.454176 17.961624 21.971363
v 1.673283 13.738561 22.611980
v -1.454176 13.738561 22.611980
v 1.673283 17.961624 22.611980
v -1.454176 17.961624 22.611980
v 1.265686 14.146156 22.611980
v -1.046580 14.146156 22.611980
v -1.046580 17.554028 22.611980
v 1.265686 17.554028 22.611980
v 1.265686 14.146156 22.224504
v -1.046580 14.146156 22.224504
v -1.046580 17.554028 22.224504
v 1.265686 17.554028 22.224504
v 2.107579 13.299523 21.971268
v -1.776844 13.299521 21.971268
v 2.107579 13.737765 21.971268
v -1.776844 13.737765 21.971268
v 2.107580 13.299521 23.106590
v -1.776844 13.299521 23.106590
v 2.107580 13.737765 23.106590
v -1.776844 13.737765 23.106590
v 14.551619 4.229043 -7.769361
v 14.551618 4.229042 -10.896819
v 14.551619 8.452106 -7.769361
v 14.551618 8.452106 -10.896819
v 15.192236 4.229042 -7.769361
v 15.192236 4.229042 -10.896820
v 15.192236 8.452106 -7.769361
v 15.192236 8.452106 -10.896820
v 15.192236 4.636639 -8.176958
v 15.192235 4.636639 -10.489223
v 15.192236 8.044510 -10.489223
v 15.192236 8.044510 -8.176958
v 14.804758 4.636639 -8.176959
v 14.804757 4.636639 -10.489223
v 14.804757 8.044510 -10.489223
v 14.804758 8.044510 -8.176959
v 14.551522 3.790004 -7.335064
v 14.551521 3.790004 -11.219486
v 14.551522 4.228247 -7.335064
v 14.551521 4.228247 -11.219486
v 15.686844 3.790004 -7.335064
v 15.686844 3.790004 -11.219487
v 15.686844 4.228247 -7.335064
v 15.686844 4.228247 -11.219487
v 14.551619 14.224966 -7.769361
v 14.551618 14.224966 -10.896818
v 14.551619 18.448030 -7.769361
v 14.551618 18.448030 -10.896818
v 15.192236 14.224966 -7.769361
v 15.192236 14.224966 -10.896819
v 15.192236 18.448030 -7.769360
v 15.192236 18.448030 -10.896819
v 15.192236 14.632564 -8.176957
v 15.192235 14.632564 -10.489223
v 15.192236 18.040434 -10.489223
v 15.192236 18.040434 -8.176957
v 14.804758 14.632564 -8.176958
v 14.804757 14.632564 -10.489223
v 14.804757 18.040434 -10.489223
v 14.804758 18.040434 -8.176958
v 14.551522 13.785928 -7.335064
v 14.551521 13.785929 -11.219485
v 14.551522 14.224171 -7.335064
v 14.551521 14.224172 -11.219485
v 15.686844 13.785928 -7.335064
v 15.686844 13.785929 -11.219486
v 15.686844 14.224171 -7.335064
v 15.686844 14.224172 -11.219486
v 14.551621 14.224966 10.820484
v 14.551620 14.224966 7.693025
v 14.551621 18.448030 10.820484
v 14.551620 18.448030 7.693025
v 15.192239 14.224966 10.820483
v 15.192239 14.224966 7.693025
v 15.192239 18.448030 10.820483
v 15.192239 18.448030 7.693025
v 15.192239 14.632564 10.412888
v 15.192238 14.632564 8.100622
v 15.192239 18.040434 8.100622
v 15.192239 18.040434 10.412888
v 14.804761 14.632564 10.412888
v 14.804760 14.632564 8.100621
v 14.804760 18.040434 8.100621
v 14.804761 18.040434 10.412888
v 14.551525 13.785927 11.254782
v 14.551524 13.785928 7.370357
v 14.551525 14.224170 11.254782
v 14.551524 14.224171 7.370357
v 15.686847 13.785927 11.254781
v 15.686847 13.785928 7.370358
v 15.686847 14.224170 11.254781
v 15.686847 14.224171 7.370358
v 14.551621 4.229042 10.820483
v 14.551620 4.229041 7.693024
v 14.551621 8.452106 10.820483
v 14.551620 8.452106 7.693025
v 15.192239 4.229041 10.820482
v 15.192239 4.229041 7.693024
v 15.192239 8.452106 10.820482
v 15.192239 8.452106 7.693025
v 15.192239 4.636638 10.412887
v 15.192238 4.636638 8.100621
v 15.192239 8.044510 8.100621
v 15.192239 8.044510 10.412887
v 14.804761 4.636638 10.412887
v 14.804760 4.636638 8.100620
v 14.804760 8.044510 8.100620
v 14.804761 8.044510 10.412887
v 14.551525 3.790003 11.254781
v 14.551524 3.790003 7.370357
v 14.551525 4.228246 11.254781
v 14.551524 4.228246 7.370357
v 15.686847 3.790003 11.254780
v 15.686847 3.790003 7.370357
v 15.686847 4.228246 11.254780
v 15.686847 4.228246 7.370357
v 14.492885 21.562042 -4.598351
v 19.409790 19.325195 -4.598352
v 14.492887 21.562040 4.630181
v 19.409790 19.325195 4.630180
v 14.322583 21.187698 -4.598351
v 19.239489 18.950850 -4.598352
v 14.322585 21.187695 4.630181
v 19.239489 18.950850 4.630180
v 14.555456 12.453081 -3.972126
v 14.555461 12.453081 3.909268
v 14.555457 21.085871 -3.972125
v 14.555461 21.085871 3.909268
v 18.329645 12.453081 -3.972127
v 18.329647 12.453081 3.909267
v 18.329645 19.372866 -3.972126
v 18.329647 19.372866 3.909267
v 19.352999 11.577653 4.631037
v 14.508607 11.577653 4.631038
v 19.352999 11.577653 -4.595753
v 14.508605 11.577653 -4.595751
v 19.352999 12.450970 4.631037
v 14.508607 12.450970 4.631038
v 19.352999 12.450970 -4.595752
v 14.508605 12.450970 -4.595751
v 18.767437 12.457269 4.377174
v 17.837780 12.457269 4.377174
v 18.767437 12.457269 3.447518
v 17.837780 12.457269 3.447518
v 18.767437 19.174366 4.377176
v 17.837780 19.608585 4.377176
v 18.767437 19.174366 3.447519
v 17.837780 19.608585 3.447519
v 18.767437 12.457269 -4.344491
v 17.837780 12.457269 -4.344491
v 18.767437 12.457269 -3.414834
v 17.837780 12.457269 -3.414834
v 18.767437 19.174366 -4.344490
v 17.837780 19.608583 -4.344490
v 18.767437 19.174364 -3.414833
v 17.837780 19.608583 -3.414833
v 18.304234 13.738562 -1.673276
v 18.304234 13.738562 1.454183
v 18.304234 17.961626 -1.673276
v 18.304234 17.961626 1.454183
v 18.944851 13.738562 -1.673277
v 18.944851 13.738562 1.454182
v 18.944851 17.961626 -1.673276
v 18.944853 17.961626 1.454182
v 18.944851 14.146157 -1.265680
v 18.944851 14.146157 1.046586
v 18.944853 17.554029 1.046586
v 18.944851 17.554029 -1.265680
v 18.557373 14.146157 -1.265680
v 18.557373 14.146157 1.046586
v 18.557375 17.554029 1.046586
v 18.557373 17.554029 -1.265680
v 18.304138 13.299524 -2.107573
v 18.304138 13.299522 1.776850
v 18.304138 13.737766 -2.107573
v 18.304138 13.737766 1.776850
v 19.439459 13.299522 -2.107574
v 19.439461 13.299522 1.776850
v 19.439459 13.737766 -2.107574
v 19.439461 13.737766 1.776850
v -26.663176 4.229042 7.406378
v -29.790634 4.229042 7.406379
v -26.663176 8.452107 7.406379
v -29.790634 8.452107 7.406379
v -26.663176 4.229042 8.046996
v -29.790634 4.229042 8.046996
v -26.663176 8.452107 8.046996
v -29.790634 8.452107 8.046996
v -27.070772 4.636639 8.046996
v -29.383036 4.636639 8.046996
v -29.383036 8.044511 8.046996
v -27.070772 8.044511 8.046996
v -27.070772 4.636639 7.659518
v -29.383036 4.636639 7.659519
v -29.383036 8.044511 7.659520
v -27.070772 8.044511 7.659519
v -26.228876 3.790004 7.406282
v -30.113300 3.790004 7.406282
v -26.228876 4.228246 7.406282
v -30.113300 4.228246 7.406282
v -26.228876 3.790003 8.541603
v -30.113300 3.790003 8.541605
v -26.228876 4.228246 8.541603
v -30.113300 4.228246 8.541605
v -18.240614 4.229042 7.406378
v -21.368074 4.229042 7.406378
v -18.240614 8.452107 7.406378
v -21.368074 8.452107 7.406379
v -18.240614 4.229042 8.046995
v -21.368074 4.229042 8.046997
v -18.240614 8.452107 8.046995
v -21.368074 8.452107 8.046997
v -18.648211 4.636639 8.046995
v -20.960478 4.636639 8.046996
v -20.960478 8.044511 8.046997
v -18.648211 8.044511 8.046995
v -18.648211 4.636639 7.659518
v -20.960478 4.636639 7.659518
v -20.960478 8.044511 7.659520
v -18.648211 8.044511 7.659518
v -17.806316 3.790004 7.406281
v -21.690741 3.790004 7.406282
v -17.806316 4.228246 7.406281
v -21.690741 4.228246 7.406282
v -17.806316 3.790003 8.541604
v -21.690741 3.790003 8.541605
v -17.806316 4.228246 8.541604
v -21.690741 4.228246 8.541605
v 15.172827 11.410432 -18.804703
v 15.172827 11.410432 -17.590906
v 13.959029 11.410432 -18.804703
v 13.959029 11.410432 -17.590906
v 15.172827 21.707151 -18.804703
v 15.172827 21.707151 -17.590906
v 13.959030 22.825159 -18.804701
v 13.959030 22.825159 -17.590904
v -15.172832 11.410432 -18.804699
v -15.172832 11.410432 -17.590902
v -13.959036 11.410432 -18.804699
v -13.959036 11.410432 -17.590902
v -15.172832 21.707151 -18.804699
v -15.172832 21.707151 -17.590902
v -13.959036 22.825157 -18.804697
v -13.959036 22.825157 -17.590900
v 15.172832 11.410430 18.804705
v 15.172832 11.410430 17.590906
v 13.959035 11.410430 18.804705
v 13.959035 11.410430 17.590906
v 15.172832 21.707151 18.804703
v 15.172832 21.707151 17.590906
v 13.959036 22.825159 18.804707
v 13.959036 22.825159 17.590910
v -15.172826 11.410430 18.804707
v -15.172826 11.410430 17.590912
v -13.959030 11.410430 18.804707
v -13.959030 11.410430 17.590912
v -15.172826 21.707151 18.804707
v -15.172826 21.707151 17.590912
v -13.959030 22.825157 18.804708
v -13.959030 22.825157 17.590914
v 0.492854 35.056400 -18.201443
v 0.492854 35.056400 -22.792330
v 0.492854 33.847424 -22.791948
v 0.492854 33.677475 -21.714863
v 0.492854 33.204357 -20.800694
v 0.492854 32.483170 -20.079506
v 0.492854 31.569000 -19.606388
v 0.492854 30.516953 -19.436440
v 0.492854 29.747416 -19.436440
v 0.492855 29.747416 -18.200918
v -0.503056 35.056400 -18.201443
v -0.503056 35.056400 -22.792330
v -0.503056 33.847424 -22.791948
v -0.503056 33.677475 -21.714863
v -0.503056 33.204357 -20.800694
v -0.503056 32.483166 -20.079506
v -0.503056 31.569000 -19.606388
v -0.503056 30.516953 -19.436440
v -0.503056 29.747416 -19.436440
v -0.503055 29.747416 -18.200918
v 0.492860 35.056400 18.201447
v 0.492861 35.056400 22.792334
v 0.492861 33.847424 22.791952
v 0.492861 33.677475 21.714867
v 0.492861 33.204357 20.800697
v 0.492861 32.483170 20.079510
v 0.492861 31.569000 19.606392
v 0.492861 30.516953 19.436443
v 0.492861 29.747416 19.436443
v 0.492861 29.747416 18.200922
v -0.503050 35.056400 18.201447
v -0.503049 35.056400 22.792334
v -0.503049 33.847424 22.791952
v -0.503049 33.677475 21.714867
v -0.503049 33.204357 20.800697
v -0.503049 32.483166 20.079510
v -0.503049 31.569000 19.606392
v -0.503049 30.516953 19.436443
v -0.503049 29.747416 19.436443
v -0.503049 29.747416 18.200922
v 14.588905 0.002025 -18.217093
v 14.588905 0.002025 -18.217093
v -14.588911 0.002023 -18.217089
v -14.588911 0.002023 -18.217089
v -14.588908 0.002023 0.000002
v -14.588908 0.002023 0.000002
v -14.588908 0.002023 0.000002
v 14.588905 22.166780 -18.217091
v 14.588905 22.166780 -18.217091
v 14.588905 22.166780 -18.217091
v 14.588908 22.166780 -0.000001
v 14.588908 22.166780 -0.000001
v 14.588908 22.166780 -0.000001
v -14.588911 22.166780 -18.217087
v -14.588911 22.166780 -18.217087
v -14.588911 22.166780 -18.217087
v 14.588908 0.002024 -0.000002
v -14.588908 22.166780 0.000003
v -15.537978 11.410266 -19.166157
v -15.537978 11.410266 -19.166157
v -15.537978 11.410266 -19.166157
v -15.537978 11.410266 -19.166157
v -15.537978 11.410266 -19.166157
v -15.537975 11.410265 0.000003
v -15.537975 11.410265 0.000003
v -15.537975 11.410265 0.000003
v -15.537975 11.410265 0.000003
v -15.537975 11.410265 0.000003
v -14.588908 11.410265 0.000003
v -15.537978 10.134324 -19.166157
v -15.537978 10.134324 -19.166157
v -15.537978 10.134324 -19.166157
v -15.537978 10.134324 -19.166157
v -15.537975 10.134323 0.000003
v -15.537975 10.134323 0.000003
v -15.537975 10.134323 0.000003
v -15.537975 10.134323 0.000003
v -15.537975 10.134323 0.000003
v -15.537975 10.134323 0.000003
v -15.537975 10.134323 0.000003
v -14.588911 10.134324 -18.217089
v -14.588911 10.134324 -18.217089
v -14.588911 10.134324 -18.217089
v 15.537972 11.410266 -19.166161
v 15.537972 11.410266 -19.166161
v 15.537972 11.410266 -19.166161
v 15.537972 11.410266 -19.166161
v 15.537972 10.134324 -19.166161
v 15.537972 10.134324 -19.166161
v 15.537972 10.134324 -19.166161
v 15.537972 10.134324 -19.166161
v 15.537972 10.134324 -19.166161
v 14.588905 10.134324 -18.217093
v 14.588905 10.134324 -18.217093
v 15.537975 11.410265 -0.000002
v 15.537975 11.410265 -0.000002
v 15.537975 11.410265 -0.000002
v 15.537975 11.410265 -0.000002
v 15.537975 11.410265 -0.000002
v 15.537975 11.410265 -0.000002
v 15.537975 11.410265 -0.000002
v 15.537975 10.134323 -0.000002
v 15.537975 10.134323 -0.000002
v 15.537975 10.134323 -0.000002
v 15.537975 10.134323 -0.000002
v 15.537975 10.134323 -0.000002
v 14.588908 10.134323 -0.000002
v -14.588911 11.410266 -18.217089
v -14.588911 11.410266 -18.217089
v 14.588905 11.410266 -18.217093
v 14.588905 11.410266 -18.217093
v 14.588905 11.410266 -18.217093
v 14.588908 11.410265 -0.000002
v -14.588908 10.134323 0.000003
v -15.537978 1.314722 -19.166157
v -15.537978 1.314722 -19.166157
v -15.537978 1.314722 -19.166157
v -15.537978 1.314722 -19.166157
v -15.537978 1.314722 -19.166157
v -15.537975 1.314721 0.000003
v -15.537975 1.314721 0.000003
v -15.537975 1.314721 0.000003
v -15.537975 1.314721 0.000003
v -15.537975 1.314721 0.000003
v -15.537978 0.002031 -19.166157
v -15.537978 0.002031 -19.166157
v -15.537975 0.002030 0.000003
v -15.537975 0.002030 0.000003
v -15.537975 0.002030 0.000003
v 15.537972 1.314723 -19.166161
v 15.537972 1.314723 -19.166161
v 15.537972 1.314723 -19.166161
v 15.537972 1.314723 -19.166161
v 15.537972 0.002033 -19.166161
v 15.537972 0.002033 -19.166161
v 15.537975 1.314723 -0.000002
v 15.537975 1.314723 -0.000002
v 15.537975 1.314723 -0.000002
v 15.537975 1.314723 -0.000002
v 15.537975 1.314723 -0.000002
v 15.537975 1.314723 -0.000002
v 15.537975 1.314723 -0.000002
v 15.537975 0.002032 -0.000003
v -14.588911 1.314722 -18.217089
v -14.588911 1.314722 -18.217089
v 14.588905 1.314723 -18.217093
v 14.588905 1.314723 -18.217093
v 14.588905 1.314723 -18.217093
v 14.588908 1.314723 -0.000002
v -14.588908 1.314721 0.000002
v -14.588905 0.002022 18.217093
v -14.588905 0.002022 18.217093
v -14.588905 22.166780 18.217094
v -14.588905 22.166780 18.217094
v -14.588905 22.166780 18.217094
v 14.588911 0.002023 18.217089
v 14.588911 0.002023 18.217089
v 14.588911 22.166780 18.217091
v 14.588911 22.166780 18.217091
v 14.588911 22.166780 18.217091
v -15.537972 11.410264 19.166161
v -15.537972 11.410264 19.166161
v -15.537972 11.410264 19.166161
v -15.537972 11.410264 19.166161
v -15.537972 10.134322 19.166161
v -15.537972 10.134322 19.166161
v -15.537972 10.134322 19.166161
v -15.537972 10.134322 19.166161
v -14.588905 10.134322 18.217093
v -14.588905 10.134322 18.217093
v -14.588905 10.134322 18.217093
v 15.537978 11.410264 19.166157
v 15.537978 11.410264 19.166157
v 15.537978 11.410264 19.166157
v 15.537978 11.410264 19.166157
v 15.537978 11.410264 19.166157
v 15.537978 10.134322 19.166157
v 15.537978 10.134322 19.166157
v 15.537978 10.134322 19.166157
v 15.537978 10.134322 19.166157
v 15.537978 10.134322 19.166157
v 14.588911 10.134322 18.217089
v 14.588911 10.134322 18.217089
v -14.588905 11.410264 18.217093
v -14.588905 11.410264 18.217093
v -14.588905 11.410264 18.217093
v 14.588911 11.410264 18.217089
v 14.588911 11.410264 18.217089
v -15.537972 1.314721 19.166161
v -15.537972 1.314721 19.166161
v -15.537972 1.314721 19.166161
v -15.537972 1.314721 19.166161
v -15.537972 0.002030 19.166161
v -15.537972 0.002030 19.166161
v 15.537978 1.314722 19.166157
v 15.537978 1.314722 19.166157
v 15.537978 1.314722 19.166157
v 15.537978 1.314722 19.166157
v 15.537978 1.314722 19.166157
v 15.537978 0.002031 19.166157
v 15.537978 0.002031 19.166157
v -14.588905 1.314721 18.217093
v -14.588905 1.314721 18.217093
v -14.588905 1.314721 18.217093
v 14.588911 1.314722 18.217089
v 14.588911 1.314722 18.217089
v -34.350109 0.002021 -8.374905
v -34.350109 0.002021 -8.374905
v -34.350109 1.314590 -8.374905
v -34.350109 1.314590 -8.374905
v -34.350109 1.314590 -8.374905
v -34.350109 1.314590 -8.374905
v -10.796427 1.314590 -8.374908
v -10.796427 1.314590 -8.374908
v -10.796427 1.314590 -8.374908
v -33.401039 1.314590 -7.425838
v -33.401039 1.314590 -7.425838
v -33.401039 1.314590 -7.425838
v -34.350109 0.002020 -0.009465
v -34.350109 0.002020 -0.009465
v -34.350109 0.002020 -0.009465
v -34.350109 1.314589 -0.009465
v -34.350109 1.314589 -0.009465
v -34.350109 1.314589 -0.009465
v -34.350109 1.314589 -0.009465
v -34.350109 1.314589 -0.009465
v -33.401039 1.314589 -0.009465
v -34.350109 0.002020 8.355974
v -34.350109 0.002020 8.355974
v -34.350109 1.314589 8.355974
v -34.350109 1.314589 8.355974
v -34.350109 1.314589 8.355974
v -34.350109 1.314589 8.355974
v -10.796425 1.314590 8.355970
v -10.796425 1.314590 8.355970
v -10.796425 1.314590 8.355970
v -33.401039 1.314589 7.406907
v -33.401039 1.314589 7.406907
v -33.401039 1.314589 7.406907
v -33.401039 13.803712 -7.425838
v -33.401039 13.803712 -7.425838
v -33.401039 13.803712 -7.425838
v -33.401039 0.002021 -7.425838
v -33.401039 0.002020 -0.009466
v -33.401039 0.002020 -0.009466
v -33.401039 0.002020 -0.009466
v -33.401039 18.608522 -0.009465
v -10.796427 0.002022 -7.425842
v -32.828388 0.002021 -7.923791
v -33.934361 0.002021 -7.923790
v -33.934361 0.002021 -7.923790
v -32.828388 0.002021 -6.817821
v -32.828388 0.002021 -6.817821
v -32.828388 0.002021 -6.817821
v -33.934361 0.002021 -6.817820
v -33.934361 0.002021 -6.817820
v -33.934361 14.221488 -6.817820
v -33.934361 14.221488 -6.817820
v -33.934361 13.514904 -7.923790
v -33.934361 13.514904 -7.923790
v -32.828388 14.221488 -6.817820
v -32.828388 13.514904 -7.923790
v -32.828388 13.514904 -7.923790
v -32.828388 13.514904 -7.923790
v -34.215950 13.122257 -9.174576
v -34.215950 13.122257 -9.174576
v -34.215950 13.122257 -9.174576
v -34.215950 19.033659 -0.009465
v -34.215950 19.033659 -0.009465
v -34.215950 19.033659 -0.009465
v -34.215950 19.033659 -0.009465
v -34.215950 19.033659 -0.009465
v -10.796428 13.122257 -9.174580
v -10.796428 13.122257 -9.174580
v -10.796428 13.122257 -9.174580
v -10.796428 13.122257 -9.174580
v -10.796428 13.122257 -9.174580
v -34.215950 12.803665 -8.968142
v -34.215950 12.803665 -8.968142
v -34.215950 12.803665 -8.968142
v -34.215950 12.803665 -8.968142
v -10.796428 12.803665 -8.968145
v -10.796428 12.803665 -8.968145
v -10.796426 18.607924 -0.009468
v -10.796426 18.607924 -0.009468
v -10.796426 18.607924 -0.009468
v -10.796426 18.607924 -0.009468
v -10.796426 18.607924 -0.009468
v -10.796426 18.607924 -0.009468
v -10.796426 18.607924 -0.009468
v -10.796426 19.033659 -0.009468
v -10.796426 19.033659 -0.009468
v -10.796426 19.033659 -0.009468
v -34.215950 18.607924 -0.009465
v -34.215950 18.607924 -0.009465
v -34.215950 18.607924 -0.009465
v -34.215950 18.607924 -0.009465
v -34.215950 18.607924 -0.009465
v -33.401039 0.002020 7.406907
v -33.401039 13.803712 7.406907
v -33.401039 13.803712 7.406907
v -33.401039 13.803712 7.406907
v -10.796425 0.002021 7.406903
v -33.934361 0.002020 6.798890
v -33.934361 0.002020 6.798890
v -33.934361 0.002020 7.904860
v -33.934361 0.002020 7.904860
v -33.934361 14.221488 6.798890
v -33.934361 14.221488 6.798890
v -33.934361 13.514904 7.904860
v -33.934361 13.514904 7.904860
v -32.828388 0.002020 6.798889
v -32.828388 0.002020 6.798889
v -32.828388 0.002020 6.798889
v -32.828388 14.221488 6.798890
v -32.828388 0.002020 7.904860
v -32.828388 13.514904 7.904860
v -32.828388 13.514904 7.904860
v -32.828388 13.514904 7.904860
v -34.215950 13.122257 9.155647
v -34.215950 13.122257 9.155647
v -34.215950 13.122257 9.155647
v -10.796424 13.122257 9.155643
v -10.796424 13.122257 9.155643
v -10.796424 13.122257 9.155643
v -10.796424 13.122257 9.155643
v -10.796424 13.122257 9.155643
v -10.796424 12.803665 8.949209
v -10.796424 12.803665 8.949209
v -34.215950 12.803665 8.949213
v -34.215950 12.803665 8.949213
v -34.215950 12.803665 8.949213
v -34.215950 12.803665 8.949213
v -33.283478 8.339016 -2.226378
v -33.283478 8.339016 -2.226378
v -33.283478 0.002019 -2.226378
v -33.283478 8.339016 2.261146
v -33.283478 8.339016 2.261146
v -34.927807 0.002019 2.261146
v -34.927807 0.002019 2.261146
v -34.927807 0.002019 2.261146
v -34.927807 8.339016 2.261146
v -34.927807 8.339016 2.261146
v -34.927807 8.339016 2.261146
v -34.927807 8.339016 2.261146
v -34.927807 8.339016 -2.226378
v -34.927807 8.339016 -2.226378
v -34.927807 8.339016 -2.226378
v -34.927807 8.339016 -2.226378
v -34.927807 8.339016 -2.226378
v -34.927807 0.002019 -2.226378
v -34.927807 0.002019 -2.226378
v -34.927807 0.002019 1.628434
v -34.927807 7.706305 1.628435
v -34.927807 7.706305 1.628435
v -34.927807 7.706305 1.628435
v -34.927807 7.706305 1.628435
v -34.927807 7.706305 1.628435
v -34.927807 7.706305 1.628435
v -34.927807 7.706305 -1.593667
v -34.927807 7.706305 -1.593667
v -34.927807 7.706305 -1.593667
v -34.927807 7.706305 -1.593667
v -34.927807 7.706305 -1.593667
v -34.927807 0.002019 -1.593667
v -34.927807 0.002019 -1.593667
v -34.546673 0.002019 -1.593667
v -34.546673 0.002019 1.628434
v -34.546673 0.002019 1.628434
v -34.546673 0.002019 1.628434
v -34.546673 7.706305 1.628435
v -34.546673 7.706305 1.628435
v -34.546673 7.706305 1.628435
v -34.546673 7.706305 -1.593667
v -34.546673 7.706305 -1.593667
v -34.546673 7.706305 -1.593667
v -34.546673 7.706305 -1.593667
v 14.491602 0.002022 -2.226386
v 14.491602 8.339016 -2.226386
v 14.491602 8.339016 -2.226386
v 14.491602 8.339016 2.261138
v 14.491602 8.339016 2.261138
v 16.135929 8.339016 2.261138
v 16.135929 8.339016 2.261138
v 16.135929 8.339016 2.261138
v 16.135929 8.339016 2.261138
v 16.135929 0.002021 2.261137
v 16.135929 0.002021 2.261137
v 16.135929 0.002021 2.261137
v 16.135929 8.339016 -2.226386
v 16.135929 8.339016 -2.226386
v 16.135929 8.339016 -2.226386
v 16.135929 8.339016 -2.226386
v 16.135929 8.339016 -2.226386
v 16.135929 0.002022 -2.226387
v 16.135929 0.002022 -2.226387
v 16.135929 7.706305 1.628426
v 16.135929 7.706305 1.628426
v 16.135929 7.706305 1.628426
v 16.135929 7.706305 1.628426
v 16.135929 7.706305 1.628426
v 16.135929 7.706305 1.628426
v 16.135929 0.002022 1.628426
v 16.135927 7.706305 -1.593675
v 16.135927 7.706305 -1.593675
v 16.135927 7.706305 -1.593675
v 16.135927 7.706305 -1.593675
v 16.135927 7.706305 -1.593675
v 16.135929 0.002022 -1.593675
v 16.135929 0.002022 -1.593675
v 15.754796 0.002022 1.628426
v 15.754796 0.002022 1.628426
v 15.754796 0.002022 1.628426
v 15.754796 0.002022 -1.593675
v 15.754796 7.706305 1.628426
v 15.754796 7.706305 1.628426
v 15.754796 7.706305 1.628426
v 15.754796 7.706305 -1.593675
v 15.754796 7.706305 -1.593675
v 15.754796 7.706305 -1.593675
v 15.754796 7.706305 -1.593675
v -17.034271 21.141432 -21.151852
v -17.034271 21.141432 -21.151852
v -17.034271 21.141432 -21.151852
v -17.034271 21.141432 -21.151852
v -17.034267 21.141432 21.633297
v -17.034267 21.141432 21.633297
v -17.034267 21.141432 21.633297
v -17.034267 21.141432 21.633297
v -0.036077 36.583206 21.633301
v -0.036077 36.583206 21.633301
v -0.036077 36.583206 21.633301
v -0.036077 36.583206 21.633301
v -16.820707 20.908035 21.633297
v -16.820707 20.908035 21.633297
v -16.820707 20.908035 21.633297
v -16.820707 20.908035 21.633297
v -16.820711 20.908035 -21.151852
v -16.820711 20.908035 -21.151852
v -16.820711 20.908035 -21.151852
v -16.820711 20.908035 -21.151852
v -0.036077 36.168507 -21.151850
v -0.036077 36.168507 -21.151850
v -0.036077 36.168507 -21.151850
v -0.036077 36.168507 -21.151850
v -0.036077 36.168507 -21.151850
v -0.036077 36.168507 -21.151850
v -0.036077 36.168507 -21.151850
v -0.036077 36.583214 -21.151850
v -0.036077 36.583214 -21.151850
v -0.036077 36.583214 -21.151850
v -0.036077 36.583214 -21.151850
v -0.036077 36.168499 21.633301
v -0.036077 36.168499 21.633301
v -0.036077 36.168499 21.633301
v -0.036077 36.168499 21.633301
v -0.036077 36.168499 21.633301
v -0.036077 36.168499 21.633301
v -0.036077 36.168499 21.633301
v -15.571851 22.049534 19.941364
v -15.571851 22.049534 19.941364
v -15.571851 22.049534 19.941364
v -15.571851 22.049534 19.941364
v -15.571851 22.049534 19.941364
v -15.571851 22.049534 19.941364
v -15.571856 22.049532 -19.459909
v -15.571856 22.049532 -19.459909
v -15.571856 22.049532 -19.459909
v -15.571856 22.049532 -19.459909
v -15.571856 22.049532 -19.459909
v -15.571856 22.049532 -19.459909
v -0.036077 36.168507 -19.459911
v -0.036077 36.168507 -19.459911
v -0.036077 36.168507 -19.459911
v -0.036077 36.168499 19.941362
v -0.036077 36.168499 19.941362
v -0.036077 36.168499 19.941362
v -15.206100 21.580729 19.941362
v -15.206100 21.580729 19.941362
v -15.206100 21.580729 19.941362
v -15.206104 21.580727 -19.459911
v -15.206104 21.580727 -19.459911
v -15.206104 21.580727 -19.459911
v -0.036077 35.515854 -19.459911
v -0.036077 35.515854 -19.459911
v -0.036077 35.515854 -19.459911
v -0.036077 35.515854 -19.459911
v -0.036077 35.515854 -19.459911
v -0.036077 35.515850 19.941362
v -0.036077 35.515850 19.941362
v -0.036077 35.515850 19.941362
v -0.036077 35.515850 19.941362
v -0.036077 35.515850 19.941362
v -0.036077 35.515850 19.941362
v -0.036077 35.515850 19.941362
v 16.962112 21.141432 21.633297
v 16.962112 21.141432 21.633297
v 16.962112 21.141432 21.633297
v 16.962116 21.141432 -21.151848
v 16.962116 21.141432 -21.151848
v 16.962116 21.141432 -21.151848
v 16.962116 21.141432 -21.151848
v 16.962116 21.141432 -21.151848
v 16.748556 20.908035 -21.151848
v 16.748556 20.908035 -21.151848
v 16.748556 20.908035 -21.151848
v 16.748556 20.908035 -21.151848
v 16.748552 20.908035 21.633297
v 16.748552 20.908035 21.633297
v 16.748552 20.908035 21.633297
v 16.748552 20.908035 21.633297
v 15.133946 21.580729 19.941364
v 15.133946 21.580729 19.941364
v 15.133946 21.580729 19.941364
v 15.133950 21.580727 -19.459911
v 15.133950 21.580727 -19.459911
v 15.133950 21.580727 -19.459911
v 15.499702 22.049532 -19.459909
v 15.499702 22.049532 -19.459909
v 15.499702 22.049532 -19.459909
v 15.499702 22.049532 -19.459909
v 15.499702 22.049532 -19.459909
v 15.499702 22.049532 -19.459909
v 15.499696 22.049534 19.941366
v 15.499696 22.049534 19.941366
v 15.499696 22.049534 19.941366
v 15.499696 22.049534 19.941366
v 15.499696 22.049534 19.941366
v 15.499696 22.049534 19.941366
v -4.630182 19.325197 -23.076920
v -4.630182 19.325197 -23.076920
v -4.630181 21.562040 -18.160015
v -4.630181 21.562040 -18.160015
v -4.630181 21.562040 -18.160015
v 4.598352 21.562042 -18.160015
v 4.598352 21.562042 -18.160015
v 4.598351 19.325197 -23.076920
v 4.598351 19.325197 -23.076920
v 4.598351 19.325197 -23.076920
v 4.598351 19.325197 -23.076920
v 4.598352 21.187698 -17.989714
v -4.630181 21.187695 -17.989714
v -4.630181 21.187695 -17.989714
v -4.630182 18.950851 -22.906618
v -4.630182 18.950851 -22.906618
v -4.630182 18.950851 -22.906618
v -4.630182 18.950851 -22.906618
v 4.598351 18.950851 -22.906618
v 4.598351 18.950851 -22.906618
v 4.598351 18.950851 -22.906618
v 4.598351 18.950851 -22.906618
v 3.972126 12.453082 -18.222588
v -3.909268 12.453082 -18.222588
v 3.972125 12.453082 -21.996775
v -3.909268 12.453082 -21.996778
v -3.909268 12.453082 -21.996778
v -3.909268 19.372868 -21.996778
v -3.909268 19.372868 -21.996778
v 3.972125 19.372868 -21.996775
v 3.972125 19.372868 -21.996775
v 3.972125 19.372868 -21.996775
v -4.631039 11.577654 -23.020128
v -4.631039 11.577654 -23.020128
v -4.631039 11.577654 -23.020128
v 4.595750 11.577654 -23.020128
v 4.595750 11.577654 -23.020128
v 4.595750 11.577654 -23.020128
v 4.595750 11.577654 -23.020128
v 4.595751 11.577654 -18.175735
v -4.631038 11.577654 -18.175735
v -4.631038 11.577654 -18.175735
v -4.631038 11.577654 -18.175735
v -4.631039 12.450971 -23.020128
v -4.631039 12.450971 -23.020128
v -4.631039 12.450971 -23.020128
v -4.631038 12.450971 -18.175735
v -4.631038 12.450971 -18.175735
v 4.595751 12.450971 -18.175735
v 4.595751 12.450971 -18.175735
v 4.595750 12.450971 -23.020128
v 4.595750 12.450971 -23.020128
v 4.595750 12.450971 -23.020128
v 4.595750 12.450971 -23.020128
v -3.447519 12.457270 -22.434566
v -4.377176 12.457270 -22.434566
v -4.377176 12.457270 -22.434566
v -3.447519 12.457270 -21.504910
v -3.447519 12.457270 -21.504910
v -3.447519 12.457270 -21.504910
v -4.377175 12.457270 -21.504910
v -4.377175 12.457270 -21.504910
v -4.377176 19.608585 -21.504910
v -4.377176 19.608585 -21.504910
v -4.377176 19.174368 -22.434566
v -4.377176 19.174368 -22.434566
v -3.447520 19.608585 -21.504910
v -3.447520 19.174368 -22.434566
v -3.447520 19.174368 -22.434566
v -3.447520 19.174368 -22.434566
v 4.344489 12.457270 -22.434566
v 4.344489 12.457270 -22.434566
v 3.414833 12.457270 -22.434566
v 3.414833 12.457270 -21.504910
v 3.414833 12.457270 -21.504910
v 3.414833 12.457270 -21.504910
v 4.344490 12.457270 -21.504910
v 4.344490 12.457270 -21.504910
v 4.344489 19.174368 -22.434566
v 4.344489 19.174368 -22.434566
v 4.344489 19.608583 -21.504910
v 4.344489 19.608583 -21.504910
v 3.414832 19.608583 -21.504910
v 3.414832 19.174366 -22.434566
v 3.414832 19.174366 -22.434566
v 3.414832 19.174366 -22.434566
v 1.673275 17.961628 -21.971363
v 1.673275 17.961628 -21.971363
v 1.673275 13.738563 -21.971363
v -1.454183 17.961628 -21.971363
v -1.454183 17.961628 -21.971363
v 1.673275 13.738563 -22.611980
v 1.673275 13.738563 -22.611980
v 1.673275 13.738563 -22.611980
v -1.454184 13.738563 -22.611980
v -1.454184 13.738563 -22.611980
v -1.454184 13.738563 -22.611980
v -1.454184 13.738563 -22.611980
v -1.454184 13.738563 -22.611980
v -1.454184 17.961628 -22.611980
v -1.454184 17.961628 -22.611980
v -1.454184 17.961628 -22.611980
v -1.454184 17.961628 -22.611980
v 1.673275 17.961628 -22.611980
v 1.673275 17.961628 -22.611980
v 1.673275 17.961628 -22.611980
v 1.673275 17.961628 -22.611980
v 1.673275 17.961628 -22.611980
v 1.265678 14.146158 -22.611980
v 1.265678 14.146158 -22.611980
v 1.265678 14.146158 -22.611980
v 1.265678 14.146158 -22.611980
v 1.265678 14.146158 -22.611980
v -1.046587 14.146158 -22.611980
v -1.046587 14.146158 -22.611980
v -1.046587 14.146158 -22.611980
v -1.046587 14.146158 -22.611980
v -1.046587 17.554031 -22.611980
v -1.046587 17.554031 -22.611980
v -1.046587 17.554031 -22.611980
v -1.046587 17.554031 -22.611980
v -1.046587 17.554031 -22.611980
v -1.046587 17.554031 -22.611980
v 1.265678 17.554031 -22.611980
v 1.265678 17.554031 -22.611980
v 1.265678 17.554031 -22.611980
v 1.265678 17.554031 -22.611980
v 1.265678 17.554031 -22.611980
v 1.265679 14.146158 -22.224504
v 1.265679 14.146158 -22.224504
v 1.265679 14.146158 -22.224504
v -1.046587 14.146158 -22.224504
v -1.046587 14.146158 -22.224504
v -1.046587 14.146158 -22.224504
v -1.046587 14.146158 -22.224504
v -1.046587 17.554031 -22.224504
v -1.046587 17.554031 -22.224504
v -1.046587 17.554031 -22.224504
v 1.265679 17.554031 -22.224504
v 1.265679 17.554031 -22.224504
v 1.265679 17.554031 -22.224504
v 1.265679 17.554031 -22.224504
v 2.107572 13.737767 -21.971268
v 2.107572 13.737767 -21.971268
v 2.107572 13.299525 -21.971268
v 2.107572 13.299525 -21.971268
v -1.776851 13.737767 -21.971268
v -1.776851 13.737767 -21.971268
v -1.776851 13.299523 -21.971268
v -1.776851 13.299523 -21.971268
v 2.107572 13.299523 -23.106590
v 2.107572 13.299523 -23.106590
v 2.107572 13.299523 -23.106590
v -1.776851 13.299523 -23.106590
v -1.776851 13.299523 -23.106590
v -1.776851 13.299523 -23.106590
v -1.776851 13.299523 -23.106590
v -1.776851 13.737767 -23.106590
v -1.776851 13.737767 -23.106590
v -1.776851 13.737767 -23.106590
v 2.107572 13.737767 -23.106590
v 2.107572 13.737767 -23.106590
v 2.107572 13.737767 -23.106590
v 2.107572 13.737767 -23.106590
v -0.032259 36.246719 -22.077944
v -0.032259 36.246719 -22.077944
v -0.032259 36.246719 -22.077944
v -0.032259 36.246719 -22.077944
v -0.032259 36.246719 -22.077944
v -0.032259 36.246719 -22.077944
v -0.032259 36.246719 -22.077944
v -0.032259 36.246719 -22.077944
v -0.032259 36.246719 -22.077944
v -0.032259 36.246719 -22.077944
v -0.032252 36.246719 22.864471
v -0.032252 36.246719 22.864471
v -0.032252 36.246719 22.864471
v -0.032252 36.246719 22.864471
v -0.032252 36.246719 22.864471
v -0.375055 36.338573 22.864471
v -0.375055 36.338573 22.864471
v -0.375055 36.338573 22.864471
v -0.375062 36.338573 -22.077944
v -0.375062 36.338573 -22.077944
v -0.375062 36.338573 -22.077944
v -0.626004 36.589523 22.864471
v -0.626004 36.589523 22.864471
v -0.626004 36.589523 22.864471
v -0.626004 36.589523 22.864471
v -0.626004 36.589523 22.864471
v -0.626004 36.589523 22.864471
v -0.626004 36.589523 22.864471
v -0.626011 36.589523 -22.077944
v -0.626011 36.589523 -22.077944
v -0.626011 36.589523 -22.077944
v -0.626011 36.589523 -22.077944
v -0.717858 36.932327 22.864471
v -0.717858 36.932327 22.864471
v -0.717858 36.932327 22.864471
v -0.717865 36.932327 -22.077944
v -0.717865 36.932327 -22.077944
v -0.717865 36.932327 -22.077944
v -0.717865 36.932327 -22.077944
v -0.626004 37.275131 22.864471
v -0.626004 37.275131 22.864471
v -0.626004 37.275131 22.864471
v -0.626004 37.275131 22.864471
v -0.626004 37.275131 22.864471
v -0.626011 37.275131 -22.077944
v -0.626011 37.275131 -22.077944
v -0.626011 37.275131 -22.077944
v -0.626011 37.275131 -22.077944
v -0.626011 37.275131 -22.077944
v -0.375055 37.526077 22.864471
v -0.375055 37.526077 22.864471
v -0.375055 37.526077 22.864471
v -0.375062 37.526077 -22.077944
v -0.375062 37.526077 -22.077944
v -0.375062 37.526077 -22.077944
v -0.032252 37.617931 22.864471
v -0.032252 37.617931 22.864471
v -0.032252 37.617931 22.864471
v -0.032252 37.617931 22.864471
v -0.032252 37.617931 22.864471
v -0.032252 37.617931 22.864471
v -0.032259 37.617931 -22.077944
v -0.032259 37.617931 -22.077944
v -0.032259 37.617931 -22.077944
v -0.032259 37.617931 -22.077944
v -0.032259 37.617931 -22.077944
v -0.032259 37.617931 -22.077944
v 0.310551 37.526077 22.864471
v 0.310551 37.526077 22.864471
v 0.310551 37.526077 22.864471
v 0.310551 37.526077 22.864471
v 0.310544 37.526077 -22.077944
v 0.310544 37.526077 -22.077944
v 0.310544 37.526077 -22.077944
v 0.561500 37.275131 22.864471
v 0.561500 37.275131 22.864471
v 0.561500 37.275131 22.864471
v 0.561500 37.275131 22.864471
v 0.561493 37.275131 -22.077944
v 0.561493 37.275131 -22.077944
v 0.561493 37.275131 -22.077944
v 0.561493 37.275131 -22.077944
v 0.561493 37.275131 -22.077944
v 0.653354 36.932327 22.864471
v 0.653354 36.932327 22.864471
v 0.653354 36.932327 22.864471
v 0.653347 36.932327 -22.077944
v 0.653347 36.932327 -22.077944
v 0.653347 36.932327 -22.077944
v 0.653347 36.932327 -22.077944
v 0.561500 36.589523 22.864471
v 0.561500 36.589523 22.864471
v 0.561500 36.589523 22.864471
v 0.561500 36.589523 22.864471
v 0.561500 36.589523 22.864471
v 0.561500 36.589523 22.864471
v 0.561500 36.589523 22.864471
v 0.561500 36.589523 22.864471
v 0.561493 36.589523 -22.077944
v 0.561493 36.589523 -22.077944
v 0.561493 36.589523 -22.077944
v 0.561493 36.589523 -22.077944
v 0.310551 36.338573 22.864471
v 0.310551 36.338573 22.864471
v 0.310551 36.338573 22.864471
v 0.310544 36.338573 -22.077944
v 0.310544 36.338573 -22.077944
v 0.310544 36.338573 -22.077944
v -13.112915 29.767097 -7.547705
v -13.112915 29.767097 -7.547705
v -13.112915 29.767097 -7.547705
v -13.112915 24.137955 -7.547706
v -13.112914 24.137955 -0.009468
v -13.112914 24.137955 -0.009468
v -13.112914 24.137955 -0.009468
v -1.556830 24.137955 -7.547707
v -12.540265 24.137756 -8.045658
v -13.646235 24.137756 -8.045658
v -13.646235 24.137756 -8.045658
v -12.540265 24.137756 -6.939688
v -12.540265 24.137756 -6.939688
v -12.540265 24.137756 -6.939688
v -13.646235 24.137756 -6.939688
v -13.646235 24.137756 -6.939688
v -13.646235 30.184875 -6.939687
v -13.646235 30.184875 -6.939687
v -13.646235 29.478291 -8.045658
v -13.646235 29.478291 -8.045658
v -12.540265 30.184875 -6.939688
v -12.540265 29.478291 -8.045658
v -12.540265 29.478291 -8.045658
v -12.540265 29.478291 -8.045658
v -13.927825 29.149860 -9.174580
v -13.927825 29.149860 -9.174580
v -13.927825 29.149860 -9.174580
v -13.927823 35.061504 -0.009467
v -13.927823 35.061504 -0.009467
v -13.927823 35.061504 -0.009467
v -13.927823 35.061504 -0.009467
v -13.927823 35.061504 -0.009467
v -1.556830 29.149860 -9.174582
v -1.556830 29.149860 -9.174582
v -1.556830 29.149860 -9.174582
v -1.556830 29.149860 -9.174582
v -1.556830 29.149860 -9.174582
v -13.927825 28.831266 -8.968145
v -13.927825 28.831266 -8.968145
v -13.927825 28.831266 -8.968145
v -13.927825 28.831266 -8.968145
v -1.556830 28.831266 -8.968147
v -1.556830 28.831266 -8.968147
v -1.556828 34.635754 -0.009469
v -1.556828 34.635754 -0.009469
v -1.556828 34.635754 -0.009469
v -1.556828 34.635754 -0.009469
v -1.556828 34.635754 -0.009469
v -1.556828 34.635754 -0.009469
v -1.556828 34.635754 -0.009469
v -13.112914 34.671188 -0.009467
v -1.556828 35.061504 -0.009469
v -1.556828 35.061504 -0.009469
v -1.556828 35.061504 -0.009469
v -13.927823 34.635754 -0.009467
v -13.927823 34.635754 -0.009467
v -13.927823 34.635754 -0.009467
v -13.927823 34.635754 -0.009467
v -13.927823 34.635754 -0.009467
v -13.112913 24.137955 7.528769
v -13.112913 29.767097 7.528770
v -13.112913 29.767097 7.528770
v -13.112913 29.767097 7.528770
v -1.556827 24.137955 7.528768
v -13.646234 24.137756 6.920753
v -13.646234 24.137756 6.920753
v -13.646234 24.137756 8.026722
v -13.646234 24.137756 8.026722
v -13.646234 30.184875 6.920753
v -13.646234 30.184875 6.920753
v -13.646234 29.478291 8.026722
v -13.646234 29.478291 8.026722
v -12.540263 24.137756 6.920752
v -12.540263 24.137756 6.920752
v -12.540263 24.137756 6.920752
v -12.540263 30.184875 6.920753
v -12.540263 24.137756 8.026722
v -12.540263 29.478291 8.026722
v -12.540263 29.478291 8.026722
v -12.540263 29.478291 8.026722
v -13.927821 29.149860 9.155643
v -13.927821 29.149860 9.155643
v -13.927821 29.149860 9.155643
v -1.556827 29.149860 9.155642
v -1.556827 29.149860 9.155642
v -1.556827 29.149860 9.155642
v -1.556827 29.149860 9.155642
v -1.556827 29.149860 9.155642
v -1.556827 28.831266 8.949207
v -1.556827 28.831266 8.949207
v -13.927821 28.831266 8.949209
v -13.927821 28.831266 8.949209
v -13.927821 28.831266 8.949209
v -13.927821 28.831266 8.949209
v -26.663189 8.452106 -7.371614
v -26.663189 8.452106 -7.371614
v -26.663189 4.229043 -7.371614
v -29.790648 8.452106 -7.371613
v -29.790648 8.452106 -7.371613
v -26.663189 4.229042 -8.012231
v -26.663189 4.229042 -8.012231
v -26.663189 4.229042 -8.012231
v -29.790648 4.229042 -8.012231
v -29.790648 4.229042 -8.012231
v -29.790648 4.229042 -8.012231
v -29.790648 8.452106 -8.012231
v -29.790648 8.452106 -8.012231
v -29.790648 8.452106 -8.012231
v -29.790648 8.452106 -8.012231
v -29.790648 8.452106 -8.012231
v -26.663189 8.452106 -8.012231
v -26.663189 8.452106 -8.012231
v -26.663189 8.452106 -8.012231
v -26.663189 8.452106 -8.012231
v -26.663189 8.452106 -8.012231
v -26.663189 8.452106 -8.012231
v -27.070786 4.636639 -8.012231
v -27.070786 4.636639 -8.012231
v -27.070786 4.636639 -8.012231
v -27.070786 4.636639 -8.012231
v -27.070786 4.636639 -8.012231
v -29.383049 4.636639 -8.012231
v -29.383049 4.636639 -8.012231
v -29.383049 4.636639 -8.012231
v -29.383049 4.636639 -8.012231
v -29.383049 4.636639 -8.012231
v -29.383049 4.636639 -8.012231
v -29.383049 8.044510 -8.012231
v -29.383049 8.044510 -8.012231
v -29.383049 8.044510 -8.012231
v -29.383049 8.044510 -8.012231
v -29.383049 8.044510 -8.012231
v -27.070786 8.044510 -8.012231
v -27.070786 8.044510 -8.012231
v -27.070786 8.044510 -8.012231
v -27.070786 8.044510 -8.012231
v -27.070786 4.636639 -7.624754
v -27.070786 4.636639 -7.624754
v -27.070786 4.636639 -7.624754
v -29.383049 4.636639 -7.624753
v -29.383049 4.636639 -7.624753
v -29.383049 4.636639 -7.624753
v -29.383049 4.636639 -7.624753
v -29.383049 8.044510 -7.624753
v -29.383049 8.044510 -7.624753
v -29.383049 8.044510 -7.624753
v -27.070786 8.044510 -7.624753
v -27.070786 8.044510 -7.624753
v -27.070786 8.044510 -7.624753
v -27.070786 8.044510 -7.624753
v -26.228893 4.228247 -7.371518
v -26.228893 4.228247 -7.371518
v -26.228893 3.790004 -7.371518
v -26.228893 3.790004 -7.371518
v -26.228893 3.790004 -7.371518
v -30.113314 4.228247 -7.371517
v -30.113314 3.790004 -7.371517
v -30.113314 3.790004 -7.371517
v -26.228889 3.790004 -8.506840
v -26.228889 3.790004 -8.506840
v -30.113314 3.790004 -8.506840
v -30.113314 3.790004 -8.506840
v -30.113314 3.790004 -8.506840
v -30.113314 3.790004 -8.506840
v -30.113314 4.228247 -8.506840
v -30.113314 4.228247 -8.506840
v -30.113314 4.228247 -8.506840
v -30.113314 4.228247 -8.506840
v -26.228889 4.228247 -8.506840
v -26.228889 4.228247 -8.506840
v -26.228889 4.228247 -8.506840
v -26.228889 4.228247 -8.506840
v -18.240629 8.452106 -7.371615
v -18.240629 4.229043 -7.371616
v -21.368088 8.452106 -7.371616
v -21.368088 8.452106 -7.371616
v -21.368088 8.452106 -7.371616
v -18.240629 4.229042 -8.012234
v -18.240629 4.229042 -8.012234
v -21.368088 4.229042 -8.012233
v -21.368088 4.229042 -8.012233
v -21.368088 4.229042 -8.012233
v -21.368088 4.229042 -8.012233
v -21.368088 8.452106 -8.012233
v -21.368088 8.452106 -8.012233
v -21.368088 8.452106 -8.012233
v -21.368088 8.452106 -8.012233
v -18.240629 8.452106 -8.012234
v -18.240629 8.452106 -8.012234
v -18.240629 8.452106 -8.012234
v -18.240629 8.452106 -8.012234
v -18.240629 8.452106 -8.012234
v -18.240629 8.452106 -8.012234
v -18.240629 8.452106 -8.012234
v -18.648226 4.636639 -8.012234
v -18.648226 4.636639 -8.012234
v -18.648226 4.636639 -8.012234
v -18.648226 4.636639 -8.012234
v -18.648226 4.636639 -8.012234
v -18.648226 4.636639 -8.012234
v -20.960491 4.636639 -8.012233
v -20.960491 4.636639 -8.012233
v -20.960491 4.636639 -8.012233
v -20.960491 4.636639 -8.012233
v -20.960491 4.636639 -8.012233
v -20.960491 8.044510 -8.012233
v -20.960491 8.044510 -8.012233
v -20.960491 8.044510 -8.012233
v -20.960491 8.044510 -8.012233
v -20.960491 8.044510 -8.012233
v -18.648226 8.044510 -8.012234
v -18.648226 8.044510 -8.012234
v -18.648226 8.044510 -8.012234
v -18.648226 8.044510 -8.012234
v -18.648226 4.636639 -7.624756
v -18.648226 4.636639 -7.624756
v -18.648226 4.636639 -7.624756
v -20.960491 4.636639 -7.624756
v -20.960491 4.636639 -7.624756
v -20.960491 4.636639 -7.624756
v -20.960491 4.636639 -7.624756
v -20.960491 8.044510 -7.624756
v -20.960491 8.044510 -7.624756
v -20.960491 8.044510 -7.624756
v -18.648226 8.044510 -7.624756
v -18.648226 8.044510 -7.624756
v -18.648226 8.044510 -7.624756
v -18.648226 8.044510 -7.624756
v -17.806332 4.228247 -7.371520
v -17.806332 4.228247 -7.371520
v -17.806332 3.790004 -7.371520
v -17.806332 3.790004 -7.371520
v -21.690754 4.228247 -7.371520
v -21.690754 3.790004 -7.371520
v -21.690754 3.790004 -7.371520
v -21.690754 3.790004 -7.371520
v -17.806332 3.790004 -8.506842
v -17.806332 3.790004 -8.506842
v -17.806332 3.790004 -8.506842
v -21.690754 3.790004 -8.506842
v -21.690754 3.790004 -8.506842
v -21.690754 3.790004 -8.506842
v -21.690754 4.228247 -8.506842
v -21.690754 4.228247 -8.506842
v -21.690754 4.228247 -8.506842
v -21.690754 4.228247 -8.506842
v -17.806332 4.228247 -8.506842
v -17.806332 4.228247 -8.506842
v -17.806332 4.228247 -8.506842
v -17.806332 4.228247 -8.506842
v -13.115874 30.367235 -1.573231
v -13.115874 30.367235 -1.573231
v -13.115874 26.144171 -1.573231
v -13.115874 30.367235 1.554228
v -13.115874 30.367235 1.554228
v -13.756491 26.144171 -1.573231
v -13.756491 26.144171 -1.573231
v -13.756491 26.144171 -1.573231
v -13.756491 26.144171 1.554228
v -13.756491 26.144171 1.554228
v -13.756491 26.144171 1.554228
v -13.756491 26.144171 1.554228
v -13.756491 30.367235 1.554228
v -13.756491 30.367235 1.554228
v -13.756491 30.367235 1.554228
v -13.756491 30.367235 1.554228
v -13.756491 30.367235 1.554228
v -13.756491 30.367235 -1.573231
v -13.756491 30.367235 -1.573231
v -13.756491 30.367235 -1.573231
v -13.756491 30.367235 -1.573231
v -13.756491 30.367235 -1.573231
v -13.756491 26.551767 -1.165634
v -13.756491 26.551767 -1.165634
v -13.756491 26.551767 -1.165634
v -13.756491 26.551767 -1.165634
v -13.756491 26.551767 -1.165634
v -13.756491 26.551767 1.146631
v -13.756491 26.551767 1.146631
v -13.756491 26.551767 1.146631
v -13.756491 26.551767 1.146631
v -13.756491 26.551767 1.146631
v -13.756491 29.959639 1.146631
v -13.756491 29.959639 1.146631
v -13.756491 29.959639 1.146631
v -13.756491 29.959639 1.146631
v -13.756491 29.959639 1.146631
v -13.756491 29.959639 -1.165634
v -13.756491 29.959639 -1.165634
v -13.756491 29.959639 -1.165634
v -13.756491 29.959639 -1.165634
v -13.756491 29.959639 -1.165634
v -13.369014 26.551767 -1.165634
v -13.369014 26.551767 -1.165634
v -13.369014 26.551767 -1.165634
v -13.369014 26.551767 1.146631
v -13.369014 26.551767 1.146631
v -13.369014 26.551767 1.146631
v -13.369014 26.551767 1.146631
v -13.369014 29.959639 1.146631
v -13.369014 29.959639 1.146631
v -13.369014 29.959639 1.146631
v -13.369014 29.959639 -1.165634
v -13.369014 29.959639 -1.165634
v -13.369014 29.959639 -1.165634
v -13.369014 29.959639 -1.165634
v -13.115778 26.143373 -2.007528
v -13.115778 26.143373 -2.007528
v -13.115778 25.705132 -2.007528
v -13.115778 25.705132 -2.007528
v -13.115778 25.705132 -2.007528
v -13.115778 26.143373 1.876895
v -13.115778 26.143373 1.876895
v -13.115778 25.705132 1.876895
v -14.251100 25.705132 -2.007528
v -14.251100 25.705132 -2.007528
v -14.251101 25.705132 1.876895
v -14.251101 25.705132 1.876895
v -14.251101 25.705132 1.876895
v -14.251101 25.705132 1.876895
v -14.251101 25.705132 1.876895
v -14.251101 26.143373 1.876895
v -14.251101 26.143373 1.876895
v -14.251101 26.143373 1.876895
v -14.251100 26.143373 -2.007528
v -14.251100 26.143373 -2.007528
v -14.251100 26.143373 -2.007528
v -14.251100 26.143373 -2.007528
v -15.448496 34.926895 -0.005527
v -15.448496 34.926895 -0.005527
v -15.448496 34.926895 -0.005527
v -15.448496 34.926895 -0.005527
v -15.448496 34.926895 -0.005527
v 0.056638 34.926895 -0.005530
v 0.056638 34.926895 -0.005530
v -15.448496 35.018749 0.337276
v -15.448496 35.018749 0.337276
v -15.448496 35.018749 0.337276
v -15.448496 35.018749 0.337276
v -15.448496 35.269695 0.588225
v -15.448496 35.269695 0.588225
v -15.448496 35.269695 0.588225
v -15.448496 35.269695 0.588225
v -15.448496 35.612499 0.680079
v -15.448496 35.612499 0.680079
v -15.448496 35.612499 0.680079
v -15.448496 35.955303 0.588225
v -15.448496 35.955303 0.588225
v -15.448496 35.955303 0.588225
v -15.448496 35.955303 0.588225
v -15.448496 35.955303 0.588225
v -15.448496 35.955303 0.588225
v -15.448496 35.955303 0.588225
v -15.448496 36.206253 0.337276
v -15.448496 36.206253 0.337276
v -15.448496 36.206253 0.337276
v -15.448496 36.206253 0.337276
v -15.448496 36.298107 -0.005527
v -15.448496 36.298107 -0.005527
v -15.448496 36.298107 -0.005527
v -15.448496 36.298107 -0.005527
v -15.448496 36.206253 -0.348330
v -15.448496 36.206253 -0.348330
v -15.448496 36.206253 -0.348330
v -15.448496 35.955303 -0.599279
v -15.448496 35.955303 -0.599279
v -15.448496 35.955303 -0.599279
v -15.448496 35.955303 -0.599279
v -15.448496 35.955303 -0.599279
v -15.448496 35.955303 -0.599279
v -15.448496 35.955303 -0.599279
v -15.448496 35.955303 -0.599279
v -15.448496 35.955303 -0.599279
v -15.448496 35.612499 -0.691133
v -15.448496 35.612499 -0.691133
v -15.448496 35.612499 -0.691133
v -15.448496 35.269695 -0.599279
v -15.448496 35.269695 -0.599279
v -15.448496 35.269695 -0.599279
v -15.448496 35.269695 -0.599279
v -15.448496 35.018749 -0.348330
v -15.448496 35.018749 -0.348330
v -15.448496 35.018749 -0.348330
v -15.448496 35.018749 -0.348330
v 0.056638 35.018749 0.337273
v 0.056638 35.018749 0.337273
v 0.056638 35.269695 0.588222
v 0.056638 35.269695 0.588222
v 0.056638 35.612499 0.680076
v 0.056638 35.612499 0.680076
v 0.056638 35.955303 0.588222
v 0.056638 35.955303 0.588222
v 0.056638 36.206253 0.337273
v 0.056638 36.206253 0.337273
v 0.056638 36.298107 -0.005530
v 0.056638 36.298107 -0.005530
v 0.056638 36.206253 -0.348333
v 0.056638 36.206253 -0.348333
v 0.056637 35.955303 -0.599282
v 0.056637 35.955303 -0.599282
v 0.056637 35.612499 -0.691136
v 0.056637 35.612499 -0.691136
v 0.056637 35.269695 -0.599282
v 0.056637 35.269695 -0.599282
v 0.056638 35.018749 -0.348333
v 0.056638 35.018749 -0.348333
v -35.612408 18.870937 -0.005524
v -35.612408 18.870937 -0.005524
v -35.612408 18.870937 -0.005524
v -35.612408 18.870937 -0.005524
v -35.612408 18.870937 -0.005524
v -35.612408 18.870937 -0.005524
v -35.612408 18.870937 -0.005524
v -35.612408 18.870937 -0.005524
v -35.612408 18.870937 -0.005524
v -35.612408 18.870937 -0.005524
v -10.894080 18.870937 -0.005530
v -10.894080 18.870937 -0.005530
v -35.612408 18.962790 0.337279
v -35.612408 18.962790 0.337279
v -35.612408 18.962790 0.337279
v -35.612408 19.213739 0.588228
v -35.612408 19.213739 0.588228
v -35.612408 19.213739 0.588228
v -35.612408 19.213739 0.588228
v -35.612408 19.556541 0.680081
v -35.612408 19.556541 0.680081
v -35.612408 19.556541 0.680081
v -35.612408 19.556541 0.680081
v -35.612408 19.899345 0.588228
v -35.612408 19.899345 0.588228
v -35.612408 19.899345 0.588228
v -35.612408 19.899345 0.588228
v -35.612408 19.899345 0.588228
v -35.612408 20.150293 0.337279
v -35.612408 20.150293 0.337279
v -35.612408 20.150293 0.337279
v -35.612408 20.242147 -0.005524
v -35.612408 20.242147 -0.005524
v -35.612408 20.242147 -0.005524
v -35.612408 20.242147 -0.005524
v -35.612408 20.242147 -0.005524
v -35.612408 20.242147 -0.005524
v -35.612408 20.150293 -0.348327
v -35.612408 20.150293 -0.348327
v -35.612408 20.150293 -0.348327
v -35.612408 19.899345 -0.599276
v -35.612408 19.899345 -0.599276
v -35.612408 19.899345 -0.599276
v -35.612408 19.899345 -0.599276
v -35.612408 19.899345 -0.599276
v -35.612408 19.556541 -0.691130
v -35.612408 19.556541 -0.691130
v -35.612408 19.556541 -0.691130
v -35.612408 19.556541 -0.691130
v -35.612408 19.213739 -0.599277
v -35.612408 19.213739 -0.599277
v -35.612408 19.213739 -0.599277
v -35.612408 19.213739 -0.599277
v -35.612408 18.962790 -0.348327
v -35.612408 18.962790 -0.348327
v -35.612408 18.962790 -0.348327
v -10.894080 18.962790 0.337273
v -10.894080 18.962790 0.337273
v -10.894080 19.213739 0.588223
v -10.894080 19.213739 0.588223
v -10.894080 19.556541 0.680076
v -10.894080 19.556541 0.680076
v -10.894080 19.899345 0.588223
v -10.894080 19.899345 0.588223
v -10.894080 20.150293 0.337274
v -10.894080 20.150293 0.337274
v -10.894080 20.242147 -0.005529
v -10.894080 20.242147 -0.005529
v -10.894080 20.150293 -0.348332
v -10.894080 20.150293 -0.348332
v -10.894080 19.899345 -0.599282
v -10.894080 19.899345 -0.599282
v -10.894080 19.556541 -0.691135
v -10.894080 19.556541 -0.691135
v -10.894080 19.213739 -0.599282
v -10.894080 19.213739 -0.599282
v -10.894080 18.962790 -0.348332
v -10.894080 18.962790 -0.348332
v -4.630175 21.562040 18.160015
v -4.630175 21.562040 18.160015
v -4.630175 21.562040 18.160015
v -4.630174 19.325193 23.076920
v -4.630174 19.325193 23.076920
v 4.598358 21.562042 18.160015
v 4.598358 21.562042 18.160015
v 4.598359 19.325193 23.076920
v 4.598359 19.325193 23.076920
v 4.598359 19.325193 23.076920
v 4.598359 19.325193 23.076920
v -4.630175 21.187695 17.989714
v -4.630175 21.187695 17.989714
v 4.598358 21.187698 17.989714
v -4.630174 18.950848 22.906618
v -4.630174 18.950848 22.906618
v -4.630174 18.950848 22.906618
v -4.630174 18.950848 22.906618
v 4.598359 18.950848 22.906618
v 4.598359 18.950848 22.906618
v 4.598359 18.950848 22.906618
v 4.598359 18.950848 22.906618
v 3.972131 12.453080 18.222588
v -3.909262 12.453080 18.222588
v -3.909261 12.453080 21.996778
v -3.909261 12.453080 21.996778
v 3.972132 12.453080 21.996775
v -3.909261 19.372864 21.996778
v -3.909261 19.372864 21.996778
v 3.972132 19.372864 21.996775
v 3.972132 19.372864 21.996775
v 3.972132 19.372864 21.996775
v 4.595758 11.577652 23.020128
v 4.595758 11.577652 23.020128
v 4.595758 11.577652 23.020128
v 4.595758 11.577652 23.020128
v -4.631032 11.577652 23.020128
v -4.631032 11.577652 23.020128
v -4.631032 11.577652 23.020128
v 4.595757 11.577652 18.175735
v -4.631032 11.577652 18.175735
v -4.631032 11.577652 18.175735
v -4.631032 11.577652 18.175735
v -4.631032 12.450969 18.175735
v -4.631032 12.450969 18.175735
v -4.631032 12.450969 23.020128
v -4.631032 12.450969 23.020128
v -4.631032 12.450969 23.020128
v 4.595757 12.450969 18.175735
v 4.595757 12.450969 18.175735
v 4.595758 12.450969 23.020128
v 4.595758 12.450969 23.020128
v 4.595758 12.450969 23.020128
v 4.595758 12.450969 23.020128
v -4.377168 12.457268 22.434566
v -4.377168 12.457268 22.434566
v -3.447512 12.457268 22.434566
v -3.447512 12.457268 21.504910
v -3.447512 12.457268 21.504910
v -3.447512 12.457268 21.504910
v -4.377169 12.457268 21.504910
v -4.377169 12.457268 21.504910
v -4.377169 19.174364 22.434566
v -4.377169 19.174364 22.434566
v -4.377169 19.608585 21.504910
v -4.377169 19.608585 21.504910
v -3.447513 19.608585 21.504910
v -3.447513 19.174364 22.434566
v -3.447513 19.174364 22.434566
v -3.447513 19.174364 22.434566
v 3.414840 12.457268 22.434566
v 4.344497 12.457268 22.434566
v 4.344497 12.457268 22.434566
v 3.414840 12.457268 21.504910
v 3.414840 12.457268 21.504910
v 4.344496 12.457268 21.504910
v 4.344496 12.457268 21.504910
v 4.344496 12.457268 21.504910
v 4.344496 19.608583 21.504910
v 4.344496 19.174364 22.434566
v 4.344496 19.174364 22.434566
v 3.414840 19.608583 21.504910
v 3.414840 19.608583 21.504910
v 3.414840 19.174362 22.434566
v 3.414840 19.174362 22.434566
v 3.414840 19.174362 22.434566
v 1.673282 13.738561 21.971363
v 1.673282 17.961624 21.971363
v 1.673282 17.961624 21.971363
v -1.454176 17.961624 21.971363
v -1.454176 17.961624 21.971363
v -1.454176 13.738561 22.611980
v -1.454176 13.738561 22.611980
v -1.454176 13.738561 22.611980
v -1.454176 13.738561 22.611980
v -1.454176 13.738561 22.611980
v 1.673283 13.738561 22.611980
v 1.673283 13.738561 22.611980
v 1.673283 13.738561 22.611980
v -1.454176 17.961624 22.611980
v -1.454176 17.961624 22.611980
v -1.454176 17.961624 22.611980
v -1.454176 17.961624 22.611980
v -1.454176 17.961624 22.611980
v 1.673283 17.961624 22.611980
v 1.673283 17.961624 22.611980
v 1.673283 17.961624 22.611980
v 1.673283 17.961624 22.611980
v -1.046580 14.146156 22.611980
v -1.046580 14.146156 22.611980
v -1.046580 14.146156 22.611980
v -1.046580 14.146156 22.611980
v 1.265686 14.146156 22.611980
v 1.265686 14.146156 22.611980
v 1.265686 14.146156 22.611980
v 1.265686 14.146156 22.611980
v 1.265686 14.146156 22.611980
v -1.046580 17.554028 22.611980
v -1.046580 17.554028 22.611980
v -1.046580 17.554028 22.611980
v -1.046580 17.554028 22.611980
v -1.046580 17.554028 22.611980
v 1.265686 17.554028 22.611980
v 1.265686 17.554028 22.611980
v 1.265686 17.554028 22.611980
v 1.265686 17.554028 22.611980
v 1.265686 17.554028 22.611980
v 1.265686 17.554028 22.611980
v -1.046580 14.146156 22.224504
v -1.046580 14.146156 22.224504
v -1.046580 14.146156 22.224504
v -1.046580 14.146156 22.224504
v 1.265686 14.146156 22.224504
v 1.265686 14.146156 22.224504
v 1.265686 14.146156 22.224504
v -1.046580 17.554028 22.224504
v -1.046580 17.554028 22.224504
v -1.046580 17.554028 22.224504
v 1.265686 17.554028 22.224504
v 1.265686 17.554028 22.224504
v 1.265686 17.554028 22.224504
v 1.265686 17.554028 22.224504
v 2.107579 13.299523 21.971268
v 2.107579 13.299523 21.971268
v 2.107579 13.737765 21.971268
v 2.107579 13.737765 21.971268
v -1.776844 13.737765 21.971268
v -1.776844 13.737765 21.971268
v -1.776844 13.299521 21.971268
v -1.776844 13.299521 21.971268
v -1.776844 13.299521 23.106590
v -1.776844 13.299521 23.106590
v -1.776844 13.299521 23.106590
v -1.776844 13.299521 23.106590
v 2.107580 13.299521 23.106590
v 2.107580 13.299521 23.106590
v 2.107580 13.299521 23.106590
v -1.776844 13.737765 23.106590
v -1.776844 13.737765 23.106590
v -1.776844 13.737765 23.106590
v 2.107580 13.737765 23.106590
v 2.107580 13.737765 23.106590
v 2.107580 13.737765 23.106590
v 2.107580 13.737765 23.106590
v 14.551619 8.452106 -7.769361
v 14.551619 8.452106 -7.769361
v 14.551619 4.229043 -7.769361
v 14.551618 8.452106 -10.896819
v 14.551618 8.452106 -10.896819
v 15.192236 4.229042 -7.769361
v 15.192236 4.229042 -7.769361
v 15.192236 4.229042 -10.896820
v 15.192236 4.229042 -10.896820
v 15.192236 4.229042 -10.896820
v 15.192236 4.229042 -10.896820
v 15.192236 8.452106 -10.896820
v 15.192236 8.452106 -10.896820
v 15.192236 8.452106 -10.896820
v 15.192236 8.452106 -10.896820
v 15.192236 8.452106 -10.896820
v 15.192236 8.452106 -10.896820
v 15.192236 8.452106 -7.769361
v 15.192236 8.452106 -7.769361
v 15.192236 8.452106 -7.769361
v 15.192236 8.452106 -7.769361
v 15.192236 8.452106 -7.769361
v 15.192236 4.636639 -8.176958
v 15.192236 4.636639 -8.176958
v 15.192236 4.636639 -8.176958
v 15.192236 4.636639 -8.176958
v 15.192236 4.636639 -8.176958
v 15.192236 4.636639 -8.176958
v 15.192235 4.636639 -10.489223
v 15.192235 4.636639 -10.489223
v 15.192235 4.636639 -10.489223
v 15.192235 4.636639 -10.489223
v 15.192235 4.636639 -10.489223
v 15.192236 8.044510 -10.489223
v 15.192236 8.044510 -10.489223
v 15.192236 8.044510 -10.489223
v 15.192236 8.044510 -10.489223
v 15.192236 8.044510 -10.489223
v 15.192236 8.044510 -8.176958
v 15.192236 8.044510 -8.176958
v 15.192236 8.044510 -8.176958
v 15.192236 8.044510 -8.176958
v 14.804758 4.636639 -8.176959
v 14.804758 4.636639 -8.176959
v 14.804758 4.636639 -8.176959
v 14.804757 4.636639 -10.489223
v 14.804757 4.636639 -10.489223
v 14.804757 4.636639 -10.489223
v 14.804757 4.636639 -10.489223
v 14.804757 8.044510 -10.489223
v 14.804757 8.044510 -10.489223
v 14.804758 8.044510 -8.176959
v 14.804758 8.044510 -8.176959
v 14.804758 8.044510 -8.176959
v 14.804758 8.044510 -8.176959
v 14.804758 8.044510 -8.176959
v 14.551522 4.228247 -7.335064
v 14.551522 4.228247 -7.335064
v 14.551522 3.790004 -7.335064
v 14.551522 3.790004 -7.335064
v 14.551521 4.228247 -11.219486
v 14.551521 3.790004 -11.219486
v 14.551521 3.790004 -11.219486
v 14.551521 3.790004 -11.219486
v 15.686844 3.790004 -7.335064
v 15.686844 3.790004 -7.335064
v 15.686844 3.790004 -7.335064
v 15.686844 3.790004 -11.219487
v 15.686844 3.790004 -11.219487
v 15.686844 3.790004 -11.219487
v 15.686844 4.228247 -11.219487
v 15.686844 4.228247 -11.219487
v 15.686844 4.228247 -11.219487
v 15.686844 4.228247 -11.219487
v 15.686844 4.228247 -7.335064
v 15.686844 4.228247 -7.335064
v 15.686844 4.228247 -7.335064
v 15.686844 4.228247 -7.335064
v 14.551619 18.448030 -7.769361
v 14.551619 18.448030 -7.769361
v 14.551619 14.224966 -7.769361
v 14.551618 18.448030 -10.896818
v 14.551618 18.448030 -10.896818
v 15.192236 14.224966 -7.769361
v 15.192236 14.224966 -7.769361
v 15.192236 14.224966 -10.896819
v 15.192236 14.224966 -10.896819
v 15.192236 14.224966 -10.896819
v 15.192236 14.224966 -10.896819
v 15.192236 18.448030 -10.896819
v 15.192236 18.448030 -10.896819
v 15.192236 18.448030 -10.896819
v 15.192236 18.448030 -10.896819
v 15.192236 18.448030 -10.896819
v 15.192236 18.448030 -10.896819
v 15.192236 18.448030 -7.769360
v 15.192236 18.448030 -7.769360
v 15.192236 18.448030 -7.769360
v 15.192236 18.448030 -7.769360
v 15.192236 18.448030 -7.769360
v 15.192236 14.632564 -8.176957
v 15.192236 14.632564 -8.176957
v 15.192236 14.632564 -8.176957
v 15.192236 14.632564 -8.176957
v 15.192236 14.632564 -8.176957
v 15.192236 14.632564 -8.176957
v 15.192235 14.632564 -10.489223
v 15.192235 14.632564 -10.489223
v 15.192235 14.632564 -10.489223
v 15.192235 14.632564 -10.489223
v 15.192235 14.632564 -10.489223
v 15.192236 18.040434 -10.489223
v 15.192236 18.040434 -10.489223
v 15.192236 18.040434 -10.489223
v 15.192236 18.040434 -10.489223
v 15.192236 18.040434 -10.489223
v 15.192236 18.040434 -8.176957
v 15.192236 18.040434 -8.176957
v 15.192236 18.040434 -8.176957
v 15.192236 18.040434 -8.176957
v 14.804758 14.632564 -8.176958
v 14.804758 14.632564 -8.176958
v 14.804758 14.632564 -8.176958
v 14.804757 14.632564 -10.489223
v 14.804757 14.632564 -10.489223
v 14.804757 14.632564 -10.489223
v 14.804757 14.632564 -10.489223
v 14.804757 18.040434 -10.489223
v 14.804757 18.040434 -10.489223
v 14.804758 18.040434 -8.176958
v 14.804758 18.040434 -8.176958
v 14.804758 18.040434 -8.176958
v 14.804758 18.040434 -8.176958
v 14.804758 18.040434 -8.176958
v 14.551522 14.224171 -7.335064
v 14.551522 14.224171 -7.335064
v 14.551522 13.785928 -7.335064
v 14.551522 13.785928 -7.335064
v 14.551521 14.224172 -11.219485
v 14.551521 14.224172 -11.219485
v 14.551521 13.785929 -11.219485
v 14.551521 13.785929 -11.219485
v 15.686844 13.785928 -7.335064
v 15.686844 13.785928 -7.335064
v 15.686844 13.785928 -7.335064
v 15.686844 13.785929 -11.219486
v 15.686844 13.785929 -11.219486
v 15.686844 13.785929 -11.219486
v 15.686844 13.785929 -11.219486
v 15.686844 14.224172 -11.219486
v 15.686844 14.224172 -11.219486
v 15.686844 14.224172 -11.219486
v 15.686844 14.224171 -7.335064
v 15.686844 14.224171 -7.335064
v 15.686844 14.224171 -7.335064
v 15.686844 14.224171 -7.335064
v 14.551621 18.448030 10.820484
v 14.551621 18.448030 10.820484
v 14.551621 14.224966 10.820484
v 14.551620 18.448030 7.693025
v 14.551620 18.448030 7.693025
v 15.192239 14.224966 10.820483
v 15.192239 14.224966 10.820483
v 15.192239 14.224966 10.820483
v 15.192239 14.224966 7.693025
v 15.192239 14.224966 7.693025
v 15.192239 14.224966 7.693025
v 15.192239 18.448030 7.693025
v 15.192239 18.448030 7.693025
v 15.192239 18.448030 7.693025
v 15.192239 18.448030 7.693025
v 15.192239 18.448030 7.693025
v 15.192239 18.448030 10.820483
v 15.192239 18.448030 10.820483
v 15.192239 18.448030 10.820483
v 15.192239 18.448030 10.820483
v 15.192239 18.448030 10.820483
v 15.192239 18.448030 10.820483
v 15.192239 14.632564 10.412888
v 15.192239 14.632564 10.412888
v 15.192239 14.632564 10.412888
v 15.192239 14.632564 10.412888
v 15.192239 14.632564 10.412888
v 15.192238 14.632564 8.100622
v 15.192238 14.632564 8.100622
v 15.192238 14.632564 8.100622
v 15.192238 14.632564 8.100622
v 15.192238 14.632564 8.100622
v 15.192238 14.632564 8.100622
v 15.192239 18.040434 8.100622
v 15.192239 18.040434 8.100622
v 15.192239 18.040434 8.100622
v 15.192239 18.040434 8.100622
v 15.192239 18.040434 8.100622
v 15.192239 18.040434 8.100622
v 15.192239 18.040434 10.412888
v 15.192239 18.040434 10.412888
v 15.192239 18.040434 10.412888
v 14.804761 14.632564 10.412888
v 14.804761 14.632564 10.412888
v 14.804761 14.632564 10.412888
v 14.804760 14.632564 8.100621
v 14.804760 14.632564 8.100621
v 14.804760 14.632564 8.100621
v 14.804760 14.632564 8.100621
v 14.804760 18.040434 8.100621
v 14.804760 18.040434 8.100621
v 14.804761 18.040434 10.412888
v 14.804761 18.040434 10.412888
v 14.804761 18.040434 10.412888
v 14.804761 18.040434 10.412888
v 14.804761 18.040434 10.412888
v 14.551525 14.224170 11.254782
v 14.551525 14.224170 11.254782
v 14.551525 13.785927 11.254782
v 14.551525 13.785927 11.254782
v 14.551524 14.224171 7.370357
v 14.551524 14.224171 7.370357
v 14.551524 13.785928 7.370357
v 14.551524 13.785928 7.370357
v 15.686847 13.785927 11.254781
v 15.686847 13.785927 11.254781
v 15.686847 13.785927 11.254781
v 15.686847 13.785928 7.370358
v 15.686847 13.785928 7.370358
v 15.686847 13.785928 7.370358
v 15.686847 13.785928 7.370358
v 15.686847 14.224171 7.370358
v 15.686847 14.224171 7.370358
v 15.686847 14.224171 7.370358
v 15.686847 14.224170 11.254781
v 15.686847 14.224170 11.254781
v 15.686847 14.224170 11.254781
v 15.686847 14.224170 11.254781
v 14.551621 8.452106 10.820483
v 14.551621 8.452106 10.820483
v 14.551621 4.229042 10.820483
v 14.551620 8.452106 7.693025
v 14.551620 8.452106 7.693025
v 15.192239 4.229041 10.820482
v 15.192239 4.229041 10.820482
v 15.192239 4.229041 10.820482
v 15.192239 4.229041 7.693024
v 15.192239 4.229041 7.693024
v 15.192239 4.229041 7.693024
v 15.192239 8.452106 7.693025
v 15.192239 8.452106 7.693025
v 15.192239 8.452106 7.693025
v 15.192239 8.452106 7.693025
v 15.192239 8.452106 7.693025
v 15.192239 8.452106 10.820482
v 15.192239 8.452106 10.820482
v 15.192239 8.452106 10.820482
v 15.192239 8.452106 10.820482
v 15.192239 8.452106 10.820482
v 15.192239 8.452106 10.820482
v 15.192239 4.636638 10.412887
v 15.192239 4.636638 10.412887
v 15.192239 4.636638 10.412887
v 15.192239 4.636638 10.412887
v 15.192239 4.636638 10.412887
v 15.192238 4.636638 8.100621
v 15.192238 4.636638 8.100621
v 15.192238 4.636638 8.100621
v 15.192238 4.636638 8.100621
v 15.192238 4.636638 8.100621
v 15.192238 4.636638 8.100621
v 15.192239 8.044510 8.100621
v 15.192239 8.044510 8.100621
v 15.192239 8.044510 8.100621
v 15.192239 8.044510 8.100621
v 15.192239 8.044510 8.100621
v 15.192239 8.044510 8.100621
v 15.192239 8.044510 10.412887
v 15.192239 8.044510 10.412887
v 15.192239 8.044510 10.412887
v 14.804761 4.636638 10.412887
v 14.804761 4.636638 10.412887
v 14.804761 4.636638 10.412887
v 14.804760 4.636638 8.100620
v 14.804760 4.636638 8.100620
v 14.804760 4.636638 8.100620
v 14.804760 4.636638 8.100620
v 14.804760 8.044510 8.100620
v 14.804760 8.044510 8.100620
v 14.804761 8.044510 10.412887
v 14.804761 8.044510 10.412887
v 14.804761 8.044510 10.412887
v 14.804761 8.044510 10.412887
v 14.804761 8.044510 10.412887
v 14.551525 4.228246 11.254781
v 14.551525 4.228246 11.254781
v 14.551525 3.790003 11.254781
v 14.551525 3.790003 11.254781
v 14.551524 4.228246 7.370357
v 14.551524 3.790003 7.370357
v 14.551524 3.790003 7.370357
v 14.551524 3.790003 7.370357
v 15.686847 3.790003 11.254780
v 15.686847 3.790003 11.254780
v 15.686847 3.790003 11.254780
v 15.686847 3.790003 7.370357
v 15.686847 3.790003 7.370357
v 15.686847 3.790003 7.370357
v 15.686847 4.228246 7.370357
v 15.686847 4.228246 7.370357
v 15.686847 4.228246 7.370357
v 15.686847 4.228246 7.370357
v 15.686847 4.228246 11.254780
v 15.686847 4.228246 11.254780
v 15.686847 4.228246 11.254780
v 15.686847 4.228246 11.254780
v 14.492887 21.562040 4.630181
v 14.492887 21.562040 4.630181
v 14.492887 21.562040 4.630181
v 19.409790 19.325195 4.630180
v 19.409790 19.325195 4.630180
v 14.492885 21.562042 -4.598351
v 14.492885 21.562042 -4.598351
v 19.409790 19.325195 -4.598352
v 19.409790 19.325195 -4.598352
v 19.409790 19.325195 -4.598352
v 19.409790 19.325195 -4.598352
v 14.322585 21.187695 4.630181
v 14.322585 21.187695 4.630181
v 14.322583 21.187698 -4.598351
v 19.239489 18.950850 4.630180
v 19.239489 18.950850 4.630180
v 19.239489 18.950850 4.630180
v 19.239489 18.950850 4.630180
v 19.239489 18.950850 -4.598352
v 19.239489 18.950850 -4.598352
v 19.239489 18.950850 -4.598352
v 19.239489 18.950850 -4.598352
v 14.555456 12.453081 -3.972126
v 14.555461 12.453081 3.909268
v 18.329647 12.453081 3.909267
v 18.329647 12.453081 3.909267
v 18.329645 12.453081 -3.972127
v 18.329647 19.372866 3.909267
v 18.329647 19.372866 3.909267
v 18.329645 19.372866 -3.972126
v 18.329645 19.372866 -3.972126
v 18.329645 19.372866 -3.972126
v 19.352999 11.577653 -4.595753
v 19.352999 11.577653 -4.595753
v 19.352999 11.577653 -4.595753
v 19.352999 11.577653 -4.595753
v 19.352999 11.577653 4.631037
v 19.352999 11.577653 4.631037
v 19.352999 11.577653 4.631037
v 14.508605 11.577653 -4.595751
v 14.508607 11.577653 4.631038
v 14.508607 11.577653 4.631038
v 14.508607 11.577653 4.631038
v 14.508607 12.450970 4.631038
v 14.508607 12.450970 4.631038
v 19.352999 12.450970 4.631037
v 19.352999 12.450970 4.631037
v 19.352999 12.450970 4.631037
v 14.508605 12.450970 -4.595751
v 14.508605 12.450970 -4.595751
v 19.352999 12.450970 -4.595752
v 19.352999 12.450970 -4.595752
v 19.352999 12.450970 -4.595752
v 19.352999 12.450970 -4.595752
v 18.767437 12.457269 4.377174
v 18.767437 12.457269 4.377174
v 18.767437 12.457269 3.447518
v 17.837780 12.457269 3.447518
v 17.837780 12.457269 3.447518
v 17.837780 12.457269 3.447518
v 17.837780 12.457269 4.377174
v 17.837780 12.457269 4.377174
v 18.767437 19.174366 4.377176
v 18.767437 19.174366 4.377176
v 17.837780 19.608585 4.377176
v 17.837780 19.608585 4.377176
v 17.837780 19.608585 3.447519
v 18.767437 19.174366 3.447519
v 18.767437 19.174366 3.447519
v 18.767437 19.174366 3.447519
v 18.767437 12.457269 -3.414834
v 18.767437 12.457269 -4.344491
v 18.767437 12.457269 -4.344491
v 17.837780 12.457269 -3.414834
v 17.837780 12.457269 -3.414834
v 17.837780 12.457269 -4.344491
v 17.837780 12.457269 -4.344491
v 17.837780 12.457269 -4.344491
v 17.837780 19.608583 -4.344490
v 18.767437 19.174366 -4.344490
v 18.767437 19.174366 -4.344490
v 17.837780 19.608583 -3.414833
v 17.837780 19.608583 -3.414833
v 18.767437 19.174364 -3.414833
v 18.767437 19.174364 -3.414833
v 18.767437 19.174364 -3.414833
v 18.304234 13.738562 -1.673276
v 18.304234 17.961626 -1.673276
v 18.304234 17.961626 1.454183
v 18.304234 17.961626 1.454183
v 18.304234 17.961626 1.454183
v 18.944851 13.738562 1.454182
v 18.944851 13.738562 1.454182
v 18.944851 13.738562 1.454182
v 18.944851 13.738562 1.454182
v 18.944851 13.738562 1.454182
v 18.944851 13.738562 -1.673277
v 18.944851 13.738562 -1.673277
v 18.944851 13.738562 -1.673277
v 18.944853 17.961626 1.454182
v 18.944853 17.961626 1.454182
v 18.944853 17.961626 1.454182
v 18.944853 17.961626 1.454182
v 18.944851 17.961626 -1.673276
v 18.944851 17.961626 -1.673276
v 18.944851 17.961626 -1.673276
v 18.944851 17.961626 -1.673276
v 18.944851 17.961626 -1.673276
v 18.944851 14.146157 1.046586
v 18.944851 14.146157 1.046586
v 18.944851 14.146157 1.046586
v 18.944851 14.146157 1.046586
v 18.944851 14.146157 1.046586
v 18.944851 14.146157 -1.265680
v 18.944851 14.146157 -1.265680
v 18.944851 14.146157 -1.265680
v 18.944851 14.146157 -1.265680
v 18.944851 14.146157 -1.265680
v 18.944853 17.554029 1.046586
v 18.944853 17.554029 1.046586
v 18.944853 17.554029 1.046586
v 18.944853 17.554029 1.046586
v 18.944851 17.554029 -1.265680
v 18.944851 17.554029 -1.265680
v 18.944851 17.554029 -1.265680
v 18.944851 17.554029 -1.265680
v 18.944851 17.554029 -1.265680
v 18.944851 17.554029 -1.265680
v 18.557373 14.146157 1.046586
v 18.557373 14.146157 1.046586
v 18.557373 14.146157 1.046586
v 18.557373 14.146157 -1.265680
v 18.557373 14.146157 -1.265680
v 18.557373 14.146157 -1.265680
v 18.557375 17.554029 1.046586
v 18.557375 17.554029 1.046586
v 18.557375 17.554029 1.046586
v 18.557375 17.554029 1.046586
v 18.557373 17.554029 -1.265680
v 18.557373 17.554029 -1.265680
v 18.557373 17.554029 -1.265680
v 18.557373 17.554029 -1.265680
v 18.304138 13.299524 -2.107573
v 18.304138 13.299524 -2.107573
v 18.304138 13.737766 -2.107573
v 18.304138 13.737766 -2.107573
v 18.304138 13.737766 1.776850
v 18.304138 13.737766 1.776850
v 18.304138 13.299522 1.776850
v 18.304138 13.299522 1.776850
v 19.439461 13.299522 1.776850
v 19.439461 13.299522 1.776850
v 19.439461 13.299522 1.776850
v 19.439461 13.299522 1.776850
v 19.439459 13.299522 -2.107574
v 19.439459 13.299522 -2.107574
v 19.439459 13.299522 -2.107574
v 19.439461 13.737766 1.776850
v 19.439461 13.737766 1.776850
v 19.439461 13.737766 1.776850
v 19.439459 13.737766 -2.107574
v 19.439459 13.737766 -2.107574
v 19.439459 13.737766 -2.107574
v 19.439459 13.737766 -2.107574
v -26.663176 4.229042 7.406378
v -26.663176 8.452107 7.406379
v -26.663176 8.452107 7.406379
v -29.790634 8.452107 7.406379
v -29.790634 8.452107 7.406379
v -29.790634 4.229042 8.046996
v -29.790634 4.229042 8.046996
v -29.790634 4.229042 8.046996
v -26.663176 4.229042 8.046996
v -26.663176 4.229042 8.046996
v -26.663176 4.229042 8.046996
v -29.790634 8.452107 8.046996
v -29.790634 8.452107 8.046996
v -29.790634 8.452107 8.046996
v -29.790634 8.452107 8.046996
v -29.790634 8.452107 8.046996
v -26.663176 8.452107 8.046996
v -26.663176 8.452107 8.046996
v -26.663176 8.452107 8.046996
v -26.663176 8.452107 8.046996
v -26.663176 8.452107 8.046996
v -26.663176 8.452107 8.046996
v -29.383036 4.636639 8.046996
v -29.383036 4.636639 8.046996
v -29.383036 4.636639 8.046996
v -29.383036 4.636639 8.046996
v -29.383036 4.636639 8.046996
v -29.383036 4.636639 8.046996
v -27.070772 4.636639 8.046996
v -27.070772 4.636639 8.046996
v -27.070772 4.636639 8.046996
v -27.070772 4.636639 8.046996
v -27.070772 4.636639 8.046996
v -29.383036 8.044511 8.046996
v -29.383036 8.044511 8.046996
v -29.383036 8.044511 8.046996
v -29.383036 8.044511 8.046996
v -29.383036 8.044511 8.046996
v -27.070772 8.044511 8.046996
v -27.070772 8.044511 8.046996
v -27.070772 8.044511 8.046996
v -27.070772 8.044511 8.046996
v -29.383036 4.636639 7.659519
v -29.383036 4.636639 7.659519
v -29.383036 4.636639 7.659519
v -29.383036 4.636639 7.659519
v -27.070772 4.636639 7.659518
v -27.070772 4.636639 7.659518
v -27.070772 4.636639 7.659518
v -29.383036 8.044511 7.659520
v -29.383036 8.044511 7.659520
v -29.383036 8.044511 7.659520
v -27.070772 8.044511 7.659519
v -27.070772 8.044511 7.659519
v -27.070772 8.044511 7.659519
v -27.070772 8.044511 7.659519
v -26.228876 3.790004 7.406282
v -26.228876 3.790004 7.406282
v -26.228876 4.228246 7.406282
v -26.228876 4.228246 7.406282
v -30.113300 4.228246 7.406282
v -30.113300 4.228246 7.406282
v -30.113300 3.790004 7.406282
v -30.113300 3.790004 7.406282
v -30.113300 3.790003 8.541605
v -30.113300 3.790003 8.541605
v -30.113300 3.790003 8.541605
v -30.113300 3.790003 8.541605
v -26.228876 3.790003 8.541603
v -26.228876 3.790003 8.541603
v -26.228876 3.790003 8.541603
v -30.113300 4.228246 8.541605
v -30.113300 4.228246 8.541605
v -30.113300 4.228246 8.541605
v -26.228876 4.228246 8.541603
v -26.228876 4.228246 8.541603
v -26.228876 4.228246 8.541603
v -26.228876 4.228246 8.541603
v -18.240614 4.229042 7.406378
v -18.240614 8.452107 7.406378
v -18.240614 8.452107 7.406378
v -21.368074 8.452107 7.406379
v -21.368074 8.452107 7.406379
v -21.368074 4.229042 8.046997
v -21.368074 4.229042 8.046997
v -21.368074 4.229042 8.046997
v -21.368074 4.229042 8.046997
v -18.240614 4.229042 8.046995
v -18.240614 4.229042 8.046995
v -21.368074 8.452107 8.046997
v -21.368074 8.452107 8.046997
v -21.368074 8.452107 8.046997
v -21.368074 8.452107 8.046997
v -21.368074 8.452107 8.046997
v -21.368074 8.452107 8.046997
v -18.240614 8.452107 8.046995
v -18.240614 8.452107 8.046995
v -18.240614 8.452107 8.046995
v -18.240614 8.452107 8.046995
v -18.240614 8.452107 8.046995
v -20.960478 4.636639 8.046996
v -20.960478 4.636639 8.046996
v -20.960478 4.636639 8.046996
v -20.960478 4.636639 8.046996
v -20.960478 4.636639 8.046996
v -20.960478 4.636639 8.046996
v -18.648211 4.636639 8.046995
v -18.648211 4.636639 8.046995
v -18.648211 4.636639 8.046995
v -18.648211 4.636639 8.046995
v -18.648211 4.636639 8.046995
v -18.648211 4.636639 8.046995
v -20.960478 8.044511 8.046997
v -20.960478 8.044511 8.046997
v -20.960478 8.044511 8.046997
v -18.648211 8.044511 8.046995
v -18.648211 8.044511 8.046995
v -18.648211 8.044511 8.046995
v -18.648211 8.044511 8.046995
v -18.648211 8.044511 8.046995
v -20.960478 4.636639 7.659518
v -20.960478 4.636639 7.659518
v -20.960478 4.636639 7.659518
v -18.648211 4.636639 7.659518
v -18.648211 4.636639 7.659518
v -18.648211 4.636639 7.659518
v -20.960478 8.044511 7.659520
v -20.960478 8.044511 7.659520
v -20.960478 8.044511 7.659520
v -20.960478 8.044511 7.659520
v -18.648211 8.044511 7.659518
v -18.648211 8.044511 7.659518
v -18.648211 8.044511 7.659518
v -18.648211 8.044511 7.659518
v -17.806316 3.790004 7.406281
v -17.806316 3.790004 7.406281
v -17.806316 4.228246 7.406281
v -17.806316 4.228246 7.406281
v -21.690741 4.228246 7.406282
v -21.690741 4.228246 7.406282
v -21.690741 3.790004 7.406282
v -21.690741 3.790004 7.406282
v -21.690741 3.790003 8.541605
v -21.690741 3.790003 8.541605
v -21.690741 3.790003 8.541605
v -21.690741 3.790003 8.541605
v -17.806316 3.790003 8.541604
v -17.806316 3.790003 8.541604
v -17.806316 3.790003 8.541604
v -21.690741 4.228246 8.541605
v -21.690741 4.228246 8.541605
v -21.690741 4.228246 8.541605
v -17.806316 4.228246 8.541604
v -17.806316 4.228246 8.541604
v -17.806316 4.228246 8.541604
v -17.806316 4.228246 8.541604
v 15.172827 11.410432 -18.804703
v 13.959029 11.410432 -18.804703
v 13.959029 11.410432 -18.804703
v 13.959029 11.410432 -18.804703
v 13.959029 11.410432 -17.590906
v 13.959029 11.410432 -17.590906
v 15.172827 11.410432 -17.590906
v 15.172827 11.410432 -17.590906
v 15.172827 21.707151 -18.804703
v 15.172827 21.707151 -18.804703
v 15.172827 21.707151 -18.804703
v 15.172827 21.707151 -17.590906
v 15.172827 21.707151 -17.590906
v 13.959030 22.825159 -17.590904
v 13.959030 22.825159 -17.590904
v 13.959030 22.825159 -18.804701
v -13.959036 11.410432 -18.804699
v -13.959036 11.410432 -18.804699
v -13.959036 11.410432 -18.804699
v -15.172832 11.410432 -18.804699
v -13.959036 11.410432 -17.590902
v -13.959036 11.410432 -17.590902
v -15.172832 11.410432 -17.590902
v -15.172832 11.410432 -17.590902
v -15.172832 21.707151 -17.590902
v -15.172832 21.707151 -17.590902
v -15.172832 21.707151 -18.804699
v -15.172832 21.707151 -18.804699
v -15.172832 21.707151 -18.804699
v -13.959036 22.825157 -17.590900
v -13.959036 22.825157 -17.590900
v -13.959036 22.825157 -18.804697
v 13.959035 11.410430 18.804705
v 13.959035 11.410430 18.804705
v 13.959035 11.410430 18.804705
v 15.172832 11.410430 18.804705
v 13.959035 11.410430 17.590906
v 13.959035 11.410430 17.590906
v 15.172832 11.410430 17.590906
v 15.172832 11.410430 17.590906
v 15.172832 21.707151 17.590906
v 15.172832 21.707151 17.590906
v 15.172832 21.707151 18.804703
v 15.172832 21.707151 18.804703
v 15.172832 21.707151 18.804703
v 13.959036 22.825159 17.590910
v 13.959036 22.825159 17.590910
v 13.959036 22.825159 18.804707
v -15.172826 11.410430 18.804707
v -13.959030 11.410430 18.804707
v -13.959030 11.410430 18.804707
v -13.959030 11.410430 18.804707
v -13.959030 11.410430 17.590912
v -13.959030 11.410430 17.590912
v -15.172826 11.410430 17.590912
v -15.172826 11.410430 17.590912
v -15.172826 21.707151 18.804707
v -15.172826 21.707151 18.804707
v -15.172826 21.707151 18.804707
v -15.172826 21.707151 17.590912
v -15.172826 21.707151 17.590912
v -13.959030 22.825157 17.590914
v -13.959030 22.825157 17.590914
v -13.959030 22.825157 18.804708
v 0.492854 35.056400 -18.201443
v 0.492854 35.056400 -18.201443
v 0.492854 35.056400 -18.201443
v 0.492854 35.056400 -18.201443
v 0.492854 35.056400 -18.201443
v 0.492854 35.056400 -18.201443
v 0.492854 35.056400 -22.792330
v 0.492854 35.056400 -22.792330
v 0.492854 35.056400 -22.792330
v 0.492854 35.056400 -22.792330
v -0.503056 35.056400 -22.792330
v -0.503056 35.056400 -22.792330
v -0.503056 35.056400 -22.792330
v -0.503056 35.056400 -22.792330
v -0.503056 35.056400 -18.201443
v -0.503056 35.056400 -18.201443
v -0.503056 35.056400 -18.201443
v -0.503056 35.056400 -18.201443
v -0.503056 35.056400 -18.201443
v -0.503056 35.056400 -18.201443
v -0.503056 35.056400 -18.201443
v 0.492854 33.847424 -22.791948
v 0.492854 33.847424 -22.791948
v 0.492854 33.847424 -22.791948
v -0.503056 33.847424 -22.791948
v -0.503056 33.847424 -22.791948
v -0.503056 33.847424 -22.791948
v 0.492854 33.677475 -21.714863
v 0.492854 33.677475 -21.714863
v 0.492854 33.677475 -21.714863
v 0.492854 33.677475 -21.714863
v 0.492854 33.677475 -21.714863
v 0.492854 33.677475 -21.714863
v -0.503056 33.677475 -21.714863
v -0.503056 33.677475 -21.714863
v -0.503056 33.677475 -21.714863
v -0.503056 33.677475 -21.714863
v 0.492854 33.204357 -20.800694
v 0.492854 33.204357 -20.800694
v 0.492854 33.204357 -20.800694
v -0.503056 33.204357 -20.800694
v -0.503056 33.204357 -20.800694
v -0.503056 33.204357 -20.800694
v -0.503056 33.204357 -20.800694
v -0.503056 33.204357 -20.800694
v 0.492854 32.483170 -20.079506
v 0.492854 32.483170 -20.079506
v 0.492854 32.483170 -20.079506
v 0.492854 32.483170 -20.079506
v -0.503056 32.483166 -20.079506
v -0.503056 32.483166 -20.079506
v -0.503056 32.483166 -20.079506
v -0.503056 32.483166 -20.079506
v 0.492854 31.569000 -19.606388
v 0.492854 31.569000 -19.606388
v 0.492854 31.569000 -19.606388
v 0.492854 31.569000 -19.606388
v -0.503056 31.569000 -19.606388
v -0.503056 31.569000 -19.606388
v -0.503056 31.569000 -19.606388
v -0.503056 31.569000 -19.606388
v 0.492854 30.516953 -19.436440
v 0.492854 30.516953 -19.436440
v 0.492854 30.516953 -19.436440
v 0.492854 30.516953 -19.436440
v 0.492854 30.516953 -19.436440
v -0.503056 30.516953 -19.436440
v -0.503056 30.516953 -19.436440
v -0.503056 30.516953 -19.436440
v -0.503056 30.516953 -19.436440
v -0.503056 30.516953 -19.436440
v 0.492854 29.747416 -19.436440
v 0.492854 29.747416 -19.436440
v 0.492854 29.747416 -19.436440
v -0.503056 29.747416 -19.436440
v -0.503056 29.747416 -19.436440
v -0.503056 29.747416 -19.436440
v 0.492855 29.747416 -18.200918
v 0.492855 29.747416 -18.200918
v 0.492855 29.747416 -18.200918
v -0.503055 29.747416 -18.200918
v -0.503055 29.747416 -18.200918
v 0.492861 35.056400 22.792334
v 0.492861 35.056400 22.792334
v 0.492861 35.056400 22.792334
v 0.492861 35.056400 22.792334
v 0.492860 35.056400 18.201447
v 0.492860 35.056400 18.201447
v 0.492860 35.056400 18.201447
v 0.492860 35.056400 18.201447
v 0.492860 35.056400 18.201447
v 0.492860 35.056400 18.201447
v -0.503049 35.056400 22.792334
v -0.503049 35.056400 22.792334
v -0.503049 35.056400 22.792334
v -0.503049 35.056400 22.792334
v -0.503050 35.056400 18.201447
v -0.503050 35.056400 18.201447
v -0.503050 35.056400 18.201447
v -0.503050 35.056400 18.201447
v -0.503050 35.056400 18.201447
v -0.503050 35.056400 18.201447
v -0.503050 35.056400 18.201447
v 0.492861 33.847424 22.791952
v 0.492861 33.847424 22.791952
v 0.492861 33.847424 22.791952
v -0.503049 33.847424 22.791952
v -0.503049 33.847424 22.791952
v -0.503049 33.847424 22.791952
v 0.492861 33.677475 21.714867
v 0.492861 33.677475 21.714867
v 0.492861 33.677475 21.714867
v 0.492861 33.677475 21.714867
v 0.492861 33.677475 21.714867
v 0.492861 33.677475 21.714867
v -0.503049 33.677475 21.714867
v -0.503049 33.677475 21.714867
v -0.503049 33.677475 21.714867
v -0.503049 33.677475 21.714867
v 0.492861 33.204357 20.800697
v 0.492861 33.204357 20.800697
v 0.492861 33.204357 20.800697
v -0.503049 33.204357 20.800697
v -0.503049 33.204357 20.800697
v -0.503049 33.204357 20.800697
v -0.503049 33.204357 20.800697
v -0.503049 33.204357 20.800697
v 0.492861 32.483170 20.079510
v 0.492861 32.483170 20.079510
v 0.492861 32.483170 20.079510
v 0.492861 32.483170 20.079510
v -0.503049 32.483166 20.079510
v -0.503049 32.483166 20.079510
v -0.503049 32.483166 20.079510
v -0.503049 32.483166 20.079510
v 0.492861 31.569000 19.606392
v 0.492861 31.569000 19.606392
v 0.492861 31.569000 19.606392
v 0.492861 31.569000 19.606392
v -0.503049 31.569000 19.606392
v -0.503049 31.569000 19.606392
v -0.503049 31.569000 19.606392
v -0.503049 31.569000 19.606392
v 0.492861 30.516953 19.436443
v 0.492861 30.516953 19.436443
v 0.492861 30.516953 19.436443
v 0.492861 30.516953 19.436443
v 0.492861 30.516953 19.436443
v -0.503049 30.516953 19.436443
v -0.503049 30.516953 19.436443
v -0.503049 30.516953 19.436443
v -0.503049 30.516953 19.436443
v -0.503049 30.516953 19.436443
v 0.492861 29.747416 19.436443
v 0.492861 29.747416 19.436443
v 0.492861 29.747416 19.436443
v -0.503049 29.747416 19.436443
v -0.503049 29.747416 19.436443
v -0.503049 29.747416 19.436443
v 0.492861 29.747416 18.200922
v 0.492861 29.747416 18.200922
v 0.492861 29.747416 18.200922
v -0.503049 29.747416 18.200922
v -0.503049 29.747416 18.200922
vt 0.746912 0.591909
vt 0.540703 0.842832
vt 0.540702 0.591911
vt 0.210419 0.842832
vt 0.210419 0.591911
vt 0.004207 0.842831
vt 0.004208 0.591910
vt 0.375561 0.993979
vt 0.434308 0.251275
vt 0.598135 0.240178
vt 0.598135 0.251275
vt 0.434308 0.231925
vt 0.598135 0.231925
vt 0.169762 0.251275
vt 0.434308 0.240178
vt 0.169762 0.240178
vt 0.005936 0.251275
vt 0.005936 0.240178
vt 0.169762 0.231925
vt 0.434308 0.259530
vt 0.598135 0.259530
vt 0.169762 0.259530
vt 0.005936 0.259530
vt 0.434370 0.220997
vt 0.598197 0.209900
vt 0.598197 0.220997
vt 0.169824 0.220997
vt 0.434370 0.209900
vt 0.005998 0.220997
vt 0.169824 0.209900
vt 0.434370 0.229251
vt 0.598197 0.229251
vt 0.169824 0.229251
vt 0.005998 0.229251
vt 0.198258 0.178111
vt 0.007192 0.189113
vt 0.007192 0.178111
vt 0.198258 0.197024
vt 0.007192 0.197024
vt 0.264297 0.178111
vt 0.198258 0.189113
vt 0.264297 0.189113
vt 0.614914 0.165113
vt 0.698743 0.008172
vt 0.698743 0.165113
vt 0.358053 0.008172
vt 0.614914 0.008172
vt 0.980906 0.133373
vt 0.966237 0.312734
vt 0.966237 0.133373
vt 0.995575 0.133373
vt 0.980906 0.322106
vt 0.936900 0.133373
vt 0.951569 0.312733
vt 0.936900 0.322105
vt 0.951569 0.133373
vt 0.344345 0.165955
vt 0.011268 0.012493
vt 0.344345 0.012493
vt 0.006023 0.165955
vt 0.006023 0.012493
vt 0.344345 0.007088
vt 0.549185 0.849049
vt 0.705522 0.920308
vt 0.549185 0.920308
vt 0.349588 0.165955
vt 0.011268 0.165955
vt 0.993291 0.939268
vt 0.818417 0.868249
vt 0.993291 0.868250
vt 0.800351 0.994537
vt 0.993291 0.956266
vt 0.993291 0.994537
vt 0.762630 0.851251
vt 0.800351 0.956265
vt 0.762630 0.956265
vt 0.993291 0.812980
vt 0.800351 0.851251
vt 0.800351 0.812979
vt 0.814656 0.943484
vt 0.993291 0.943485
vt 0.993291 0.851252
vt 0.814657 0.864032
vt 0.818417 0.939267
vt 0.993291 0.864033
vt 0.594761 0.270158
vt 0.008004 0.583179
vt 0.008004 0.270158
vt 0.594761 0.265813
vt 0.003730 0.583179
vt 0.003730 0.270158
vt 0.012561 0.996055
vt 0.223684 0.884493
vt 0.223719 0.996055
vt 0.599036 0.583179
vt 0.594761 0.583179
vt 0.233690 0.874296
vt 0.011484 0.883268
vt 0.002589 0.874296
vt 0.233909 0.996055
vt 0.224796 0.883268
vt 0.002371 0.996055
vt 0.010966 0.996055
vt 0.012596 0.884493
vt 0.225314 0.996055
vt 0.938646 0.806089
vt 0.764070 0.703903
vt 0.938646 0.703903
vt 0.793434 0.578739
vt 0.891622 0.521266
vt 0.891622 0.578739
vt 0.946426 0.703903
vt 0.946427 0.806089
vt 0.764070 0.806089
vt 0.756290 0.703903
vt 0.938646 0.696123
vt 0.901775 0.587757
vt 0.805477 0.672306
vt 0.805477 0.587757
vt 0.947890 0.587757
vt 0.901775 0.672306
vt 0.759362 0.587757
vt 0.759362 0.693237
vt 0.755233 0.268619
vt 0.706928 0.176618
vt 0.755232 0.176618
vt 0.812244 0.176617
vt 0.763940 0.268619
vt 0.763940 0.176618
vt 0.812244 0.167909
vt 0.763940 0.167910
vt 0.763940 0.277327
vt 0.812244 0.268619
vt 0.812244 0.277327
vt 0.979443 0.005845
vt 0.963245 0.122882
vt 0.963245 0.005845
vt 0.995640 0.005845
vt 0.979443 0.130448
vt 0.930849 0.005846
vt 0.947047 0.122882
vt 0.930849 0.130448
vt 0.947047 0.005846
vt 0.807639 0.021180
vt 0.742319 0.119325
vt 0.742319 0.021180
vt 0.841480 0.133709
vt 0.822135 0.006821
vt 0.841480 0.006821
vt 0.727823 0.153059
vt 0.822135 0.133709
vt 0.822135 0.153059
vt 0.708479 0.006821
vt 0.727823 0.133709
vt 0.708479 0.133709
vt 0.738655 0.017530
vt 0.727823 0.006821
vt 0.811304 0.122974
vt 0.811304 0.017530
vt 0.738655 0.122974
vt 0.807639 0.119325
vt 0.651491 0.182945
vt 0.665320 0.305516
vt 0.651491 0.305516
vt 0.615666 0.182945
vt 0.615667 0.305516
vt 0.701144 0.182944
vt 0.665319 0.169116
vt 0.701144 0.169116
vt 0.701144 0.305516
vt 0.665319 0.182944
vt 0.701144 0.319344
vt 0.293892 0.196553
vt 0.581964 0.194279
vt 0.581964 0.196553
vt 0.293892 0.194279
vt 0.581964 0.192004
vt 0.293892 0.192004
vt 0.581964 0.189731
vt 0.293892 0.189731
vt 0.581964 0.187457
vt 0.293892 0.187457
vt 0.581964 0.185184
vt 0.293892 0.185184
vt 0.581964 0.182910
vt 0.293892 0.182910
vt 0.581964 0.180636
vt 0.293892 0.180636
vt 0.581964 0.178362
vt 0.293892 0.178362
vt 0.581964 0.176088
vt 0.293892 0.176088
vt 0.581964 0.173814
vt 0.293892 0.173814
vt 0.581964 0.171539
vt 0.293892 0.171539
vt 0.581964 0.169264
vt 0.279494 0.194978
vt 0.269635 0.189286
vt 0.279494 0.172209
vt 0.587634 0.177097
vt 0.591801 0.172930
vt 0.597493 0.171405
vt 0.607353 0.177097
vt 0.597493 0.194174
vt 0.603186 0.172930
vt 0.772917 0.408971
vt 0.882241 0.328418
vt 0.882241 0.486350
vt 0.608124 0.328418
vt 0.772917 0.328418
vt 0.960883 0.329665
vt 0.937274 0.443775
vt 0.937274 0.329665
vt 0.984514 0.329665
vt 0.960883 0.458943
vt 0.889990 0.329665
vt 0.913642 0.443706
vt 0.889990 0.458739
vt 0.913642 0.329665
vt 0.781333 0.581223
vt 0.614694 0.432261
vt 0.781333 0.432261
vt 0.609604 0.581223
vt 0.609604 0.432261
vt 0.781333 0.427015
vt 0.464495 0.919808
vt 0.541159 0.987604
vt 0.464495 0.987604
vt 0.786423 0.581223
vt 0.614694 0.581223
vt 0.482579 0.196553
vt 0.482579 0.194279
vt 0.482579 0.192004
vt 0.482579 0.189731
vt 0.482579 0.187457
vt 0.482579 0.185184
vt 0.482579 0.182910
vt 0.482579 0.180636
vt 0.482579 0.178362
vt 0.482579 0.176088
vt 0.482579 0.173814
vt 0.482579 0.171539
vt 0.289354 0.189286
vt 0.423524 0.196553
vt 0.423524 0.194279
vt 0.423524 0.192004
vt 0.423524 0.189731
vt 0.423524 0.187457
vt 0.423524 0.185184
vt 0.423524 0.182910
vt 0.423524 0.180636
vt 0.423524 0.178362
vt 0.423524 0.176088
vt 0.423524 0.173814
vt 0.423524 0.171539
vt 0.947890 0.693237
vt 0.995641 0.130448
vt 0.895702 0.144839
vt 0.911960 0.006917
vt 0.895702 0.006917
vt 0.911960 0.144796
vt 0.928238 0.006917
vt 0.863205 0.159900
vt 0.879463 0.006917
vt 0.863205 0.006917
vt 0.879463 0.159857
vt 0.837322 0.268754
vt 0.848932 0.322275
vt 0.837321 0.322275
vt 0.837311 0.254660
vt 0.848931 0.268754
vt 0.837301 0.241905
vt 0.848941 0.254660
vt 0.848951 0.229865
vt 0.848951 0.241905
vt 0.837301 0.217934
vt 0.837301 0.229865
vt 0.837301 0.205894
vt 0.848951 0.217934
vt 0.837301 0.193428
vt 0.848951 0.205894
vt 0.837301 0.184426
vt 0.848951 0.193428
vt 0.837301 0.169974
vt 0.848951 0.184426
vt 0.784401 0.307874
vt 0.775429 0.322277
vt 0.775430 0.307873
vt 0.910824 0.322278
vt 0.901852 0.307874
vt 0.910823 0.307874
vt 0.865007 0.281315
vt 0.870522 0.291972
vt 0.878930 0.300379
vt 0.889587 0.305894
vt 0.815731 0.291972
vt 0.821246 0.281315
vt 0.807323 0.300379
vt 0.796666 0.305894
vt 0.823228 0.268759
vt 0.746915 0.842830
vt 0.005936 0.231925
vt 0.005998 0.209900
vt 0.264297 0.197024
vt 0.358053 0.165113
vt 0.995575 0.322106
vt 0.011268 0.007088
vt 0.705522 0.849049
vt 0.349588 0.012493
vt 0.008004 0.265813
vt 0.599036 0.270158
vt 0.793434 0.521266
vt 0.756290 0.806089
vt 0.764070 0.696124
vt 0.706929 0.268619
vt 0.665320 0.319345
vt 0.293892 0.169264
vt 0.285187 0.173734
vt 0.289354 0.177901
vt 0.290879 0.183594
vt 0.285187 0.193453
vt 0.273802 0.193453
vt 0.268110 0.183594
vt 0.269635 0.177901
vt 0.273802 0.173734
vt 0.587634 0.188482
vt 0.586109 0.182789
vt 0.608878 0.182789
vt 0.607353 0.188482
vt 0.603186 0.192649
vt 0.591801 0.192649
vt 0.608124 0.408971
vt 0.984514 0.459014
vt 0.614694 0.427015
vt 0.541159 0.919808
vt 0.786423 0.432261
vt 0.482579 0.169264
vt 0.423524 0.169264
vt 0.928238 0.159728
vt 0.848951 0.169974
vt 0.863025 0.268759
f 760/1 770/2 759/3
f 758/3 765/4 756/5
f 757/5 767/6 772/7
s 0
f 764/4 769/2 8/8
s 1
f 774/9 790/10 779/11
f 792/10 797/12 829/13
f 799/14 785/15 775/9
f 804/16 796/12 787/15
f 810/17 803/16 800/14
f 818/18 808/19 805/16
f 824/20 780/11 784/21
f 826/22 776/9 823/20
f 812/17 827/22 828/23
f 830/24 844/25 835/26
f 845/27 840/28 831/24
f 851/29 849/30 846/27
f 860/31 837/26 865/32
f 862/33 832/24 859/31
f 853/29 863/33 864/34
f 869/2 761/1 866/3
f 874/4 867/3 871/5
f 7/6 872/5 5/7
s 0
f 873/4 37/8 870/2
s 1
f 793/10 876/9 781/11
f 791/10 884/12 881/15
f 880/15 887/14 877/9
f 41/12 893/16 882/15
f 892/16 813/17 888/14
f 897/19 820/18 894/16
f 899/20 782/11 878/9
f 901/20 889/14 902/22
f 903/22 814/17 48/23
f 22/25 904/24 836/26
f 908/28 910/27 905/24
f 915/30 854/29 911/27
f 917/31 838/26 906/24
f 919/31 912/27 920/33
f 921/33 855/29 31/34
f 922/35 929/36 57/37
f 930/36 932/38 62/39
f 934/40 924/41 923/35
f 937/42 931/38 926/41
f 950/36 943/35 63/37
f 949/36 952/38 946/41
f 945/41 935/40 944/35
f 67/38 939/42 947/41
f 956/43 961/44 962/45
s 0
f 955/43 963/46 958/47
s 1
f 971/48 80/49 966/50
f 968/51 81/52 970/48
f 969/53 977/54 83/55
f 965/50 979/54 964/56
s 0
f 983/57 988/58 980/59
s 1
f 989/58 999/60 998/61
f 991/58 994/62 981/59
s 0
f 995/63 1000/64 1009/65
s 1
f 982/59 1010/66 985/57
f 1015/43 960/44 1014/47
s 0
f 95/46 90/43 91/47
s 1
f 1026/49 1019/48 1021/50
f 1023/52 1027/51 1020/48
f 1029/53 1032/54 1031/56
f 103/54 1022/50 102/56
s 0
f 1039/58 986/57 1035/59
s 1
f 1038/58 1001/60 1007/67
f 1046/62 1041/58 1036/59
s 0
f 1003/64 1047/63 1011/65
s 1
f 1012/66 1037/59 88/57
f 1083/68 1090/69 1082/70
f 1053/71 1055/72 111/73
f 1050/74 1059/75 1052/76
f 1051/77 1063/78 1049/79
s 0
f 1056/72 1069/80 1068/81
f 1061/78 1071/80 1058/75
f 1066/82 1077/83 1062/78
f 1072/80 1085/68 119/81
f 1075/83 1087/84 1070/80
f 1080/85 1091/69 1076/83
s 1
f 1134/69 1126/68 1129/70
f 1103/72 1097/71 127/73
f 1100/75 1095/74 1096/76
f 1107/78 1093/77 1094/79
s 0
f 1102/72 1114/80 1098/75
f 1115/80 1105/78 1099/75
f 1121/83 1110/82 1106/78
f 1128/68 1112/80 1118/81
f 1131/84 1119/83 1113/80
f 1135/69 1124/85 1120/83
f 1141/86 1164/87 1137/88
f 1139/88 1150/89 1143/86
f 1138/88 1157/90 1154/91
f 1206/92 1197/93 1199/94
f 1142/86 1170/95 1145/96
f 1153/97 1177/98 1149/99
f 1161/100 1183/101 1155/97
f 1171/102 1176/98 1190/103
f 1181/101 1194/104 1175/98
f 1184/101 1202/94 1198/93
f 1178/98 1207/92 1192/103
f 1214/88 1147/96 1211/86
f 1224/89 1217/88 1212/86
f 1215/88 1158/90 1166/87
f 1205/92 1230/93 1227/104
f 1172/95 1213/86 155/96
f 1240/98 1220/97 1223/99
f 1233/101 1159/100 1221/97
f 1169/102 1242/98 1225/99
f 1228/104 1234/101 1239/98
f 1235/101 1200/94 1188/105
f 1208/92 1241/98 1191/103
s 1
f 1247/106 1253/107 1245/108
f 1257/109 1264/110 1256/111
f 1249/106 1259/112 1258/113
f 1251/114 1265/115 1252/107
f 1254/107 1261/116 1246/108
f 1270/117 1275/118 1269/119
f 175/120 1272/121 1271/117
f 1267/122 1276/118 176/123
f 1280/124 1286/125 1277/126
f 1291/127 1296/128 1288/129
f 183/130 1289/129 1278/131
f 1281/132 1294/133 1284/134
f 1279/126 1297/128 1282/124
f 1306/135 194/136 1301/137
f 1303/138 195/139 1305/135
f 1304/140 1312/141 197/142
f 1300/137 1314/141 1299/143
f 202/136 1322/135 1316/137
f 203/139 1319/138 1321/135
f 1318/140 1330/141 200/143
f 204/141 1315/137 1317/143
f 1376/144 1384/145 1373/146
f 1335/147 1341/148 207/149
f 1332/150 1346/151 1334/152
f 1333/153 1350/154 1331/155
s 0
f 1339/148 1355/156 1336/157
f 1342/148 1362/158 1359/159
f 1348/154 1364/158 1345/151
f 1337/157 1370/160 1349/154
f 1358/159 1374/146 1353/156
f 1365/158 1378/144 1360/159
f 1368/160 1381/161 1363/158
f 1354/156 1385/145 1369/160
s 1
f 1398/162 1406/163 1395/164
f 1394/165 1396/164 1390/166
f 1392/167 1400/168 1393/169
f 1388/170 1403/171 1391/167
f 1389/172 1407/163 1387/170
f 1419/173 1428/174 1409/175
f 1425/176 1438/177 1427/174
f 1431/178 1445/179 1437/177
f 1442/180 1454/181 1444/179
f 1449/182 1462/183 1453/181
f 1459/184 1471/185 1461/183
f 1465/186 1481/187 1470/185
f 1477/188 1488/189 1480/187
f 1484/190 1496/191 1487/189
f 1493/192 1508/193 1495/191
f 1500/194 1515/195 1507/193
f 1512/196 1410/197 1514/195
f 1473/198 1489/199 1414/200
f 1430/201 1424/202 1420/203
f 1434/201 1502/204 1467/205
f 1511/206 1501/204 1421/203
f 1519/207 1523/208 1567/209
s 0
f 1517/207 1524/210 1520/211
s 1
f 1532/212 262/213 1527/214
f 1529/215 263/216 1531/212
f 1530/217 1538/218 265/219
f 1526/214 1540/218 1525/220
s 0
f 1544/221 1549/222 1541/223
s 1
f 1550/222 1560/224 1559/225
f 1552/222 1555/226 1542/223
s 0
f 1556/227 1563/228 1571/229
s 1
f 1543/223 1572/230 1546/221
f 1577/207 1522/208 1576/211
s 0
f 277/210 272/207 273/211
s 1
f 1588/213 1581/212 1583/214
f 1585/216 1589/215 1582/212
f 1591/217 1594/218 1593/220
f 285/218 1584/214 284/220
s 0
f 1601/222 1547/221 1597/223
s 1
f 1600/222 1561/224 1569/231
f 1608/226 1603/222 1598/223
s 0
f 1564/228 1609/227 1573/229
s 1
f 1574/230 1599/223 270/221
f 1656/144 1664/145 1653/146
f 1615/147 1621/148 293/149
f 1612/150 1624/151 1614/152
f 1613/153 1629/154 1611/155
s 0
f 1618/157 1638/159 1633/156
f 1622/151 1640/159 1620/148
f 1627/154 1646/158 1623/151
f 1630/154 1634/156 1650/160
f 1641/159 1654/146 1635/156
f 1644/158 1658/144 1639/159
f 1649/160 1661/161 1645/158
f 1636/156 1665/145 1651/160
s 1
f 1677/162 1686/163 1675/164
f 1671/166 1679/162 1676/164
f 309/169 1681/171 1678/168
f 1668/170 1683/171 1672/167
f 1669/172 1687/163 1667/170
f 1734/144 1742/145 1731/146
f 1692/147 1698/148 317/149
f 1693/152 1704/154 1701/151
f 1690/153 1706/154 1689/155
s 0
f 1696/148 1713/156 1694/157
f 1700/151 1719/159 1697/148
f 1708/154 1724/158 1702/151
f 1707/154 1712/156 1728/160
f 1717/159 1732/146 1711/156
f 1722/158 1736/144 1718/159
f 1727/160 1739/161 1723/158
f 1714/156 1743/145 1729/160
s 1
f 1756/162 1764/163 1753/164
f 1751/165 1754/164 1748/166
f 1752/169 1759/171 1757/168
f 1746/170 1761/171 1749/167
f 1747/172 1765/163 1745/170
f 1812/144 1820/145 1809/146
f 1771/147 1777/148 341/149
f 1768/150 1781/151 1770/152
f 1769/153 1786/154 1767/155
s 0
f 1775/148 1791/156 1772/157
f 1779/151 1796/159 1776/148
f 1784/154 1801/158 1780/151
f 1773/157 1806/160 1785/154
f 1794/159 1810/146 1789/156
f 1799/158 1814/144 1795/159
f 1804/160 1817/161 1800/158
f 1790/156 1821/145 1805/160
s 1
f 1833/162 1842/163 1831/164
f 1827/166 1836/162 1832/164
f 1829/167 1835/168 1830/169
f 1824/170 1839/171 1828/167
f 1825/172 1843/163 1823/170
f 1850/232 1852/174 1845/175
f 1901/233 1856/177 1853/174
f 1903/234 1860/179 1857/177
f 1905/235 1863/181 1861/179
f 1907/236 1870/183 1864/181
f 1909/237 1874/185 1871/183
f 1911/238 1878/187 1875/185
f 1913/239 1881/189 1879/187
f 1915/240 1890/191 1882/189
f 1917/241 1893/193 1891/191
f 1919/242 1897/195 1894/193
f 1921/243 1846/197 1898/195
f 1865/244 1883/199 1847/200
f 1933/245 1935/174 1923/175
f 1979/246 1938/177 1936/174
f 1981/247 1942/179 1939/177
f 1983/248 1946/181 1943/179
f 1985/249 1951/183 1947/181
f 1987/250 1954/185 1952/183
f 1989/251 1960/187 1955/185
f 1991/252 1963/189 1961/187
f 1993/253 1968/191 1964/189
f 1995/254 1972/193 1969/191
f 1997/255 1976/195 1973/193
f 1999/256 1924/197 1977/195
f 1957/198 1965/199 1928/200
f 2009/107 2001/106 2004/108
f 2020/110 2012/109 2014/111
f 414/106 2016/112 2005/108
f 2021/115 2007/114 2008/107
f 2017/116 2010/107 415/108
f 2031/118 2025/117 2027/119
f 2024/120 2029/121 423/257
f 2032/118 2023/122 422/123
f 2042/125 2033/124 2037/126
f 2052/128 2044/127 2046/129
f 2047/129 429/130 2038/131
f 2050/133 2034/132 2040/134
f 2053/128 2039/126 2035/124
f 440/136 2062/135 2056/137
f 441/139 2059/138 2061/135
f 2058/140 2070/141 438/143
f 442/141 2055/137 2057/143
f 2077/135 448/136 2073/137
f 2078/135 2082/258 449/139
f 447/140 2084/141 2083/142
f 2072/137 2086/141 2071/143
f 2140/145 2129/144 2133/146
f 2094/148 2091/147 453/149
f 2102/151 2089/150 2090/152
f 2107/154 2087/153 2088/155
s 0
f 2115/156 2092/148 2097/157
f 2093/148 2120/158 2100/151
f 2101/151 2125/160 2105/154
f 2126/160 2098/157 2106/154
f 2134/146 2109/159 2113/156
f 2131/144 2118/158 2110/159
f 2137/161 2123/160 2119/158
f 2141/145 2114/156 2124/160
s 1
f 2162/163 2151/162 2155/164
f 2156/164 2150/165 2144/166
f 2153/168 2148/167 2149/169
f 2159/171 2146/170 2147/167
f 2163/163 2143/172 2145/170
f 2210/144 2217/145 2207/146
f 2169/147 2174/148 477/149
f 2166/150 2178/151 2168/152
f 2167/153 2184/154 2165/155
s 0
f 2172/148 2189/156 2170/157
f 2176/151 2195/159 2173/148
f 2179/151 2203/160 2199/158
f 2185/154 2188/156 2204/160
f 2193/159 2208/146 2187/156
f 2198/158 2212/144 2194/159
f 2200/158 2216/145 2215/161
f 2190/156 2218/145 2205/160
s 1
f 2232/162 2240/163 2229/164
f 2227/165 2230/164 2224/166
f 2228/169 2235/171 2233/168
f 2222/170 2237/171 2225/167
f 2223/172 2241/163 2221/170
f 2288/144 2295/145 2285/146
f 2247/147 2252/148 501/149
f 2244/150 2256/151 2246/152
f 2245/153 2262/154 2243/155
s 0
f 2250/148 2267/156 2248/157
f 2254/151 2273/159 2251/148
f 2257/151 2281/160 2277/158
f 2263/154 2266/156 2282/160
f 2271/159 2286/146 2265/156
f 2276/158 2290/144 2272/159
f 2278/158 2294/145 2293/161
f 2268/156 2296/145 2283/160
s 1
f 2310/162 2318/163 2307/164
f 2306/165 2308/164 2302/166
f 2304/167 2312/168 2305/169
f 2300/170 2315/171 2303/167
f 2301/172 2319/163 2299/170
f 2366/144 2373/145 2363/146
f 2325/147 2331/148 525/149
f 2322/150 2334/151 2324/152
f 2323/153 2339/154 2321/155
s 0
f 2328/157 2348/159 2343/156
f 2332/151 2350/159 2330/148
f 2337/154 2356/158 2333/151
f 2340/154 2344/156 2361/160
f 2351/159 2364/146 2345/156
f 2354/158 2368/144 2349/159
f 2357/158 2372/145 2371/161
f 2346/156 2374/145 2362/160
s 1
f 2388/162 2396/163 2385/164
f 2384/165 2386/164 2380/166
f 2382/167 2390/168 2383/169
f 2378/170 2393/171 2381/167
f 2379/172 2397/163 2377/170
f 2444/144 2451/145 2441/146
f 2403/147 2409/148 549/149
f 2400/150 2412/151 2402/152
f 2401/153 2417/154 2399/155
s 0
f 2406/157 2426/159 2421/156
f 2410/151 2428/159 2408/148
f 2415/154 2434/158 2411/151
f 2418/154 2422/156 2439/160
f 2429/159 2442/146 2423/156
f 2432/158 2446/144 2427/159
f 2435/158 2450/145 2449/161
f 2424/156 2452/145 2440/160
s 1
f 2466/162 2474/163 2463/164
f 2461/165 2464/164 2458/166
f 2462/169 2469/171 2467/168
f 2456/170 2471/171 2459/167
f 2457/172 2475/163 2455/170
f 2485/107 2477/106 2480/108
f 2496/110 2488/109 2490/111
f 574/106 2492/112 2481/108
f 2497/115 2483/114 2484/107
f 2493/116 2486/107 575/108
f 2507/118 2501/117 2503/119
f 2500/120 2505/121 583/257
f 2508/118 2499/122 582/123
f 2518/125 2509/124 2513/126
f 2528/128 2520/127 2522/129
f 2523/129 589/130 2514/131
f 2526/133 2510/132 2516/134
f 2529/128 2515/126 2511/124
f 600/136 2538/135 2532/137
f 601/139 2535/138 2537/135
f 2534/140 2546/141 598/143
f 602/141 2531/137 2533/143
f 2553/135 608/136 2549/137
f 2554/135 2558/258 609/139
f 607/140 2560/141 2559/142
f 2548/137 2562/141 2547/143
f 2616/145 2605/144 2608/146
f 2570/148 2566/147 613/149
f 2565/152 2582/154 614/150
f 2583/154 2563/153 2564/155
s 0
f 2592/156 2568/148 2573/157
f 2569/148 2597/158 2576/151
f 2577/151 2601/160 2580/154
f 2602/160 2574/157 2581/154
f 2609/146 2585/159 2590/156
f 2586/159 2612/161 2595/158
f 2613/161 2599/160 2596/158
f 2617/145 2591/156 2600/160
s 1
f 2638/163 2627/162 2631/164
f 2632/164 2626/165 2620/166
f 2629/168 2624/167 2625/169
f 2635/171 2622/170 2623/167
f 2639/163 2619/172 2621/170
f 2694/145 2683/144 2687/146
f 2648/148 2645/147 637/149
f 2654/151 2643/150 2644/152
f 2659/154 2641/153 2642/155
s 0
f 2649/157 2665/159 2646/148
f 2666/159 2652/151 2647/148
f 2676/158 2657/154 2653/151
f 2658/154 2671/156 2650/157
f 2688/146 2663/159 2669/156
f 2685/144 2674/158 2664/159
f 2691/161 2679/160 2675/158
f 2695/145 2670/156 2680/160
s 1
f 2716/163 2705/162 2709/164
f 2710/164 2704/165 2698/166
f 2707/168 2702/167 2703/169
f 2713/171 2700/170 2701/167
f 2717/163 2697/172 2699/170
f 2772/145 2761/144 2764/146
f 2726/148 2723/147 661/149
f 2732/151 2721/150 2722/152
f 2738/154 2719/153 2720/155
s 0
f 2749/156 2724/148 2728/157
f 2743/159 2730/151 2725/148
f 2731/151 2758/160 2736/154
f 2737/154 2750/156 2729/157
f 2765/146 2741/159 2747/156
f 2742/159 2768/161 2753/158
f 2769/161 2756/160 2754/158
f 2773/145 2748/156 2757/160
s 1
f 2794/163 2783/162 2787/164
f 2788/164 2782/165 2776/166
f 2785/168 2780/167 2781/169
f 2791/171 2778/170 2779/167
f 2795/163 2775/172 2777/170
f 2807/259 2804/260 684/261
f 689/262 2802/263 2803/260
f 691/264 2799/265 2801/266
f 2798/265 688/259 2797/261
f 2820/260 2825/259 692/261
f 2818/263 697/262 2819/260
f 2814/265 699/264 2817/266
f 2815/265 2824/259 698/267
f 2836/260 2841/259 700/261
f 2834/263 705/262 2835/260
f 2830/265 707/264 2833/266
f 2831/265 2840/259 706/267
f 2855/259 2852/260 708/261
f 713/262 2850/263 2851/260
f 715/264 2847/265 2849/266
f 2846/265 712/259 2845/261
f 2867/268 2876/269 2861/270
f 2882/271 2871/272 2868/268
f 2888/273 2885/274 2883/271
f 2889/273 2902/275 2894/276
f 2906/277 2901/275 2899/278
f 2914/279 2910/280 2907/277
f 2922/281 2918/282 2915/279
f 2932/283 2927/284 2923/281
f 2938/285 2935/286 2933/283
f 2925/287 725/288 2934/289
f 2942/290 2929/291 2936/292
f 2878/269 2896/293 2904/294
f 2872/272 2897/293 2875/269
f 2879/269 2903/294 2911/295
f 2880/269 2912/295 2919/296
f 2881/269 2920/296 2928/291
f 2898/297 2890/298 2863/270
f 2891/298 2869/268 716/270
f 2908/299 2900/297 2864/270
f 2916/300 2909/299 2865/270
f 2924/287 2917/300 2866/270
f 2958/269 2943/268 2947/270
f 2953/272 2964/271 2944/268
f 2967/274 2970/273 2965/271
f 2972/273 2983/275 2980/278
f 2986/275 2988/277 2981/278
f 2992/280 2996/279 2989/277
f 3000/282 3004/281 2997/279
f 3009/284 3014/283 3005/281
f 3017/286 3020/285 3015/283
f 745/288 3007/287 3016/289
f 3011/291 3024/290 3018/292
f 2960/269 2984/294 2977/293
f 2978/293 2954/272 2957/269
f 2961/269 2993/295 2985/294
f 2962/269 3001/296 2994/295
f 2963/269 3010/291 3002/296
f 2982/297 2949/270 2973/298
f 2974/298 2945/268 2966/301
f 2990/299 2950/270 740/297
f 2998/300 2951/270 2991/299
f 3006/287 2952/270 2999/300
f 762/1 773/302 771/2
f 1/3 3/2 4/4
f 2/5 763/4 766/6
f 778/9 786/15 789/10
f 794/10 788/15 18/12
f 802/14 806/16 11/15
f 807/16 809/19 798/12
f 811/17 817/18 13/16
f 819/18 822/303 20/19
f 16/20 777/9 783/11
f 825/22 801/14 10/9
f 815/17 12/14 19/22
f 834/24 841/28 842/25
f 848/27 850/30 24/28
f 852/29 858/304 26/30
f 29/31 833/24 839/26
f 861/33 847/27 23/24
f 856/29 25/27 30/33
f 868/2 33/302 6/1
f 36/4 34/2 32/3
f 768/6 875/4 35/5
f 795/10 883/15 879/9
f 40/10 42/13 885/12
f 39/15 896/16 43/14
f 886/12 898/19 44/16
f 895/16 821/18 816/17
f 45/19 21/303 15/18
f 900/20 17/21 9/11
f 46/20 38/9 891/14
f 47/22 890/14 14/17
f 843/25 909/28 907/24
f 51/28 916/30 52/27
f 53/30 28/304 857/29
f 918/31 55/32 49/26
f 54/31 50/24 914/27
f 56/33 913/27 27/29
f 59/35 925/41 928/36
f 58/36 927/41 61/38
f 936/40 938/42 60/41
f 940/42 942/305 933/38
f 66/36 65/41 64/35
f 951/36 68/39 953/38
f 948/41 941/42 69/40
f 954/38 71/305 70/42
f 73/43 72/47 959/44
s 0
f 957/43 75/306 74/46
s 1
f 77/48 972/52 974/49
f 79/51 976/307 973/52
f 967/53 78/56 82/54
f 76/50 975/49 978/54
s 0
f 984/57 1006/67 990/58
s 1
f 85/58 105/67 1004/60
f 992/58 997/308 993/62
s 0
f 86/63 87/309 1005/64
s 1
f 84/59 996/310 1013/66
f 1016/43 93/45 92/44
s 0
f 1018/46 94/306 1017/43
s 1
f 1025/49 1024/52 97/48
f 98/52 1030/307 1028/51
f 100/53 101/55 1033/54
f 1034/54 99/49 96/50
s 0
f 1042/58 1008/67 987/57
s 1
f 1040/58 1043/61 1002/60
f 1045/62 1044/308 106/58
s 0
f 107/64 108/309 1048/63
s 1
f 89/66 109/310 104/59
f 1084/68 1086/84 1089/69
f 113/71 1057/75 1054/72
f 112/74 1064/78 1060/75
f 110/77 1067/82 1065/78
s 0
f 115/72 117/75 1073/80
f 116/78 1078/83 1074/80
f 114/82 1081/85 1079/83
f 120/80 1088/84 123/68
f 121/83 1092/69 124/84
f 118/85 122/70 125/69
s 1
f 1133/69 1130/84 1127/68
f 131/72 133/75 129/71
f 1101/75 1109/78 128/74
f 1108/78 1111/82 126/77
s 0
f 1104/72 135/81 1116/80
f 1117/80 1122/83 132/78
f 1123/83 1125/85 130/82
f 139/68 1132/84 136/80
f 140/84 1136/69 137/83
f 141/69 138/70 134/85
f 1144/86 1146/96 1165/87
f 1140/88 1156/311 1152/89
f 143/88 1167/87 1162/90
f 1204/92 1193/104 1196/93
f 142/86 1151/312 1168/95
f 145/97 1185/101 1180/98
f 1160/100 1187/105 1182/101
f 1173/102 144/99 1179/98
f 148/101 151/93 150/104
f 1186/101 149/105 1203/94
f 147/98 1195/104 1209/92
f 1218/88 146/87 1148/96
f 157/89 1219/311 1216/88
f 153/88 1222/91 1163/90
f 1210/92 1201/94 1231/93
f 1174/95 1226/312 154/86
f 164/98 163/101 156/97
f 1237/101 1189/105 158/100
f 162/102 165/103 1243/98
f 159/104 1232/93 1236/101
f 1238/101 160/93 161/94
f 152/92 1229/104 1244/98
s 1
f 1248/106 1250/114 1255/107
f 172/109 1260/313 1263/110
f 168/106 169/108 1262/112
f 166/114 170/314 1266/115
f 167/107 171/315 173/116
f 179/117 1273/121 1274/118
f 1268/120 177/257 181/121
f 174/122 178/119 180/118
f 1283/124 185/316 1285/125
f 1292/127 1293/133 1295/128
f 1287/130 187/127 186/129
f 184/132 188/128 189/133
f 182/126 1290/129 1298/128
f 191/135 1307/139 1309/136
f 193/138 1311/258 1308/139
f 1302/140 192/143 196/141
f 190/137 1310/136 1313/141
f 1323/136 1325/139 199/135
f 1326/139 1327/258 1320/138
f 201/140 205/142 1328/141
f 1329/141 1324/136 198/137
f 1377/144 1380/161 1383/145
f 209/147 1344/151 1340/148
f 208/150 1351/154 1347/151
f 206/153 1338/157 1352/154
s 0
f 211/148 1361/159 1357/156
f 1343/148 213/151 1366/158
f 212/154 1372/160 1367/158
f 210/157 1356/156 1371/160
f 215/159 1379/144 218/146
f 216/158 1382/161 219/144
f 217/160 221/145 220/161
f 214/156 1375/146 1386/145
s 1
f 1399/162 1402/171 1405/163
f 223/165 227/162 226/164
f 225/167 229/171 1401/168
f 224/170 1408/163 1404/171
f 222/172 1397/317 228/163
f 1423/173 1426/176 231/174
f 243/176 1436/178 232/177
f 1432/178 1441/180 233/179
f 1443/180 1448/182 234/181
f 1450/182 1458/184 1463/183
f 1460/184 1464/186 1475/185
f 1466/186 1476/188 1482/187
f 1478/188 1483/190 238/189
f 1485/190 1492/192 239/191
f 1494/192 1499/194 240/193
f 252/194 253/196 241/195
f 1513/196 1422/318 1417/197
f 1411/200 1429/319 1439/320
f 1440/320 1446/321 1412/200
f 1447/321 1455/244 1413/200
f 1456/244 235/322 1472/198
f 236/198 237/323 1491/199
f 1490/199 1497/324 1415/200
f 1498/324 1509/325 1416/200
f 1510/325 1516/326 1418/200
f 1457/244 1474/198 230/200
f 1451/327 245/328 1433/201
f 1435/201 242/203 1505/204
f 1503/204 251/329 1486/330
f 250/330 1479/331 1504/204
f 249/331 248/205 1506/204
f 1468/205 247/332 1452/327
f 246/327 244/201 1469/205
f 255/207 254/211 1521/208
s 0
f 1518/207 257/333 256/210
s 1
f 259/212 1533/216 1535/213
f 261/215 1537/334 1534/216
f 1528/217 260/220 264/218
f 258/214 1536/213 1539/218
s 0
f 1545/221 1568/231 1551/222
s 1
f 267/222 271/231 1565/224
f 1553/222 1558/335 1554/226
s 0
f 268/227 269/336 1566/228
s 1
f 266/223 1557/337 1575/230
f 1578/207 275/209 274/208
s 0
f 1580/210 276/333 1579/207
s 1
f 1587/213 1586/216 279/212
f 280/216 1592/334 1590/215
f 282/217 283/219 1595/218
f 1596/218 281/213 278/214
s 0
f 1604/222 1570/231 1548/221
s 1
f 1602/222 1605/225 1562/224
f 1607/226 1606/335 287/222
s 0
f 288/228 289/336 1610/227
s 1
f 291/230 290/337 286/223
f 1657/144 1660/161 1663/145
f 295/147 1626/151 297/148
f 294/150 1631/154 1625/151
f 292/153 1617/157 1628/154
s 0
f 1616/157 1619/148 1642/159
f 299/151 1647/158 1643/159
f 298/154 1652/160 1648/158
f 1632/154 296/157 1637/156
f 301/159 1659/144 304/146
f 302/158 1662/161 305/144
f 303/160 307/145 306/161
f 300/156 1655/146 1666/145
s 1
f 313/162 1682/171 1685/163
f 1670/166 1674/165 1680/162
f 1673/169 311/167 315/171
f 310/170 1688/163 1684/171
f 308/172 312/317 314/163
f 1735/144 1738/161 1741/145
f 319/147 1703/151 1699/148
f 1691/152 318/150 1709/154
f 316/153 1695/157 1705/154
s 0
f 321/148 1720/159 1716/156
f 323/151 1725/158 1721/159
f 322/154 1730/160 1726/158
f 1710/154 320/157 1715/156
f 325/159 1737/144 328/146
f 326/158 1740/161 329/144
f 327/160 331/145 330/161
f 324/156 1733/146 1744/145
s 1
f 337/162 1760/171 1763/163
f 333/165 1758/162 336/164
f 1750/169 335/167 339/171
f 334/170 1766/163 1762/171
f 332/172 1755/317 338/163
f 1813/144 1816/161 1819/145
f 343/147 1783/151 1778/148
f 342/150 1787/154 1782/151
f 340/153 1774/157 1788/154
s 0
f 345/148 1797/159 1793/156
f 347/151 1802/158 1798/159
f 346/154 1808/160 1803/158
f 344/157 1792/156 1807/160
f 349/159 1815/144 352/146
f 350/158 1818/161 353/144
f 351/160 355/145 354/161
f 348/156 1811/146 1822/145
s 1
f 1834/162 1838/171 1841/163
f 1826/166 357/165 1837/162
f 359/167 363/171 361/168
f 358/170 1844/163 1840/171
f 356/172 360/317 362/163
f 1851/232 1902/233 1855/174
f 377/233 1904/234 366/177
f 378/234 1906/235 367/179
f 379/235 1908/236 368/181
f 380/236 1910/237 369/183
f 381/237 1912/238 370/185
f 382/238 1914/239 371/187
f 383/239 1916/240 372/189
f 384/240 1918/241 373/191
f 385/241 1920/242 374/193
f 386/242 1922/243 375/195
f 387/243 376/338 1848/197
f 1849/200 1854/319 1866/244
f 365/319 1858/320 1867/244
f 1859/320 1862/321 1868/244
f 1869/244 1872/322 1884/199
f 1873/322 1876/198 1885/199
f 1877/198 1880/323 1889/199
f 1886/199 1892/324 1895/325
f 1896/325 1899/326 1887/199
f 1900/326 364/200 1888/199
f 1934/245 1980/246 389/174
f 401/246 1982/247 390/177
f 402/247 1984/248 391/179
f 403/248 1986/249 392/181
f 404/249 1988/250 393/183
f 405/250 1990/251 394/185
f 406/251 1992/252 395/187
f 407/252 1994/253 396/189
f 408/253 1996/254 397/191
f 409/254 1998/255 398/193
f 410/255 2000/256 399/195
f 411/256 400/339 1931/197
f 1925/200 1937/319 1940/320
f 1941/320 1944/321 1926/200
f 1945/321 1948/244 1927/200
f 1949/244 1953/322 1956/198
f 1959/198 1962/323 1967/199
f 1966/199 1970/324 1929/200
f 1971/324 1974/325 1930/200
f 1975/325 1978/326 1932/200
f 1950/244 1958/198 388/200
f 2011/107 2006/114 2002/106
f 2019/110 2015/313 2013/109
f 2003/106 418/113 2018/112
f 2022/115 416/314 412/114
f 419/116 417/315 413/107
f 2030/118 2028/121 2026/117
f 421/120 425/117 427/121
f 426/118 424/119 420/122
f 2041/125 431/316 2036/124
f 2051/128 2049/133 2045/127
f 432/129 433/127 2043/130
f 435/133 2054/128 430/132
f 434/128 2048/129 428/126
f 2063/136 2065/139 437/135
f 2066/139 2067/258 2060/138
f 439/140 443/142 2068/141
f 2069/141 2064/136 436/137
f 445/135 2079/139 2080/136
f 2076/135 2075/138 451/258
f 2074/140 446/143 450/141
f 444/137 2081/136 2085/141
f 2139/145 2136/161 2130/144
f 2096/148 2104/151 455/147
f 2103/151 458/154 454/150
f 2108/154 2099/157 452/153
s 0
f 2116/156 2111/159 2095/148
f 457/148 2112/159 2121/158
f 459/151 2122/158 2128/160
f 2127/160 2117/156 456/157
f 2135/146 2132/144 461/159
f 465/144 2138/161 462/158
f 466/161 467/145 463/160
f 2142/145 464/146 460/156
s 1
f 2161/163 2158/171 2152/162
f 472/164 473/162 469/165
f 2154/168 475/171 471/167
f 2160/171 474/163 470/170
f 2164/163 2157/317 468/172
f 2211/144 2214/161 491/145
f 479/147 2180/151 2175/148
f 478/150 2182/154 2177/151
f 476/153 2171/157 2183/154
s 0
f 481/148 2196/159 2192/156
f 483/151 2201/158 2197/159
f 2181/151 482/154 2206/160
f 2186/154 480/157 2191/156
f 485/159 2213/144 488/146
f 486/158 490/161 489/144
f 2202/158 487/160 2220/145
f 484/156 2209/146 2219/145
s 1
f 497/162 2236/171 2239/163
f 493/165 2234/162 496/164
f 2226/169 495/167 499/171
f 494/170 2242/163 2238/171
f 492/172 2231/317 498/163
f 2289/144 2292/161 515/145
f 503/147 2258/151 2253/148
f 502/150 2260/154 2255/151
f 500/153 2249/157 2261/154
s 0
f 505/148 2274/159 2270/156
f 507/151 2279/158 2275/159
f 2259/151 506/154 2284/160
f 2264/154 504/157 2269/156
f 509/159 2291/144 512/146
f 510/158 514/161 513/144
f 2280/158 511/160 2298/145
f 508/156 2287/146 2297/145
s 1
f 2311/162 2314/171 2317/163
f 517/165 521/162 520/164
f 519/167 523/171 2313/168
f 518/170 2320/163 2316/171
f 516/172 2309/317 522/163
f 2367/144 2370/161 539/145
f 527/147 2336/151 529/148
f 526/150 2341/154 2335/151
f 524/153 2327/157 2338/154
s 0
f 2326/157 2329/148 2352/159
f 531/151 2358/158 2353/159
f 530/154 2360/160 2355/158
f 2342/154 528/157 2347/156
f 533/159 2369/144 536/146
f 534/158 538/161 537/144
f 2359/158 535/160 2376/145
f 532/156 2365/146 2375/145
s 1
f 2389/162 2392/171 2395/163
f 541/165 545/162 544/164
f 543/167 547/171 2391/168
f 542/170 2398/163 2394/171
f 540/172 2387/317 546/163
f 2445/144 2448/161 563/145
f 551/147 2414/151 553/148
f 550/150 2419/154 2413/151
f 548/153 2405/157 2416/154
s 0
f 2404/157 2407/148 2430/159
f 555/151 2436/158 2431/159
f 554/154 2438/160 2433/158
f 2420/154 552/157 2425/156
f 557/159 2447/144 560/146
f 558/158 562/161 561/144
f 2437/158 559/160 2454/145
f 556/156 2443/146 2453/145
s 1
f 569/162 2470/171 2473/163
f 565/165 2468/162 568/164
f 2460/169 567/167 571/171
f 566/170 2476/163 2472/171
f 564/172 2465/317 570/163
f 2487/107 2482/114 2478/106
f 2495/110 2491/313 2489/109
f 2479/106 578/113 2494/112
f 2498/115 576/314 572/114
f 579/116 577/315 573/107
f 2506/118 2504/121 2502/117
f 581/120 585/117 587/121
f 586/118 584/119 580/122
f 2517/125 591/316 2512/124
f 2527/128 2525/133 2521/127
f 592/129 593/127 2519/130
f 595/133 2530/128 590/132
f 594/128 2524/129 588/126
f 2539/136 2541/139 597/135
f 2542/139 2543/258 2536/138
f 599/140 603/142 2544/141
f 2545/141 2540/136 596/137
f 605/135 2555/139 2556/136
f 2552/135 2551/138 611/258
f 2550/140 606/143 610/141
f 604/137 2557/136 2561/141
f 2615/145 2611/161 2606/144
f 2572/148 2578/151 2567/147
f 615/152 2579/151 618/154
f 2584/154 2575/157 612/153
s 0
f 2593/156 2587/159 2571/148
f 617/148 2589/159 2598/158
f 619/151 622/158 2604/160
f 2603/160 2594/156 616/157
f 2610/146 2607/144 2588/159
f 621/159 625/144 2614/161
f 626/161 627/145 623/160
f 2618/145 624/146 620/156
s 1
f 2637/163 2634/171 2628/162
f 632/164 633/162 629/165
f 2630/168 635/171 631/167
f 2636/171 634/163 630/170
f 2640/163 2633/317 628/172
f 2693/145 2690/161 2684/144
f 641/148 2656/151 639/147
f 2655/151 2662/154 638/150
f 2661/154 2651/157 636/153
s 0
f 640/157 2672/156 2667/159
f 2668/159 2677/158 643/151
f 2678/158 2681/160 2660/154
f 642/154 2682/160 2673/156
f 2689/146 2686/144 645/159
f 649/144 2692/161 646/158
f 650/161 651/145 647/160
f 2696/145 648/146 644/156
s 1
f 2715/163 2712/171 2706/162
f 656/164 657/162 653/165
f 2708/168 659/171 655/167
f 2714/171 658/163 654/170
f 2718/163 2711/317 652/172
f 2771/145 2767/161 2762/144
f 2727/148 2735/151 663/147
f 2734/151 2740/154 662/150
f 2739/154 664/157 660/153
s 0
f 2751/156 2745/159 665/148
f 2746/159 2755/158 2733/151
f 667/151 670/158 2759/160
f 666/154 2760/160 2752/156
f 2766/146 2763/144 2744/159
f 669/159 673/144 2770/161
f 674/161 675/145 671/160
f 2774/145 672/146 668/156
s 1
f 2793/163 2790/171 2784/162
f 680/164 681/162 677/165
f 2786/168 683/171 679/167
f 2792/171 682/163 678/170
f 2796/163 2789/317 676/172
f 2805/259 2808/262 685/260
f 2809/262 2810/340 687/263
f 2811/264 2812/267 2800/265
f 686/265 690/267 2806/259
f 693/260 2821/262 2823/259
f 695/263 2826/340 2822/262
f 694/265 2828/267 2827/264
f 2813/265 2816/261 696/259
f 701/260 2837/262 2839/259
f 703/263 2842/340 2838/262
f 702/265 2844/267 2843/264
f 2829/265 2832/261 704/259
f 2853/259 2856/262 709/260
f 2857/262 2858/340 711/263
f 2859/264 2860/267 2848/265
f 710/265 714/267 2854/259
f 2870/268 2874/272 726/269
f 718/271 2886/274 2873/272
f 2893/273 2895/276 2887/274
f 719/273 720/278 2905/275
f 721/277 2913/280 730/275
f 722/279 2921/282 731/280
f 723/281 2931/284 732/282
f 724/283 2937/286 733/284
f 2939/285 2941/341 734/286
f 2926/287 2862/270 2940/288
f 735/290 2877/269 2930/291
f 727/272 728/342 729/293
f 2892/298 2884/301 717/268
f 746/269 2956/272 737/268
f 2955/272 2968/274 738/271
f 2969/274 2976/276 2971/273
f 739/273 749/276 2987/275
f 750/275 2995/280 741/277
f 751/280 3003/282 742/279
f 752/282 3013/284 743/281
f 753/284 3019/286 744/283
f 754/286 3023/341 3021/285
f 3022/288 2948/270 3008/287
f 3012/291 2959/269 755/290
f 2979/293 748/342 747/272
f 2975/298 736/270 2946/268
s